Handle,Title,Body (HTML),Vendor,Product Category,Type,Tags,Published,Option1 Name,Option1 Value,Option1 Linked To,Option2 Name,Option2 Value,Option2 Linked To,Option3 Name,Option3 Value,Option3 Linked To,Variant SKU,Variant Grams,Variant Inventory Tracker,Variant Inventory Qty,Variant Inventory Policy,Variant Fulfillment Service,Variant Price,Variant Compare At Price,Variant Requires Shipping,Variant Taxable,Unit Price Total Measure,Unit Price Total Measure Unit,Unit Price Base Measure,Unit Price Base Measure Unit,Variant Barcodes,Image Src,Image Position,Image Alt Text,Gift Card,SEO Title,SEO Description,Variant Image,Variant Weight Unit,Variant Tax Code,Cost per item,Status
chiba-44766-fitness,CHIBA Neopren Knee Bandage 氯丁橡膠高階護膝,"<div class=""chiba-product-description"">
  <p><strong>CHIBA Neopren Knee Bandage 氯丁橡膠高階護膝</strong>｜德國專業重訓關節防護。高磅數競技彈性織帶，提供關節剛性鎖定與強效能量回饋。</p>
  <ul>
    <li>
<strong>剛性關節加壓鎖定</strong>：緊密包覆抑制關節過度過屈與側向剪切力，重裝推舉深蹲最安心。</li>
    <li>
<strong>無段式調節強度</strong>：長版纏繞結構，可依訓練動作強度隨心所欲調整緊度。</li>
  </ul>
  <p>
    • <strong>系列材質</strong>：STRONGMAN LINE｜Neoprene<br>
    • <strong>洗滌保養</strong>：30°C 溫和手洗，平放陰乾，請勿烘乾。
  </p>
</div>",CHIBA GLOVES GERMANY,體育用品 > 健身及一般運動器材,fitness,"fitness, 目前為私有頁面-上架前請確認",true,顏色,黑色,,尺寸,S,,,,,44766-BLACK10-S,0.0,shopify,2,continue,manual,2950.00,,true,true,,,,,,https://cdn.shopify.com/s/files/1/1015/5950/1113/files/fitness__44766__black-10__b55474ec05bd0e04__44766-10-1.jpg?v=1790331715,1,CHIBA Neopren Knee Bandage 氯丁橡膠高階護膝 黑色,false,CHIBA Neopren Knee Bandage 氯丁橡膠高階護膝｜德國專業重訓護具配件,德國百年品牌 CHIBA 台灣官方直營：CHIBA Neopren Knee Bandage 氯丁橡膠高階護膝。精選強韌彈性纖維交織而成，緊實包覆膝關節，提供超強抗扭轉與防翻折支撐力。台灣零售價現貨供應，德國原裝進口品質保證。,https://cdn.shopify.com/s/files/1/1015/5950/1113/files/fitness__44766__black-10__b55474ec05bd0e04__44766-10-1.jpg?v=1790331715,kg,,,active
chiba-44766-fitness,,,,,,,,,黑色,,,M,,,,,44766-BLACK10-M,0.0,shopify,2,continue,manual,2950.00,,true,true,,,,,,https://cdn.shopify.com/s/files/1/1015/5950/1113/files/fitness__44766__black-10__de3e1ce8809afa38__44766-10-3.jpg?v=1790331715,2,CHIBA Neopren Knee Bandage 氯丁橡膠高階護膝 黑色,,,,https://cdn.shopify.com/s/files/1/1015/5950/1113/files/fitness__44766__black-10__b55474ec05bd0e04__44766-10-1.jpg?v=1790331715,kg,,,
chiba-44766-fitness,,,,,,,,,黑色,,,L,,,,,44766-BLACK10-L,0.0,shopify,2,continue,manual,2950.00,,true,true,,,,,,,,,,,,https://cdn.shopify.com/s/files/1/1015/5950/1113/files/fitness__44766__black-10__b55474ec05bd0e04__44766-10-1.jpg?v=1790331715,kg,,,
chiba-44766-fitness,,,,,,,,,黑色,,,XL,,,,,44766-BLACK10-XL,0.0,shopify,2,continue,manual,2950.00,,true,true,,,,,,,,,,,,https://cdn.shopify.com/s/files/1/1015/5950/1113/files/fitness__44766__black-10__b55474ec05bd0e04__44766-10-1.jpg?v=1790331715,kg,,,
chiba-44766-fitness,,,,,,,,,黑色,,,XXL,,,,,44766-BLACK10-XXL,0.0,shopify,2,continue,manual,2950.00,,true,true,,,,,,,,,,,,https://cdn.shopify.com/s/files/1/1015/5950/1113/files/fitness__44766__black-10__b55474ec05bd0e04__44766-10-1.jpg?v=1790331715,kg,,,
chiba-44766-fitness,,,,,,,,,黑色,,,3XL,,,,,44766-BLACK10-3XL,0.0,shopify,2,continue,manual,2950.00,,true,true,,,,,,,,,,,,https://cdn.shopify.com/s/files/1/1015/5950/1113/files/fitness__44766__black-10__b55474ec05bd0e04__44766-10-1.jpg?v=1790331715,kg,,,
chiba-44756-fitness,CHIBA Ellbow Bandage Neopren 氯丁橡膠高階護肘,"<div class=""chiba-product-description"">
  <p><strong>CHIBA Ellbow Bandage Neopren 氯丁橡膠高階護肘</strong>｜德國專業重訓關節防護。高磅數競技彈性織帶，提供關節剛性鎖定與強效能量回饋。</p>
  <ul>
    <li>
<strong>剛性關節加壓鎖定</strong>：緊密包覆抑制關節過度過屈與側向剪切力，重裝推舉深蹲最安心。</li>
    <li>
<strong>無段式調節強度</strong>：長版纏繞結構，可依訓練動作強度隨心所欲調整緊度。</li>
  </ul>
  <p>
    • <strong>系列材質</strong>：STRONGMAN LINE｜Neoprene<br>
    • <strong>洗滌保養</strong>：30°C 溫和手洗，平放陰乾，請勿烘乾。
  </p>
</div>",CHIBA GLOVES GERMANY,,fitness,"fitness, 目前為私有頁面-上架前請確認",true,顏色,黑色,,尺寸,S,,,,,44756-BLACK10-S,0.0,shopify,2,continue,manual,2500.00,,true,true,,,,,,https://cdn.shopify.com/s/files/1/1015/5950/1113/files/fitness__44756__black-10__8a475cbf85e0b456__44756-10-1.jpg?v=1790331714,1,CHIBA Ellbow Bandage Neopren 氯丁橡膠高階護肘 黑色,false,CHIBA Ellbow Bandage Neopren 氯丁橡膠高階護肘｜德國專業重訓護具配件,德國百年品牌 CHIBA 台灣官方直營：CHIBA Ellbow Bandage Neopren 氯丁橡膠高階護肘。精選強韌彈性纖維交織而成，緊實包覆手腕關節，提供超強抗扭轉與防翻折支撐力。台灣零售價現貨供應，德國原裝進口品質保證。,https://cdn.shopify.com/s/files/1/1015/5950/1113/files/fitness__44756__black-10__8a475cbf85e0b456__44756-10-1.jpg?v=1790331714,kg,,,active
chiba-44756-fitness,,,,,,,,,黑色,,,M,,,,,44756-BLACK10-M,0.0,shopify,2,continue,manual,2500.00,,true,true,,,,,,https://cdn.shopify.com/s/files/1/1015/5950/1113/files/fitness__44756__black-10__45dd071b4f0d7728__44756-10-3.jpg?v=1790331714,2,CHIBA Ellbow Bandage Neopren 氯丁橡膠高階護肘 黑色,,,,https://cdn.shopify.com/s/files/1/1015/5950/1113/files/fitness__44756__black-10__8a475cbf85e0b456__44756-10-1.jpg?v=1790331714,kg,,,
chiba-44756-fitness,,,,,,,,,黑色,,,L,,,,,44756-BLACK10-L,0.0,shopify,2,continue,manual,2500.00,,true,true,,,,,,,,,,,,https://cdn.shopify.com/s/files/1/1015/5950/1113/files/fitness__44756__black-10__8a475cbf85e0b456__44756-10-1.jpg?v=1790331714,kg,,,
chiba-44756-fitness,,,,,,,,,黑色,,,XL,,,,,44756-BLACK10-XL,0.0,shopify,2,continue,manual,2500.00,,true,true,,,,,,,,,,,,https://cdn.shopify.com/s/files/1/1015/5950/1113/files/fitness__44756__black-10__8a475cbf85e0b456__44756-10-1.jpg?v=1790331714,kg,,,
chiba-44756-fitness,,,,,,,,,黑色,,,XXL,,,,,44756-BLACK10-XXL,0.0,shopify,2,continue,manual,2500.00,,true,true,,,,,,,,,,,,https://cdn.shopify.com/s/files/1/1015/5950/1113/files/fitness__44756__black-10__8a475cbf85e0b456__44756-10-1.jpg?v=1790331714,kg,,,
chiba-44756-fitness,,,,,,,,,黑色,,,3XL,,,,,44756-BLACK10-3XL,0.0,shopify,2,continue,manual,2500.00,,true,true,,,,,,,,,,,,https://cdn.shopify.com/s/files/1/1015/5950/1113/files/fitness__44756__black-10__8a475cbf85e0b456__44756-10-1.jpg?v=1790331714,kg,,,
chiba-44612-fitness,CHIBA Strongman Powerstrap 大力士高承重重訓拉力帶,"<div class=""chiba-product-description"">
  <p><strong>CHIBA Strongman Powerstrap 大力士高承重重訓拉力帶</strong>｜德國專業重訓助拉帶。克服小臂握力過早力竭，專注轟炸背肌與目標大肌群。</p>
  <ul>
    <li>
<strong>高密度耐重抗拉織帶</strong>：高摩擦力織紋咬合槓鈴滾花，杜絕打滑鬆脫。</li>
    <li>
<strong>手腕加厚緩衝襯墊</strong>：配置柔軟氯丁橡膠護墊，徹底告別傳統拉力帶勒手痛感。</li>
  </ul>
  <p>
    • <strong>系列材質</strong>：STRONGMAN LINE｜leather; Nylon; Kevlar<br>
    • <strong>洗滌保養</strong>：30°C 溫和手洗，平放陰乾，請勿烘乾。
  </p>
</div>",CHIBA GLOVES GERMANY,,fitness,"fitness, 目前為私有頁面-上架前請確認",true,顏色,黑色,,尺寸,ONE SIZE,,,,,44612-BLACK10-ONE SIZE,0.0,shopify,2,continue,manual,1050.00,,true,true,,,,,,https://cdn.shopify.com/s/files/1/1015/5950/1113/files/fitness__44612__black-10__226215a03b673894__44612-10-1.jpg?v=1790331713,1,CHIBA Strongman Powerstrap 大力士高承重重訓拉力帶 黑色,false,CHIBA Strongman Powerstrap 大力士高承重重訓拉力帶｜德國專業重訓護具配件,德國百年品牌 CHIBA 台灣官方直營：CHIBA Strongman Powerstrap 大力士高承重重訓拉力帶。高磅數精密編織結構，摩擦力強悍，極佳咬合槓鈴滾花，杜絕打滑鬆脫。台灣零售價現貨供應，德國原裝進口品質保證。,https://cdn.shopify.com/s/files/1/1015/5950/1113/files/fitness__44612__black-10__226215a03b673894__44612-10-1.jpg?v=1790331713,kg,,,active
chiba-44612-fitness,,,,,,,,,,,,,,,,,,,,,,,,,,,,,,,,https://cdn.shopify.com/s/files/1/1015/5950/1113/files/fitness__44612__black-10__49b2dbb23d2b255e__44612-10-2.jpg?v=1790331713,2,CHIBA Strongman Powerstrap 大力士高承重重訓拉力帶 黑色,,,,,,,,
chiba-44486-fitness,CHIBA Strongman Kneewrap 大力士專業深蹲纏繞護膝,"<div class=""chiba-product-description"">
  <p><strong>CHIBA Strongman Kneewrap 大力士專業深蹲纏繞護膝</strong>｜德國專業重訓關節防護。高磅數競技彈性織帶，提供關節剛性鎖定與強效能量回饋。</p>
  <ul>
    <li>
<strong>剛性關節加壓鎖定</strong>：緊密包覆抑制關節過度過屈與側向剪切力，重裝推舉深蹲最安心。</li>
    <li>
<strong>無段式調節強度</strong>：長版纏繞結構，可依訓練動作強度隨心所欲調整緊度。</li>
  </ul>
  <p>
    • <strong>系列材質</strong>：STRONGMAN LINE｜Elastic<br>
    • <strong>洗滌保養</strong>：30°C 溫和手洗，平放陰乾，請勿烘乾。
  </p>
</div>",CHIBA GLOVES GERMANY,,fitness,"fitness, 目前為私有頁面-上架前請確認",true,顏色,紅色,,尺寸,ONE SIZE,,,,,44486-RED04-ONE SIZE,0.0,shopify,2,continue,manual,1550.00,,true,true,,,,,,https://cdn.shopify.com/s/files/1/1015/5950/1113/files/fitness__44486__red-04__4134ac0b52ba7183__44486-04-1.jpg?v=1790331711,1,CHIBA Strongman Kneewrap 大力士專業深蹲纏繞護膝 紅色,false,CHIBA Strongman Kneewrap 大力士專業深蹲纏繞護膝｜德國專業重訓護具配件,德國百年品牌 CHIBA 台灣官方直營：CHIBA Strongman Kneewrap 大力士專業深蹲纏繞護膝。精選強韌彈性纖維交織而成，緊實包覆膝關節，提供超強抗扭轉與防翻折支撐力。台灣零售價現貨供應，德國原裝進口品質保證。,https://cdn.shopify.com/s/files/1/1015/5950/1113/files/fitness__44486__red-04__4134ac0b52ba7183__44486-04-1.jpg?v=1790331711,kg,,,active
chiba-44486-fitness,,,,,,,,,,,,,,,,,,,,,,,,,,,,,,,,https://cdn.shopify.com/s/files/1/1015/5950/1113/files/fitness__44486__red-04__3ed3c200c47d43a2__44486-04-2.jpg?v=1790331711,2,CHIBA Strongman Kneewrap 大力士專業深蹲纏繞護膝 紅色,,,,,,,,
chiba-44476-fitness,CHIBA Strongman Wristwrap 大力士專業重訓纏繞護腕,"<div class=""chiba-product-description"">
  <p><strong>CHIBA Strongman Wristwrap 大力士專業重訓纏繞護腕</strong>｜德國專業重訓關節防護。高磅數競技彈性織帶，提供關節剛性鎖定與強效能量回饋。</p>
  <ul>
    <li>
<strong>剛性關節加壓鎖定</strong>：緊密包覆抑制關節過度過屈與側向剪切力，重裝推舉深蹲最安心。</li>
    <li>
<strong>無段式調節強度</strong>：長版纏繞結構，可依訓練動作強度隨心所欲調整緊度。</li>
  </ul>
  <p>
    • <strong>系列材質</strong>：STRONGMAN LINE｜Elastic<br>
    • <strong>洗滌保養</strong>：30°C 溫和手洗，平放陰乾，請勿烘乾。
  </p>
</div>",CHIBA GLOVES GERMANY,,fitness,"fitness, 目前為私有頁面-上架前請確認",true,顏色,紅色,,尺寸,ONE SIZE,,,,,44476-RED04-ONE SIZE,0.0,shopify,2,continue,manual,1000.00,,true,true,,,,,,https://cdn.shopify.com/s/files/1/1015/5950/1113/files/fitness__44476__red-04__594c8d16af2bb79f__44476-strongman-hanfdgelenksbandage.jpg?v=1790331710,1,CHIBA Strongman Wristwrap 大力士專業重訓纏繞護腕 紅色,false,CHIBA Strongman Wristwrap 大力士專業重訓纏繞護腕｜德國專業重訓護具配件,德國百年品牌 CHIBA 台灣官方直營：CHIBA Strongman Wristwrap 大力士專業重訓纏繞護腕。精選強韌彈性纖維交織而成，緊實包覆手腕關節，提供超強抗扭轉與防翻折支撐力。台灣零售價現貨供應，德國原裝進口品質保證。,https://cdn.shopify.com/s/files/1/1015/5950/1113/files/fitness__44476__red-04__594c8d16af2bb79f__44476-strongman-hanfdgelenksbandage.jpg?v=1790331710,kg,,,active
chiba-44102-fitness,CHIBA Strongman Gripper 大力士抓握助力手套,"<div class=""chiba-product-description"">
  <p><strong>CHIBA Strongman Gripper 大力士抓握助力手套</strong>｜德國百年專業重訓手套。人體工學解剖學剪裁，提供堅實抓力與手部關節支撐。</p>
  <ul>
    <li>
<strong>掌心減震防滑</strong>：精密防滑耐磨面料，隔絕器械冰冷鐵鏽與摩擦，提升抓握耐力。</li>
    <li>
<strong>關節人體工學</strong>：人體工學減震耐磨防滑掌面，有效保護手掌防長繭起水泡。</li>
    <li>
<strong>Quick-Pull® 專利秒脫拉環</strong>：指尖拉環設計，訓練後大汗淋漓也能一秒輕鬆脫下。</li>
  </ul>
  <p>
    • <strong>系列材質</strong>：STRONGMAN LINE｜Microfibre; Griptec<br>
    • <strong>洗滌保養</strong>：支援 30°C 溫和手洗，平放陰乾，請勿烘乾。
  </p>
</div>",CHIBA GLOVES GERMANY,,fitness,"fitness, 目前為私有頁面-上架前請確認",true,顏色,黑色,,尺寸,S,,,,,44102-BLACK10-S,0.0,shopify,2,continue,manual,2100.00,,true,true,,,,,,https://cdn.shopify.com/s/files/1/1015/5950/1113/files/fitness__44102__black-10__c7cf781beaab25a2__44102-10-1.jpg?v=1790331708,1,CHIBA Strongman Gripper 大力士抓握助力手套 黑色,false,CHIBA Strongman Gripper 大力士抓握助力手套｜德國百年專業健身重訓手套,德國百年品牌 CHIBA 台灣官方直營：CHIBA Strongman Gripper 大力士抓握助力手套。依照掌骨生理結構精準配置緩衝襯墊，均勻分散大重量局部壓強，長效握持無痛不麻。台灣零售價現貨供應，德國原裝進口品質保證。,https://cdn.shopify.com/s/files/1/1015/5950/1113/files/fitness__44102__black-10__c7cf781beaab25a2__44102-10-1.jpg?v=1790331708,kg,,,active
chiba-44102-fitness,,,,,,,,,黑色,,,M,,,,,44102-BLACK10-M,0.0,shopify,2,continue,manual,2100.00,,true,true,,,,,,https://cdn.shopify.com/s/files/1/1015/5950/1113/files/fitness__44102__black-10__a5832f622249bfb5__44102-10-2.jpg?v=1790331708,2,CHIBA Strongman Gripper 大力士抓握助力手套 黑色,,,,https://cdn.shopify.com/s/files/1/1015/5950/1113/files/fitness__44102__black-10__c7cf781beaab25a2__44102-10-1.jpg?v=1790331708,kg,,,
chiba-44102-fitness,,,,,,,,,黑色,,,L,,,,,44102-BLACK10-L,0.0,shopify,2,continue,manual,2100.00,,true,true,,,,,,,,,,,,https://cdn.shopify.com/s/files/1/1015/5950/1113/files/fitness__44102__black-10__c7cf781beaab25a2__44102-10-1.jpg?v=1790331708,kg,,,
chiba-44102-fitness,,,,,,,,,黑色,,,XL,,,,,44102-BLACK10-XL,0.0,shopify,2,continue,manual,2100.00,,true,true,,,,,,,,,,,,https://cdn.shopify.com/s/files/1/1015/5950/1113/files/fitness__44102__black-10__c7cf781beaab25a2__44102-10-1.jpg?v=1790331708,kg,,,
chiba-44102-fitness,,,,,,,,,黑色,,,XXL,,,,,44102-BLACK10-XXL,0.0,shopify,2,continue,manual,2100.00,,true,true,,,,,,,,,,,,https://cdn.shopify.com/s/files/1/1015/5950/1113/files/fitness__44102__black-10__c7cf781beaab25a2__44102-10-1.jpg?v=1790331708,kg,,,
chiba-42812-fitness,CHIBA Premium Belt Classic 頂級牛皮經典健力腰帶,"<div class=""chiba-product-description"">
  <p><strong>CHIBA Premium Belt Classic 頂級牛皮經典健力腰帶</strong>｜德國專業健力重訓腰帶。頂級純牛皮高韌性皮革精工打造，提供腰椎剛性穩固支撐，瞬間激發飽滿腹內壓。</p>
  <ul>
    <li>
<strong>頂級純牛皮剛性支撐</strong>：厚實皮革剛性強韌不易變形，深蹲硬舉提供強大抗衝擊支撐感。</li>
    <li>
<strong>實心不鏽鋼重型雙排扣</strong>：耐重抗壓不滑脫，高強度發力時堅如磐石、安全可靠。</li>
    <li>
<strong>核心腹壓防護</strong>：提供腰腹 360 度環形支撐，防止腰部代償與骨盆翻轉。</li>
  </ul>
  <p>
    • <strong>系列材質</strong>：BELTS｜leather; Stainless steel<br>
    • <strong>保養方式</strong>：以微濕軟布輕拭表面汗水，通風陰乾，可定期擦拭皮革保養油。
  </p>
</div>",CHIBA GLOVES GERMANY,,fitness,"fitness, 目前為私有頁面-上架前請確認",true,顏色,棕色,,尺寸,S,,,,,42812-BROWN22-S,0.0,shopify,2,continue,manual,3550.00,,true,true,,,,,,https://cdn.shopify.com/s/files/1/1015/5950/1113/files/fitness__42812__brown-22__3d2172eeffd63dad__42812-22-1.jpg?v=1790331707,1,CHIBA Premium Belt Classic 頂級牛皮經典健力腰帶 棕色,false,CHIBA Premium Belt Classic 頂級牛皮經典健力腰帶｜德國專業重訓健力腰帶,德國百年品牌 CHIBA 台灣官方直營：CHIBA Premium Belt Classic 頂級牛皮經典健力腰帶。選用頂級厚質皮革，剛性強韌不易形變，提供腰背最強大紮實的抗衝擊支撐感。台灣零售價現貨供應，德國原裝進口品質保證。,https://cdn.shopify.com/s/files/1/1015/5950/1113/files/fitness__42812__brown-22__3d2172eeffd63dad__42812-22-1.jpg?v=1790331707,kg,,,active
chiba-42812-fitness,,,,,,,,,棕色,,,M,,,,,42812-BROWN22-M,0.0,shopify,2,continue,manual,3550.00,,true,true,,,,,,,,,,,,https://cdn.shopify.com/s/files/1/1015/5950/1113/files/fitness__42812__brown-22__3d2172eeffd63dad__42812-22-1.jpg?v=1790331707,kg,,,
chiba-42812-fitness,,,,,,,,,棕色,,,L,,,,,42812-BROWN22-L,0.0,shopify,2,continue,manual,3550.00,,true,true,,,,,,,,,,,,https://cdn.shopify.com/s/files/1/1015/5950/1113/files/fitness__42812__brown-22__3d2172eeffd63dad__42812-22-1.jpg?v=1790331707,kg,,,
chiba-42812-fitness,,,,,,,,,棕色,,,XL,,,,,42812-BROWN22-XL,0.0,shopify,2,continue,manual,3550.00,,true,true,,,,,,,,,,,,https://cdn.shopify.com/s/files/1/1015/5950/1113/files/fitness__42812__brown-22__3d2172eeffd63dad__42812-22-1.jpg?v=1790331707,kg,,,
chiba-42812-fitness,,,,,,,,,棕色,,,XXL,,,,,42812-BROWN22-XXL,0.0,shopify,2,continue,manual,3550.00,,true,true,,,,,,,,,,,,https://cdn.shopify.com/s/files/1/1015/5950/1113/files/fitness__42812__brown-22__3d2172eeffd63dad__42812-22-1.jpg?v=1790331707,kg,,,
chiba-42176-fitness,CHIBA Classic 經典皮質健身手套,"<div class=""chiba-product-description"">
  <p><strong>CHIBA Classic 經典皮質健身手套</strong>｜德國百年專業重訓手套。人體工學解剖學剪裁，提供堅實抓力與手部關節支撐。</p>
  <ul>
    <li>
<strong>掌心減震防滑</strong>：精密防滑耐磨面料，隔絕器械冰冷鐵鏽與摩擦，提升抓握耐力。</li>
    <li>
<strong>關節人體工學</strong>：人體工學減震耐磨防滑掌面，有效保護手掌防長繭起水泡。</li>
    <li>
<strong>Quick-Pull® 專利秒脫拉環</strong>：指尖拉環設計，訓練後大汗淋漓也能一秒輕鬆脫下。</li>
  </ul>
  <p>
    • <strong>系列材質</strong>：PREMIUM LINE｜coated microfibre; Poron Gel<br>
    • <strong>洗滌保養</strong>：支援 30°C 溫和手洗，平放陰乾，請勿烘乾。
  </p>
</div>",CHIBA GLOVES GERMANY,,fitness,"fitness, 目前為私有頁面-上架前請確認",true,顏色,黑色,,尺寸,XS,,,,,42176-BLACK10-XS,0.0,shopify,2,continue,manual,1500.00,,true,true,,,,,,https://cdn.shopify.com/s/files/1/1015/5950/1113/files/fitness__42176__black-10__ba5e4d5df876e9ca__42176-10-1.jpg?v=1790331705,1,CHIBA Classic 經典皮質健身手套 黑色,false,CHIBA Classic 經典皮質健身手套｜德國百年專業健身重訓手套,德國百年品牌 CHIBA 台灣官方直營：CHIBA Classic 經典皮質健身手套。依照掌骨生理結構精準配置緩衝襯墊，均勻分散大重量局部壓強，長效握持無痛不麻。台灣零售價現貨供應，德國原裝進口品質保證。,https://cdn.shopify.com/s/files/1/1015/5950/1113/files/fitness__42176__black-10__ba5e4d5df876e9ca__42176-10-1.jpg?v=1790331705,kg,,,active
chiba-42176-fitness,,,,,,,,,黑色,,,S,,,,,42176-BLACK10-S,0.0,shopify,2,continue,manual,1500.00,,true,true,,,,,,https://cdn.shopify.com/s/files/1/1015/5950/1113/files/fitness__42176__black-10__abfabd47792522d5__42176-10-2.jpg?v=1790331705,2,CHIBA Classic 經典皮質健身手套 黑色,,,,https://cdn.shopify.com/s/files/1/1015/5950/1113/files/fitness__42176__black-10__ba5e4d5df876e9ca__42176-10-1.jpg?v=1790331705,kg,,,
chiba-42176-fitness,,,,,,,,,黑色,,,M,,,,,42176-BLACK10-M,0.0,shopify,2,continue,manual,1500.00,,true,true,,,,,,,,,,,,https://cdn.shopify.com/s/files/1/1015/5950/1113/files/fitness__42176__black-10__ba5e4d5df876e9ca__42176-10-1.jpg?v=1790331705,kg,,,
chiba-42176-fitness,,,,,,,,,黑色,,,L,,,,,42176-BLACK10-L,0.0,shopify,2,continue,manual,1500.00,,true,true,,,,,,,,,,,,https://cdn.shopify.com/s/files/1/1015/5950/1113/files/fitness__42176__black-10__ba5e4d5df876e9ca__42176-10-1.jpg?v=1790331705,kg,,,
chiba-42176-fitness,,,,,,,,,黑色,,,XL,,,,,42176-BLACK10-XL,0.0,shopify,2,continue,manual,1500.00,,true,true,,,,,,,,,,,,https://cdn.shopify.com/s/files/1/1015/5950/1113/files/fitness__42176__black-10__ba5e4d5df876e9ca__42176-10-1.jpg?v=1790331705,kg,,,
chiba-42176-fitness,,,,,,,,,黑色,,,XXL,,,,,42176-BLACK10-XXL,0.0,shopify,2,continue,manual,1500.00,,true,true,,,,,,,,,,,,https://cdn.shopify.com/s/files/1/1015/5950/1113/files/fitness__42176__black-10__ba5e4d5df876e9ca__42176-10-1.jpg?v=1790331705,kg,,,
chiba-42166-fitness,CHIBA Gel Extrem 極限凝膠重訓手套,"<div class=""chiba-product-description"">
  <p><strong>CHIBA Gel Extrem 極限凝膠重訓手套</strong>｜德國百年專業重訓手套。人體工學解剖學剪裁，提供堅實抓力與手部關節支撐。</p>
  <ul>
    <li>
<strong>掌心減震防滑</strong>：精密防滑耐磨面料，隔絕器械冰冷鐵鏽與摩擦，提升抓握耐力。</li>
    <li>
<strong>關節人體工學</strong>：人體工學減震耐磨防滑掌面，有效保護手掌防長繭起水泡。</li>
    <li>
<strong>Quick-Pull® 專利秒脫拉環</strong>：指尖拉環設計，訓練後大汗淋漓也能一秒輕鬆脫下。</li>
  </ul>
  <p>
    • <strong>系列材質</strong>：PREMIUM LINE｜Microfibre; Digital Carbon Fibre; Poron Gel<br>
    • <strong>洗滌保養</strong>：支援 30°C 溫和手洗，平放陰乾，請勿烘乾。
  </p>
</div>",CHIBA GLOVES GERMANY,,fitness,"fitness, 目前為私有頁面-上架前請確認",true,顏色,黑色,,尺寸,XS,,,,,42166-BLACK10-XS,0.0,shopify,2,continue,manual,1600.00,,true,true,,,,,,https://cdn.shopify.com/s/files/1/1015/5950/1113/files/fitness__42166__black-10__b3939ef73609b864__42166-10-1.jpg?v=1790331704,1,CHIBA Gel Extrem 極限凝膠重訓手套 黑色,false,CHIBA Gel Extrem 極限凝膠重訓手套｜德國百年專業健身重訓手套,德國百年品牌 CHIBA 台灣官方直營：CHIBA Gel Extrem 極限凝膠重訓手套。依照掌骨生理結構精準配置緩衝襯墊，均勻分散大重量局部壓強，長效握持無痛不麻。台灣零售價現貨供應，德國原裝進口品質保證。,https://cdn.shopify.com/s/files/1/1015/5950/1113/files/fitness__42166__black-10__b3939ef73609b864__42166-10-1.jpg?v=1790331704,kg,,,active
chiba-42166-fitness,,,,,,,,,黑色,,,S,,,,,42166-BLACK10-S,0.0,shopify,2,continue,manual,1600.00,,true,true,,,,,,https://cdn.shopify.com/s/files/1/1015/5950/1113/files/fitness__42166__black-10__e2a3c824b0d3b040__42166-10-2.jpg?v=1790331704,2,CHIBA Gel Extrem 極限凝膠重訓手套 黑色,,,,https://cdn.shopify.com/s/files/1/1015/5950/1113/files/fitness__42166__black-10__b3939ef73609b864__42166-10-1.jpg?v=1790331704,kg,,,
chiba-42166-fitness,,,,,,,,,黑色,,,M,,,,,42166-BLACK10-M,0.0,shopify,2,continue,manual,1600.00,,true,true,,,,,,,,,,,,https://cdn.shopify.com/s/files/1/1015/5950/1113/files/fitness__42166__black-10__b3939ef73609b864__42166-10-1.jpg?v=1790331704,kg,,,
chiba-42166-fitness,,,,,,,,,黑色,,,L,,,,,42166-BLACK10-L,0.0,shopify,2,continue,manual,1600.00,,true,true,,,,,,,,,,,,https://cdn.shopify.com/s/files/1/1015/5950/1113/files/fitness__42166__black-10__b3939ef73609b864__42166-10-1.jpg?v=1790331704,kg,,,
chiba-42166-fitness,,,,,,,,,黑色,,,XL,,,,,42166-BLACK10-XL,0.0,shopify,2,continue,manual,1600.00,,true,true,,,,,,,,,,,,https://cdn.shopify.com/s/files/1/1015/5950/1113/files/fitness__42166__black-10__b3939ef73609b864__42166-10-1.jpg?v=1790331704,kg,,,
chiba-42166-fitness,,,,,,,,,黑色,,,XXL,,,,,42166-BLACK10-XXL,0.0,shopify,2,continue,manual,1600.00,,true,true,,,,,,,,,,,,https://cdn.shopify.com/s/files/1/1015/5950/1113/files/fitness__42166__black-10__b3939ef73609b864__42166-10-1.jpg?v=1790331704,kg,,,
chiba-42155-fitness,CHIBA Gel Super Comfort 凝膠超舒適健身手套,"<div class=""chiba-product-description"">
  <p><strong>CHIBA Gel Super Comfort 凝膠超舒適健身手套</strong>｜德國百年專業重訓手套。人體工學解剖學剪裁，提供堅實抓力與手部關節支撐。</p>
  <ul>
    <li>
<strong>掌心減震防滑</strong>：精密防滑耐磨面料，隔絕器械冰冷鐵鏽與摩擦，提升抓握耐力。</li>
    <li>
<strong>關節人體工學</strong>：人體工學減震耐磨防滑掌面，有效保護手掌防長繭起水泡。</li>
    <li>
<strong>Quick-Pull® 專利秒脫拉環</strong>：指尖拉環設計，訓練後大汗淋漓也能一秒輕鬆脫下。</li>
  </ul>
  <p>
    • <strong>系列材質</strong>：PREMIUM LINE｜Italian elastane; synthetic leather; gel<br>
    • <strong>洗滌保養</strong>：支援 30°C 溫和手洗，平放陰乾，請勿烘乾。
  </p>
</div>",CHIBA GLOVES GERMANY,,fitness,"fitness, 目前為私有頁面-上架前請確認",true,顏色,黑色,,尺寸,XS,,,,,42155-BLACK10-XS,0.0,shopify,2,continue,manual,2000.00,,true,true,,,,,,https://cdn.shopify.com/s/files/1/1015/5950/1113/files/fitness__42155__black-10__c63c338fa5dbb7aa__42155-10-1.jpg?v=1790331703,1,CHIBA Gel Super Comfort 凝膠超舒適健身手套 黑色,false,CHIBA Gel Super Comfort 凝膠超舒適健身手套｜德國百年專業健身重訓手套,德國百年品牌 CHIBA 台灣官方直營：CHIBA Gel Super Comfort 凝膠超舒適健身手套。依照掌骨生理結構精準配置緩衝襯墊，均勻分散大重量局部壓強，長效握持無痛不麻。台灣零售價現貨供應，德國原裝進口品質保證。,https://cdn.shopify.com/s/files/1/1015/5950/1113/files/fitness__42155__black-10__c63c338fa5dbb7aa__42155-10-1.jpg?v=1790331703,kg,,,active
chiba-42155-fitness,,,,,,,,,黑色,,,S,,,,,42155-BLACK10-S,0.0,shopify,2,continue,manual,2000.00,,true,true,,,,,,https://cdn.shopify.com/s/files/1/1015/5950/1113/files/fitness__42155__black-10__4754cff398f2a548__42155-10-2.jpg?v=1790331703,2,CHIBA Gel Super Comfort 凝膠超舒適健身手套 黑色,,,,https://cdn.shopify.com/s/files/1/1015/5950/1113/files/fitness__42155__black-10__c63c338fa5dbb7aa__42155-10-1.jpg?v=1790331703,kg,,,
chiba-42155-fitness,,,,,,,,,黑色,,,M,,,,,42155-BLACK10-M,0.0,shopify,2,continue,manual,2000.00,,true,true,,,,,,https://cdn.shopify.com/s/files/1/1015/5950/1113/files/fitness__42155__dark-grey-19__76605693239fa84c__42155-19-1.jpg?v=1790331702,3,CHIBA Gel Super Comfort 凝膠超舒適健身手套 深灰色,,,,https://cdn.shopify.com/s/files/1/1015/5950/1113/files/fitness__42155__black-10__c63c338fa5dbb7aa__42155-10-1.jpg?v=1790331703,kg,,,
chiba-42155-fitness,,,,,,,,,黑色,,,L,,,,,42155-BLACK10-L,0.0,shopify,2,continue,manual,2000.00,,true,true,,,,,,https://cdn.shopify.com/s/files/1/1015/5950/1113/files/fitness__42155__dark-grey-19__8bfb7ae3c7cf47d5__42155-19-2.jpg?v=1790331703,4,CHIBA Gel Super Comfort 凝膠超舒適健身手套 深灰色,,,,https://cdn.shopify.com/s/files/1/1015/5950/1113/files/fitness__42155__black-10__c63c338fa5dbb7aa__42155-10-1.jpg?v=1790331703,kg,,,
chiba-42155-fitness,,,,,,,,,黑色,,,XL,,,,,42155-BLACK10-XL,0.0,shopify,2,continue,manual,2000.00,,true,true,,,,,,https://cdn.shopify.com/s/files/1/1015/5950/1113/files/fitness__42155__olive-20-1__276b3f5ea6042258__42155-20-1-1.jpg?v=1790331702,5,CHIBA Gel Super Comfort 凝膠超舒適健身手套 橄欖綠,,,,https://cdn.shopify.com/s/files/1/1015/5950/1113/files/fitness__42155__black-10__c63c338fa5dbb7aa__42155-10-1.jpg?v=1790331703,kg,,,
chiba-42155-fitness,,,,,,,,,黑色,,,XXL,,,,,42155-BLACK10-XXL,0.0,shopify,2,continue,manual,2000.00,,true,true,,,,,,https://cdn.shopify.com/s/files/1/1015/5950/1113/files/fitness__42155__olive-20-1__3788c0e1b8746061__42155-20-1-2.jpg?v=1790331703,6,CHIBA Gel Super Comfort 凝膠超舒適健身手套 橄欖綠,,,,https://cdn.shopify.com/s/files/1/1015/5950/1113/files/fitness__42155__black-10__c63c338fa5dbb7aa__42155-10-1.jpg?v=1790331703,kg,,,
chiba-42155-fitness,,,,,,,,,深灰色,,,XS,,,,,42155-DARK-XS,0.0,shopify,2,continue,manual,2000.00,,true,true,,,,,,https://cdn.shopify.com/s/files/1/1015/5950/1113/files/fitness__42155__white-01__5995d4a48daf54ce__42155-01-1.jpg?v=1790331703,7,CHIBA Gel Super Comfort 凝膠超舒適健身手套 白色,,,,https://cdn.shopify.com/s/files/1/1015/5950/1113/files/fitness__42155__dark-grey-19__76605693239fa84c__42155-19-1.jpg?v=1790331702,kg,,,
chiba-42155-fitness,,,,,,,,,深灰色,,,S,,,,,42155-DARK-S,0.0,shopify,2,continue,manual,2000.00,,true,true,,,,,,https://cdn.shopify.com/s/files/1/1015/5950/1113/files/fitness__42155__white-01__ed9ccbee54b09144__42155-01-2.jpg?v=1790331703,8,CHIBA Gel Super Comfort 凝膠超舒適健身手套 白色,,,,https://cdn.shopify.com/s/files/1/1015/5950/1113/files/fitness__42155__dark-grey-19__76605693239fa84c__42155-19-1.jpg?v=1790331702,kg,,,
chiba-42155-fitness,,,,,,,,,深灰色,,,M,,,,,42155-DARK-M,0.0,shopify,2,continue,manual,2000.00,,true,true,,,,,,,,,,,,https://cdn.shopify.com/s/files/1/1015/5950/1113/files/fitness__42155__dark-grey-19__76605693239fa84c__42155-19-1.jpg?v=1790331702,kg,,,
chiba-42155-fitness,,,,,,,,,深灰色,,,L,,,,,42155-DARK-L,0.0,shopify,2,continue,manual,2000.00,,true,true,,,,,,,,,,,,https://cdn.shopify.com/s/files/1/1015/5950/1113/files/fitness__42155__dark-grey-19__76605693239fa84c__42155-19-1.jpg?v=1790331702,kg,,,
chiba-42155-fitness,,,,,,,,,深灰色,,,XL,,,,,42155-DARK-XL,0.0,shopify,2,continue,manual,2000.00,,true,true,,,,,,,,,,,,https://cdn.shopify.com/s/files/1/1015/5950/1113/files/fitness__42155__dark-grey-19__76605693239fa84c__42155-19-1.jpg?v=1790331702,kg,,,
chiba-42155-fitness,,,,,,,,,深灰色,,,XXL,,,,,42155-DARK-XXL,0.0,shopify,2,continue,manual,2000.00,,true,true,,,,,,,,,,,,https://cdn.shopify.com/s/files/1/1015/5950/1113/files/fitness__42155__dark-grey-19__76605693239fa84c__42155-19-1.jpg?v=1790331702,kg,,,
chiba-42155-fitness,,,,,,,,,橄欖綠,,,XS,,,,,42155-OLIVE-XS,0.0,shopify,2,continue,manual,2000.00,,true,true,,,,,,,,,,,,https://cdn.shopify.com/s/files/1/1015/5950/1113/files/fitness__42155__olive-20-1__276b3f5ea6042258__42155-20-1-1.jpg?v=1790331702,kg,,,
chiba-42155-fitness,,,,,,,,,橄欖綠,,,S,,,,,42155-OLIVE-S,0.0,shopify,2,continue,manual,2000.00,,true,true,,,,,,,,,,,,https://cdn.shopify.com/s/files/1/1015/5950/1113/files/fitness__42155__olive-20-1__276b3f5ea6042258__42155-20-1-1.jpg?v=1790331702,kg,,,
chiba-42155-fitness,,,,,,,,,橄欖綠,,,M,,,,,42155-OLIVE-M,0.0,shopify,2,continue,manual,2000.00,,true,true,,,,,,,,,,,,https://cdn.shopify.com/s/files/1/1015/5950/1113/files/fitness__42155__olive-20-1__276b3f5ea6042258__42155-20-1-1.jpg?v=1790331702,kg,,,
chiba-42155-fitness,,,,,,,,,橄欖綠,,,L,,,,,42155-OLIVE-L,0.0,shopify,2,continue,manual,2000.00,,true,true,,,,,,,,,,,,https://cdn.shopify.com/s/files/1/1015/5950/1113/files/fitness__42155__olive-20-1__276b3f5ea6042258__42155-20-1-1.jpg?v=1790331702,kg,,,
chiba-42155-fitness,,,,,,,,,橄欖綠,,,XL,,,,,42155-OLIVE-XL,0.0,shopify,2,continue,manual,2000.00,,true,true,,,,,,,,,,,,https://cdn.shopify.com/s/files/1/1015/5950/1113/files/fitness__42155__olive-20-1__276b3f5ea6042258__42155-20-1-1.jpg?v=1790331702,kg,,,
chiba-42155-fitness,,,,,,,,,橄欖綠,,,XXL,,,,,42155-OLIVE-XXL,0.0,shopify,2,continue,manual,2000.00,,true,true,,,,,,,,,,,,https://cdn.shopify.com/s/files/1/1015/5950/1113/files/fitness__42155__olive-20-1__276b3f5ea6042258__42155-20-1-1.jpg?v=1790331702,kg,,,
chiba-42155-fitness,,,,,,,,,白色,,,XS,,,,,42155-WHITE01-XS,0.0,shopify,2,continue,manual,2000.00,,true,true,,,,,,,,,,,,https://cdn.shopify.com/s/files/1/1015/5950/1113/files/fitness__42155__white-01__5995d4a48daf54ce__42155-01-1.jpg?v=1790331703,kg,,,
chiba-42155-fitness,,,,,,,,,白色,,,S,,,,,42155-WHITE01-S,0.0,shopify,2,continue,manual,2000.00,,true,true,,,,,,,,,,,,https://cdn.shopify.com/s/files/1/1015/5950/1113/files/fitness__42155__white-01__5995d4a48daf54ce__42155-01-1.jpg?v=1790331703,kg,,,
chiba-42155-fitness,,,,,,,,,白色,,,M,,,,,42155-WHITE01-M,0.0,shopify,2,continue,manual,2000.00,,true,true,,,,,,,,,,,,https://cdn.shopify.com/s/files/1/1015/5950/1113/files/fitness__42155__white-01__5995d4a48daf54ce__42155-01-1.jpg?v=1790331703,kg,,,
chiba-42155-fitness,,,,,,,,,白色,,,L,,,,,42155-WHITE01-L,0.0,shopify,2,continue,manual,2000.00,,true,true,,,,,,,,,,,,https://cdn.shopify.com/s/files/1/1015/5950/1113/files/fitness__42155__white-01__5995d4a48daf54ce__42155-01-1.jpg?v=1790331703,kg,,,
chiba-42155-fitness,,,,,,,,,白色,,,XL,,,,,42155-WHITE01-XL,0.0,shopify,2,continue,manual,2000.00,,true,true,,,,,,,,,,,,https://cdn.shopify.com/s/files/1/1015/5950/1113/files/fitness__42155__white-01__5995d4a48daf54ce__42155-01-1.jpg?v=1790331703,kg,,,
chiba-42155-fitness,,,,,,,,,白色,,,XXL,,,,,42155-WHITE01-XXL,0.0,shopify,2,continue,manual,2000.00,,true,true,,,,,,,,,,,,https://cdn.shopify.com/s/files/1/1015/5950/1113/files/fitness__42155__white-01__5995d4a48daf54ce__42155-01-1.jpg?v=1790331703,kg,,,
chiba-42145-fitness,CHIBA Iron Premium III 頂級鐵人重訓手套 III,"<div class=""chiba-product-description"">
  <p><strong>CHIBA Iron Premium III 頂級鐵人重訓手套 III</strong>｜德國百年專業重訓手套。人體工學解剖學剪裁，提供堅實抓力與手部關節支撐。</p>
  <ul>
    <li>
<strong>掌心減震防滑</strong>：精密防滑耐磨面料，隔絕器械冰冷鐵鏽與摩擦，提升抓握耐力。</li>
    <li>
<strong>關節人體工學</strong>：人體工學減震耐磨防滑掌面，有效保護手掌防長繭起水泡。</li>
    <li>
<strong>Quick-Pull® 專利秒脫拉環</strong>：指尖拉環設計，訓練後大汗淋漓也能一秒輕鬆脫下。</li>
  </ul>
  <p>
    • <strong>系列材質</strong>：PREMIUM LINE｜Digital Carbon Fibre; Poron Gel<br>
    • <strong>洗滌保養</strong>：支援 30°C 溫和手洗，平放陰乾，請勿烘乾。
  </p>
</div>",CHIBA GLOVES GERMANY,,fitness,"fitness, 目前為私有頁面-上架前請確認",true,顏色,黑色,,尺寸,XS,,,,,42145-BLACK10-XS,0.0,shopify,2,continue,manual,1850.00,,true,true,,,,,,https://cdn.shopify.com/s/files/1/1015/5950/1113/files/fitness__42145__black-10__9e1c92809cfb16aa__42145-10-1.jpg?v=1790331701,1,CHIBA Iron Premium III 頂級鐵人重訓手套 III 黑色,false,CHIBA Iron Premium III 頂級鐵人重訓手套 III｜德國百年專業健身重訓手套,德國百年品牌 CHIBA 台灣官方直營：CHIBA Iron Premium III 頂級鐵人重訓手套 III。依照掌骨生理結構精準配置緩衝襯墊，均勻分散大重量局部壓強，長效握持無痛不麻。台灣零售價現貨供應，德國原裝進口品質保證。,https://cdn.shopify.com/s/files/1/1015/5950/1113/files/fitness__42145__black-10__9e1c92809cfb16aa__42145-10-1.jpg?v=1790331701,kg,,,active
chiba-42145-fitness,,,,,,,,,黑色,,,S,,,,,42145-BLACK10-S,0.0,shopify,2,continue,manual,1850.00,,true,true,,,,,,https://cdn.shopify.com/s/files/1/1015/5950/1113/files/fitness__42145__black-10__34a70c9436686457__42145-10-2.jpg?v=1790331701,2,CHIBA Iron Premium III 頂級鐵人重訓手套 III 黑色,,,,https://cdn.shopify.com/s/files/1/1015/5950/1113/files/fitness__42145__black-10__9e1c92809cfb16aa__42145-10-1.jpg?v=1790331701,kg,,,
chiba-42145-fitness,,,,,,,,,黑色,,,M,,,,,42145-BLACK10-M,0.0,shopify,2,continue,manual,1850.00,,true,true,,,,,,,,,,,,https://cdn.shopify.com/s/files/1/1015/5950/1113/files/fitness__42145__black-10__9e1c92809cfb16aa__42145-10-1.jpg?v=1790331701,kg,,,
chiba-42145-fitness,,,,,,,,,黑色,,,L,,,,,42145-BLACK10-L,0.0,shopify,2,continue,manual,1850.00,,true,true,,,,,,,,,,,,https://cdn.shopify.com/s/files/1/1015/5950/1113/files/fitness__42145__black-10__9e1c92809cfb16aa__42145-10-1.jpg?v=1790331701,kg,,,
chiba-42145-fitness,,,,,,,,,黑色,,,XL,,,,,42145-BLACK10-XL,0.0,shopify,2,continue,manual,1850.00,,true,true,,,,,,,,,,,,https://cdn.shopify.com/s/files/1/1015/5950/1113/files/fitness__42145__black-10__9e1c92809cfb16aa__42145-10-1.jpg?v=1790331701,kg,,,
chiba-42145-fitness,,,,,,,,,黑色,,,XXL,,,,,42145-BLACK10-XXL,0.0,shopify,2,continue,manual,1850.00,,true,true,,,,,,,,,,,,https://cdn.shopify.com/s/files/1/1015/5950/1113/files/fitness__42145__black-10__9e1c92809cfb16aa__42145-10-1.jpg?v=1790331701,kg,,,
chiba-42126-fitness,CHIBA Premium Wristguard 頂級護腕防護健身手套,"<div class=""chiba-product-description"">
  <p><strong>CHIBA Premium Wristguard 頂級護腕防護健身手套</strong>｜德國百年專業重訓手套。人體工學解剖學剪裁，提供堅實抓力與手部關節支撐。</p>
  <ul>
    <li>
<strong>掌心減震防滑</strong>：精密防滑耐磨面料，隔絕器械冰冷鐵鏽與摩擦，提升抓握耐力。</li>
    <li>
<strong>關節人體工學</strong>：整合加寬人體工學加壓護腕帶，穩固鎖定腕關節，臥推推舉不扭傷。</li>
    <li>
<strong>Quick-Pull® 專利秒脫拉環</strong>：指尖拉環設計，訓練後大汗淋漓也能一秒輕鬆脫下。</li>
  </ul>
  <p>
    • <strong>系列材質</strong>：PREMIUM LINE｜Microfibre; Griptec<br>
    • <strong>洗滌保養</strong>：支援 30°C 溫和手洗，平放陰乾，請勿烘乾。
  </p>
</div>",CHIBA GLOVES GERMANY,,fitness,"fitness, 目前為私有頁面-上架前請確認",true,顏色,黑色,,尺寸,XS,,,,,42126-BLACK10-XS,0.0,shopify,2,continue,manual,1750.00,,true,true,,,,,,https://cdn.shopify.com/s/files/1/1015/5950/1113/files/fitness__42126__black-10__67c8a590861fa95a__42126-10-1.jpg?v=1790331700,1,CHIBA Premium Wristguard 頂級護腕防護健身手套 黑色,false,CHIBA Premium Wristguard 頂級護腕防護健身手套｜德國百年專業健身重訓手套,德國百年品牌 CHIBA 台灣官方直營：CHIBA Premium Wristguard 頂級護腕防護健身手套。手腕處配置加寬高強度加壓腕帶，有效鎖定腕關節避免推舉時手腕過度背折翻腕受傷。台灣零售價現貨供應，德國原裝進口品質保證。,https://cdn.shopify.com/s/files/1/1015/5950/1113/files/fitness__42126__black-10__67c8a590861fa95a__42126-10-1.jpg?v=1790331700,kg,,,active
chiba-42126-fitness,,,,,,,,,黑色,,,S,,,,,42126-BLACK10-S,0.0,shopify,2,continue,manual,1750.00,,true,true,,,,,,https://cdn.shopify.com/s/files/1/1015/5950/1113/files/fitness__42126__black-10__8ae875b1ae5a8597__42126-10-2.jpg?v=1790331699,2,CHIBA Premium Wristguard 頂級護腕防護健身手套 黑色,,,,https://cdn.shopify.com/s/files/1/1015/5950/1113/files/fitness__42126__black-10__67c8a590861fa95a__42126-10-1.jpg?v=1790331700,kg,,,
chiba-42126-fitness,,,,,,,,,黑色,,,M,,,,,42126-BLACK10-M,0.0,shopify,2,continue,manual,1750.00,,true,true,,,,,,,,,,,,https://cdn.shopify.com/s/files/1/1015/5950/1113/files/fitness__42126__black-10__67c8a590861fa95a__42126-10-1.jpg?v=1790331700,kg,,,
chiba-42126-fitness,,,,,,,,,黑色,,,L,,,,,42126-BLACK10-L,0.0,shopify,2,continue,manual,1750.00,,true,true,,,,,,,,,,,,https://cdn.shopify.com/s/files/1/1015/5950/1113/files/fitness__42126__black-10__67c8a590861fa95a__42126-10-1.jpg?v=1790331700,kg,,,
chiba-42126-fitness,,,,,,,,,黑色,,,XL,,,,,42126-BLACK10-XL,0.0,shopify,2,continue,manual,1750.00,,true,true,,,,,,,,,,,,https://cdn.shopify.com/s/files/1/1015/5950/1113/files/fitness__42126__black-10__67c8a590861fa95a__42126-10-1.jpg?v=1790331700,kg,,,
chiba-42126-fitness,,,,,,,,,黑色,,,XXL,,,,,42126-BLACK10-XXL,0.0,shopify,2,continue,manual,1750.00,,true,true,,,,,,,,,,,,https://cdn.shopify.com/s/files/1/1015/5950/1113/files/fitness__42126__black-10__67c8a590861fa95a__42126-10-1.jpg?v=1790331700,kg,,,
chiba-40971-fitness,CHIBA Lady Air II 女款透氣輕量健身手套 II,"<div class=""chiba-product-description"">
  <p><strong>CHIBA Lady Air II 女款透氣輕量健身手套 II</strong>｜德國百年專業重訓手套。人體工學解剖學剪裁，提供堅實抓力與手部關節支撐。</p>
  <ul>
    <li>
<strong>掌心減震防滑</strong>：精密防滑耐磨面料，隔絕器械冰冷鐵鏽與摩擦，提升抓握耐力。</li>
    <li>
<strong>關節人體工學</strong>：人體工學減震耐磨防滑掌面，有效保護手掌防長繭起水泡。</li>
    <li>
<strong>Quick-Pull® 專利秒脫拉環</strong>：指尖拉環設計，訓練後大汗淋漓也能一秒輕鬆脫下。</li>
  </ul>
  <p>
    • <strong>系列材質</strong>：LADY LINE｜air mesh; microfibre; Griptec<br>
    • <strong>洗滌保養</strong>：支援 30°C 溫和手洗，平放陰乾，請勿烘乾。
  </p>
</div>",CHIBA GLOVES GERMANY,,fitness,"fitness, 目前為私有頁面-上架前請確認",true,顏色,極致黑,,尺寸,XS,,,,,40971-BLACKBLACK1010-XS,0.0,shopify,2,continue,manual,1150.00,,true,true,,,,,,https://cdn.shopify.com/s/files/1/1015/5950/1113/files/fitness__40971__black-black-1010__7eed2d1f5bfd04f9__40971-1010-1.jpg?v=1790331698,1,CHIBA Lady Air II 女款透氣輕量健身手套 II 極致黑,false,CHIBA Lady Air II 女款透氣輕量健身手套 II｜德國百年專業健身重訓手套,德國百年品牌 CHIBA 台灣官方直營：CHIBA Lady Air II 女款透氣輕量健身手套 II。依照掌骨生理結構精準配置緩衝襯墊，均勻分散大重量局部壓強，長效握持無痛不麻。台灣零售價現貨供應，德國原裝進口品質保證。,https://cdn.shopify.com/s/files/1/1015/5950/1113/files/fitness__40971__black-black-1010__7eed2d1f5bfd04f9__40971-1010-1.jpg?v=1790331698,kg,,,active
chiba-40971-fitness,,,,,,,,,極致黑,,,S,,,,,40971-BLACKBLACK1010-S,0.0,shopify,2,continue,manual,1150.00,,true,true,,,,,,https://cdn.shopify.com/s/files/1/1015/5950/1113/files/fitness__40971__black-black-1010__f7888ca350d09da4__40971-1010-2.jpg?v=1790331698,2,CHIBA Lady Air II 女款透氣輕量健身手套 II 極致黑,,,,https://cdn.shopify.com/s/files/1/1015/5950/1113/files/fitness__40971__black-black-1010__7eed2d1f5bfd04f9__40971-1010-1.jpg?v=1790331698,kg,,,
chiba-40971-fitness,,,,,,,,,極致黑,,,M,,,,,40971-BLACKBLACK1010-M,0.0,shopify,2,continue,manual,1150.00,,true,true,,,,,,https://cdn.shopify.com/s/files/1/1015/5950/1113/files/fitness__40971__black-pink-1023-1__1acca59e4414bd01__40971-1023-1-1.jpg?v=1790331698,3,CHIBA Lady Air II 女款透氣輕量健身手套 II 黑配粉紅,,,,https://cdn.shopify.com/s/files/1/1015/5950/1113/files/fitness__40971__black-black-1010__7eed2d1f5bfd04f9__40971-1010-1.jpg?v=1790331698,kg,,,
chiba-40971-fitness,,,,,,,,,極致黑,,,L,,,,,40971-BLACKBLACK1010-L,0.0,shopify,2,continue,manual,1150.00,,true,true,,,,,,https://cdn.shopify.com/s/files/1/1015/5950/1113/files/fitness__40971__black-pink-1023-1__1a3331e60b3a0ace__40971-1023-1-2.jpg?v=1790331698,4,CHIBA Lady Air II 女款透氣輕量健身手套 II 黑配粉紅,,,,https://cdn.shopify.com/s/files/1/1015/5950/1113/files/fitness__40971__black-black-1010__7eed2d1f5bfd04f9__40971-1010-1.jpg?v=1790331698,kg,,,
chiba-40971-fitness,,,,,,,,,黑配粉紅,,,XS,,,,,40971-BLACKPINK1023-1-XS,0.0,shopify,2,continue,manual,1150.00,,true,true,,,,,,https://cdn.shopify.com/s/files/1/1015/5950/1113/files/fitness__40971__white-black-0110__706f8132f50eafd2__40971-0110-1.jpg?v=1790331698,5,CHIBA Lady Air II 女款透氣輕量健身手套 II 白配黑色,,,,https://cdn.shopify.com/s/files/1/1015/5950/1113/files/fitness__40971__black-pink-1023-1__1acca59e4414bd01__40971-1023-1-1.jpg?v=1790331698,kg,,,
chiba-40971-fitness,,,,,,,,,黑配粉紅,,,S,,,,,40971-BLACKPINK1023-1-S,0.0,shopify,2,continue,manual,1150.00,,true,true,,,,,,https://cdn.shopify.com/s/files/1/1015/5950/1113/files/fitness__40971__white-black-0110__e17d5ede7ae59211__40971-0110-2.jpg?v=1790331698,6,CHIBA Lady Air II 女款透氣輕量健身手套 II 白配黑色,,,,https://cdn.shopify.com/s/files/1/1015/5950/1113/files/fitness__40971__black-pink-1023-1__1acca59e4414bd01__40971-1023-1-1.jpg?v=1790331698,kg,,,
chiba-40971-fitness,,,,,,,,,黑配粉紅,,,M,,,,,40971-BLACKPINK1023-1-M,0.0,shopify,2,continue,manual,1150.00,,true,true,,,,,,,,,,,,https://cdn.shopify.com/s/files/1/1015/5950/1113/files/fitness__40971__black-pink-1023-1__1acca59e4414bd01__40971-1023-1-1.jpg?v=1790331698,kg,,,
chiba-40971-fitness,,,,,,,,,黑配粉紅,,,L,,,,,40971-BLACKPINK1023-1-L,0.0,shopify,2,continue,manual,1150.00,,true,true,,,,,,,,,,,,https://cdn.shopify.com/s/files/1/1015/5950/1113/files/fitness__40971__black-pink-1023-1__1acca59e4414bd01__40971-1023-1-1.jpg?v=1790331698,kg,,,
chiba-40971-fitness,,,,,,,,,白配黑色,,,XS,,,,,40971-WHITEBLACK0110-XS,0.0,shopify,2,continue,manual,1150.00,,true,true,,,,,,,,,,,,https://cdn.shopify.com/s/files/1/1015/5950/1113/files/fitness__40971__white-black-0110__706f8132f50eafd2__40971-0110-1.jpg?v=1790331698,kg,,,
chiba-40971-fitness,,,,,,,,,白配黑色,,,S,,,,,40971-WHITEBLACK0110-S,0.0,shopify,2,continue,manual,1150.00,,true,true,,,,,,,,,,,,https://cdn.shopify.com/s/files/1/1015/5950/1113/files/fitness__40971__white-black-0110__706f8132f50eafd2__40971-0110-1.jpg?v=1790331698,kg,,,
chiba-40971-fitness,,,,,,,,,白配黑色,,,M,,,,,40971-WHITEBLACK0110-M,0.0,shopify,2,continue,manual,1150.00,,true,true,,,,,,,,,,,,https://cdn.shopify.com/s/files/1/1015/5950/1113/files/fitness__40971__white-black-0110__706f8132f50eafd2__40971-0110-1.jpg?v=1790331698,kg,,,
chiba-40971-fitness,,,,,,,,,白配黑色,,,L,,,,,40971-WHITEBLACK0110-L,0.0,shopify,2,continue,manual,1150.00,,true,true,,,,,,,,,,,,https://cdn.shopify.com/s/files/1/1015/5950/1113/files/fitness__40971__white-black-0110__706f8132f50eafd2__40971-0110-1.jpg?v=1790331698,kg,,,
chiba-40958-fitness,CHIBA Powerhook 專業重訓硬舉鐵鉤助力器,"<div class=""chiba-product-description"">
  <p><strong>CHIBA Powerhook 專業重訓硬舉鐵鉤助力器</strong>｜德國人體工學防滑握力墊。極速穿戴、透氣清爽，告別厚重手套與手掌硬繭。</p>
  <ul>
    <li>
<strong>立體防滑抓握面</strong>：高抓力防滑材質緊密貼合啞鈴槓鈴，抓握精準不滑動。</li>
    <li>
<strong>通風無束縛感</strong>：開放式手背設計，徹底杜絕手套悶熱積汗發臭。</li>
  </ul>
  <p>
    • <strong>系列材質</strong>：ACCESSOIRES｜Stainless steel; rubber
  </p>
</div>",CHIBA GLOVES GERMANY,,fitness,"fitness, 目前為私有頁面-上架前請確認",true,顏色,黑色,,尺寸,ONE SIZE,,,,,40958-BLACK10-ONE SIZE,0.0,shopify,2,continue,manual,850.00,,true,true,,,,,,https://cdn.shopify.com/s/files/1/1015/5950/1113/files/fitness__40958__black-10__2d5f6d2395d72fe1__40958-10-1.jpg?v=1790331696,1,CHIBA Powerhook 專業重訓硬舉鐵鉤助力器 黑色,false,CHIBA Powerhook 專業重訓硬舉鐵鉤助力器｜德國百年專業健身重訓手套,德國百年品牌 CHIBA 台灣官方直營：CHIBA Powerhook 專業重訓硬舉鐵鉤助力器。關鍵抓握接觸面配置高抓力防滑材質，緊密貼合啞鈴槓鈴，抓握精準不滑動。台灣零售價現貨供應，德國原裝進口品質保證。,https://cdn.shopify.com/s/files/1/1015/5950/1113/files/fitness__40958__black-10__2d5f6d2395d72fe1__40958-10-1.jpg?v=1790331696,kg,,,active
chiba-40958-fitness,,,,,,,,,,,,,,,,,,,,,,,,,,,,,,,,https://cdn.shopify.com/s/files/1/1015/5950/1113/files/fitness__40958__black-10__d3f3b083e98e7fab__40958-10-2.jpg?v=1790331696,2,CHIBA Powerhook 專業重訓硬舉鐵鉤助力器 黑色,,,,,,,,
chiba-40955-fitness,CHIBA Lady Ibiza 女款伊比薩時尚健身手套,"<div class=""chiba-product-description"">
  <p><strong>CHIBA Lady Ibiza 女款伊比薩時尚健身手套</strong>｜德國百年專業重訓手套。人體工學解剖學剪裁，提供堅實抓力與手部關節支撐。</p>
  <ul>
    <li>
<strong>掌心減震防滑</strong>：精密防滑耐磨面料，隔絕器械冰冷鐵鏽與摩擦，提升抓握耐力。</li>
    <li>
<strong>關節人體工學</strong>：人體工學減震耐磨防滑掌面，有效保護手掌防長繭起水泡。</li>
    <li>
<strong>Quick-Pull® 專利秒脫拉環</strong>：指尖拉環設計，訓練後大汗淋漓也能一秒輕鬆脫下。</li>
  </ul>
  <p>
    • <strong>系列材質</strong>：LADY LINE｜Italian elastane; synthetic leather; silicone<br>
    • <strong>洗滌保養</strong>：支援 30°C 溫和手洗，平放陰乾，請勿烘乾。
  </p>
</div>",CHIBA GLOVES GERMANY,,fitness,"fitness, 目前為私有頁面-上架前請確認",true,顏色,黑配白色,,尺寸,XS,,,,,40955-BLACKWHITE1001-XS,0.0,shopify,2,continue,manual,1350.00,,true,true,,,,,,https://cdn.shopify.com/s/files/1/1015/5950/1113/files/fitness__40955__black-white-1001__a6648bfd41ec7e12__40955-1001-1.jpg?v=1790331695,1,CHIBA Lady Ibiza 女款伊比薩時尚健身手套 黑配白色,false,CHIBA Lady Ibiza 女款伊比薩時尚健身手套｜德國百年專業健身重訓手套,德國百年品牌 CHIBA 台灣官方直營：CHIBA Lady Ibiza 女款伊比薩時尚健身手套。依照掌骨生理結構精準配置緩衝襯墊，均勻分散大重量局部壓強，長效握持無痛不麻。台灣零售價現貨供應，德國原裝進口品質保證。,https://cdn.shopify.com/s/files/1/1015/5950/1113/files/fitness__40955__black-white-1001__a6648bfd41ec7e12__40955-1001-1.jpg?v=1790331695,kg,,,active
chiba-40955-fitness,,,,,,,,,黑配白色,,,S,,,,,40955-BLACKWHITE1001-S,0.0,shopify,2,continue,manual,1350.00,,true,true,,,,,,https://cdn.shopify.com/s/files/1/1015/5950/1113/files/fitness__40955__black-white-1001__6ea221625ec4f6d6__40955-1001-2.jpg?v=1790331695,2,CHIBA Lady Ibiza 女款伊比薩時尚健身手套 黑配白色,,,,https://cdn.shopify.com/s/files/1/1015/5950/1113/files/fitness__40955__black-white-1001__a6648bfd41ec7e12__40955-1001-1.jpg?v=1790331695,kg,,,
chiba-40955-fitness,,,,,,,,,黑配白色,,,M,,,,,40955-BLACKWHITE1001-M,0.0,shopify,2,continue,manual,1350.00,,true,true,,,,,,https://cdn.shopify.com/s/files/1/1015/5950/1113/files/fitness__40955__navy-pink-0723__144df925f3506015__40955-0723-1.jpg?v=1790331695,3,CHIBA Lady Ibiza 女款伊比薩時尚健身手套 海軍藍配粉紅,,,,https://cdn.shopify.com/s/files/1/1015/5950/1113/files/fitness__40955__black-white-1001__a6648bfd41ec7e12__40955-1001-1.jpg?v=1790331695,kg,,,
chiba-40955-fitness,,,,,,,,,黑配白色,,,L,,,,,40955-BLACKWHITE1001-L,0.0,shopify,2,continue,manual,1350.00,,true,true,,,,,,https://cdn.shopify.com/s/files/1/1015/5950/1113/files/fitness__40955__navy-pink-0723__dc192f39f30dd96f__40955-0723-2.jpg?v=1790331695,4,CHIBA Lady Ibiza 女款伊比薩時尚健身手套 海軍藍配粉紅,,,,https://cdn.shopify.com/s/files/1/1015/5950/1113/files/fitness__40955__black-white-1001__a6648bfd41ec7e12__40955-1001-1.jpg?v=1790331695,kg,,,
chiba-40955-fitness,,,,,,,,,海軍藍配粉紅,,,XS,,,,,40955-NAVYPINK0723-XS,0.0,shopify,2,continue,manual,1350.00,,true,true,,,,,,https://cdn.shopify.com/s/files/1/1015/5950/1113/files/fitness__40955__turquoise-white-1801__b5a34d27ad18dcd2__40955-1801-1.jpg?v=1790331695,5,CHIBA Lady Ibiza 女款伊比薩時尚健身手套 綠松石藍配白色,,,,https://cdn.shopify.com/s/files/1/1015/5950/1113/files/fitness__40955__navy-pink-0723__144df925f3506015__40955-0723-1.jpg?v=1790331695,kg,,,
chiba-40955-fitness,,,,,,,,,海軍藍配粉紅,,,S,,,,,40955-NAVYPINK0723-S,0.0,shopify,2,continue,manual,1350.00,,true,true,,,,,,https://cdn.shopify.com/s/files/1/1015/5950/1113/files/fitness__40955__turquoise-white-1801__ae656b4b466aa2ad__40955-1801-2.jpg?v=1790331695,6,CHIBA Lady Ibiza 女款伊比薩時尚健身手套 綠松石藍配白色,,,,https://cdn.shopify.com/s/files/1/1015/5950/1113/files/fitness__40955__navy-pink-0723__144df925f3506015__40955-0723-1.jpg?v=1790331695,kg,,,
chiba-40955-fitness,,,,,,,,,海軍藍配粉紅,,,M,,,,,40955-NAVYPINK0723-M,0.0,shopify,2,continue,manual,1350.00,,true,true,,,,,,https://cdn.shopify.com/s/files/1/1015/5950/1113/files/fitness__40955__white-pink-0123__a5a3d3f30fa59222__40955-0123-1.jpg?v=1790331695,7,CHIBA Lady Ibiza 女款伊比薩時尚健身手套 白配粉紅,,,,https://cdn.shopify.com/s/files/1/1015/5950/1113/files/fitness__40955__navy-pink-0723__144df925f3506015__40955-0723-1.jpg?v=1790331695,kg,,,
chiba-40955-fitness,,,,,,,,,海軍藍配粉紅,,,L,,,,,40955-NAVYPINK0723-L,0.0,shopify,2,continue,manual,1350.00,,true,true,,,,,,https://cdn.shopify.com/s/files/1/1015/5950/1113/files/fitness__40955__white-pink-0123__a33332413d1a6d72__40955-0123-2.jpg?v=1790331695,8,CHIBA Lady Ibiza 女款伊比薩時尚健身手套 白配粉紅,,,,https://cdn.shopify.com/s/files/1/1015/5950/1113/files/fitness__40955__navy-pink-0723__144df925f3506015__40955-0723-1.jpg?v=1790331695,kg,,,
chiba-40955-fitness,,,,,,,,,綠松石藍配白色,,,XS,,,,,40955-TURQUOISEWHITE1801-XS,0.0,shopify,2,continue,manual,1350.00,,true,true,,,,,,,,,,,,https://cdn.shopify.com/s/files/1/1015/5950/1113/files/fitness__40955__turquoise-white-1801__b5a34d27ad18dcd2__40955-1801-1.jpg?v=1790331695,kg,,,
chiba-40955-fitness,,,,,,,,,綠松石藍配白色,,,S,,,,,40955-TURQUOISEWHITE1801-S,0.0,shopify,2,continue,manual,1350.00,,true,true,,,,,,,,,,,,https://cdn.shopify.com/s/files/1/1015/5950/1113/files/fitness__40955__turquoise-white-1801__b5a34d27ad18dcd2__40955-1801-1.jpg?v=1790331695,kg,,,
chiba-40955-fitness,,,,,,,,,綠松石藍配白色,,,M,,,,,40955-TURQUOISEWHITE1801-M,0.0,shopify,2,continue,manual,1350.00,,true,true,,,,,,,,,,,,https://cdn.shopify.com/s/files/1/1015/5950/1113/files/fitness__40955__turquoise-white-1801__b5a34d27ad18dcd2__40955-1801-1.jpg?v=1790331695,kg,,,
chiba-40955-fitness,,,,,,,,,綠松石藍配白色,,,L,,,,,40955-TURQUOISEWHITE1801-L,0.0,shopify,2,continue,manual,1350.00,,true,true,,,,,,,,,,,,https://cdn.shopify.com/s/files/1/1015/5950/1113/files/fitness__40955__turquoise-white-1801__b5a34d27ad18dcd2__40955-1801-1.jpg?v=1790331695,kg,,,
chiba-40955-fitness,,,,,,,,,白配粉紅,,,XS,,,,,40955-WHITEPINK0123-XS,0.0,shopify,2,continue,manual,1350.00,,true,true,,,,,,,,,,,,https://cdn.shopify.com/s/files/1/1015/5950/1113/files/fitness__40955__white-pink-0123__a5a3d3f30fa59222__40955-0123-1.jpg?v=1790331695,kg,,,
chiba-40955-fitness,,,,,,,,,白配粉紅,,,S,,,,,40955-WHITEPINK0123-S,0.0,shopify,2,continue,manual,1350.00,,true,true,,,,,,,,,,,,https://cdn.shopify.com/s/files/1/1015/5950/1113/files/fitness__40955__white-pink-0123__a5a3d3f30fa59222__40955-0123-1.jpg?v=1790331695,kg,,,
chiba-40955-fitness,,,,,,,,,白配粉紅,,,M,,,,,40955-WHITEPINK0123-M,0.0,shopify,2,continue,manual,1350.00,,true,true,,,,,,,,,,,,https://cdn.shopify.com/s/files/1/1015/5950/1113/files/fitness__40955__white-pink-0123__a5a3d3f30fa59222__40955-0123-1.jpg?v=1790331695,kg,,,
chiba-40955-fitness,,,,,,,,,白配粉紅,,,L,,,,,40955-WHITEPINK0123-L,0.0,shopify,2,continue,manual,1350.00,,true,true,,,,,,,,,,,,https://cdn.shopify.com/s/files/1/1015/5950/1113/files/fitness__40955__white-pink-0123__a5a3d3f30fa59222__40955-0123-1.jpg?v=1790331695,kg,,,
chiba-40945-fitness,CHIBA Lady Diamond 女款璀璨鑽石健身手套,"<div class=""chiba-product-description"">
  <p><strong>CHIBA Lady Diamond 女款璀璨鑽石健身手套</strong>｜德國百年專業重訓手套。人體工學解剖學剪裁，提供堅實抓力與手部關節支撐。</p>
  <ul>
    <li>
<strong>掌心減震防滑</strong>：精密防滑耐磨面料，隔絕器械冰冷鐵鏽與摩擦，提升抓握耐力。</li>
    <li>
<strong>關節人體工學</strong>：人體工學減震耐磨防滑掌面，有效保護手掌防長繭起水泡。</li>
    <li>
<strong>Quick-Pull® 專利秒脫拉環</strong>：指尖拉環設計，訓練後大汗淋漓也能一秒輕鬆脫下。</li>
  </ul>
  <p>
    • <strong>系列材質</strong>：LADY LINE｜digital carbon fiber<br>
    • <strong>洗滌保養</strong>：支援 30°C 溫和手洗，平放陰乾，請勿烘乾。
  </p>
</div>",CHIBA GLOVES GERMANY,,fitness,"fitness, 目前為私有頁面-上架前請確認",true,顏色,黑色,,尺寸,XS,,,,,40945-BLACK10-XS,0.0,shopify,2,continue,manual,1150.00,,true,true,,,,,,https://cdn.shopify.com/s/files/1/1015/5950/1113/files/fitness__40945__black-10__0f10ff001f51855c__40945-10-1.jpg?v=1790331693,1,CHIBA Lady Diamond 女款璀璨鑽石健身手套 黑色,false,CHIBA Lady Diamond 女款璀璨鑽石健身手套｜德國百年專業健身重訓手套,德國百年品牌 CHIBA 台灣官方直營：CHIBA Lady Diamond 女款璀璨鑽石健身手套。依照掌骨生理結構精準配置緩衝襯墊，均勻分散大重量局部壓強，長效握持無痛不麻。台灣零售價現貨供應，德國原裝進口品質保證。,https://cdn.shopify.com/s/files/1/1015/5950/1113/files/fitness__40945__black-10__0f10ff001f51855c__40945-10-1.jpg?v=1790331693,kg,,,active
chiba-40945-fitness,,,,,,,,,黑色,,,S,,,,,40945-BLACK10-S,0.0,shopify,2,continue,manual,1150.00,,true,true,,,,,,https://cdn.shopify.com/s/files/1/1015/5950/1113/files/fitness__40945__black-10__ea3447830969241d__40945-10-2.jpg?v=1790331693,2,CHIBA Lady Diamond 女款璀璨鑽石健身手套 黑色,,,,https://cdn.shopify.com/s/files/1/1015/5950/1113/files/fitness__40945__black-10__0f10ff001f51855c__40945-10-1.jpg?v=1790331693,kg,,,
chiba-40945-fitness,,,,,,,,,黑色,,,M,,,,,40945-BLACK10-M,0.0,shopify,2,continue,manual,1150.00,,true,true,,,,,,https://cdn.shopify.com/s/files/1/1015/5950/1113/files/fitness__40945__pink-23__15c5273cfe279007__40945-23-1.jpg?v=1790331693,3,CHIBA Lady Diamond 女款璀璨鑽石健身手套 粉紅色,,,,https://cdn.shopify.com/s/files/1/1015/5950/1113/files/fitness__40945__black-10__0f10ff001f51855c__40945-10-1.jpg?v=1790331693,kg,,,
chiba-40945-fitness,,,,,,,,,黑色,,,L,,,,,40945-BLACK10-L,0.0,shopify,2,continue,manual,1150.00,,true,true,,,,,,https://cdn.shopify.com/s/files/1/1015/5950/1113/files/fitness__40945__pink-23__dfef1465dd4f1138__40945-23-2.jpg?v=1790331693,4,CHIBA Lady Diamond 女款璀璨鑽石健身手套 粉紅色,,,,https://cdn.shopify.com/s/files/1/1015/5950/1113/files/fitness__40945__black-10__0f10ff001f51855c__40945-10-1.jpg?v=1790331693,kg,,,
chiba-40945-fitness,,,,,,,,,粉紅色,,,XS,,,,,40945-PINK23-XS,0.0,shopify,2,continue,manual,1150.00,,true,true,,,,,,https://cdn.shopify.com/s/files/1/1015/5950/1113/files/fitness__40945__turquoise-18__1930a3ef7a41d24d__40945-18-1.jpg?v=1790331693,5,CHIBA Lady Diamond 女款璀璨鑽石健身手套 綠松石藍,,,,https://cdn.shopify.com/s/files/1/1015/5950/1113/files/fitness__40945__pink-23__15c5273cfe279007__40945-23-1.jpg?v=1790331693,kg,,,
chiba-40945-fitness,,,,,,,,,粉紅色,,,S,,,,,40945-PINK23-S,0.0,shopify,2,continue,manual,1150.00,,true,true,,,,,,https://cdn.shopify.com/s/files/1/1015/5950/1113/files/fitness__40945__turquoise-18__da707055a06bc3d1__40945-18-2.jpg?v=1790331693,6,CHIBA Lady Diamond 女款璀璨鑽石健身手套 綠松石藍,,,,https://cdn.shopify.com/s/files/1/1015/5950/1113/files/fitness__40945__pink-23__15c5273cfe279007__40945-23-1.jpg?v=1790331693,kg,,,
chiba-40945-fitness,,,,,,,,,粉紅色,,,M,,,,,40945-PINK23-M,0.0,shopify,2,continue,manual,1150.00,,true,true,,,,,,https://cdn.shopify.com/s/files/1/1015/5950/1113/files/fitness__40945__white-01__7d83e03acb5cd03b__40945-01-1.jpg?v=1790331693,7,CHIBA Lady Diamond 女款璀璨鑽石健身手套 白色,,,,https://cdn.shopify.com/s/files/1/1015/5950/1113/files/fitness__40945__pink-23__15c5273cfe279007__40945-23-1.jpg?v=1790331693,kg,,,
chiba-40945-fitness,,,,,,,,,粉紅色,,,L,,,,,40945-PINK23-L,0.0,shopify,2,continue,manual,1150.00,,true,true,,,,,,https://cdn.shopify.com/s/files/1/1015/5950/1113/files/fitness__40945__white-01__92008d115aefb9c0__40945-01-2.jpg?v=1790331693,8,CHIBA Lady Diamond 女款璀璨鑽石健身手套 白色,,,,https://cdn.shopify.com/s/files/1/1015/5950/1113/files/fitness__40945__pink-23__15c5273cfe279007__40945-23-1.jpg?v=1790331693,kg,,,
chiba-40945-fitness,,,,,,,,,綠松石藍,,,XS,,,,,40945-TURQUOISE18-XS,0.0,shopify,2,continue,manual,1150.00,,true,true,,,,,,,,,,,,https://cdn.shopify.com/s/files/1/1015/5950/1113/files/fitness__40945__turquoise-18__1930a3ef7a41d24d__40945-18-1.jpg?v=1790331693,kg,,,
chiba-40945-fitness,,,,,,,,,綠松石藍,,,S,,,,,40945-TURQUOISE18-S,0.0,shopify,2,continue,manual,1150.00,,true,true,,,,,,,,,,,,https://cdn.shopify.com/s/files/1/1015/5950/1113/files/fitness__40945__turquoise-18__1930a3ef7a41d24d__40945-18-1.jpg?v=1790331693,kg,,,
chiba-40945-fitness,,,,,,,,,綠松石藍,,,M,,,,,40945-TURQUOISE18-M,0.0,shopify,2,continue,manual,1150.00,,true,true,,,,,,,,,,,,https://cdn.shopify.com/s/files/1/1015/5950/1113/files/fitness__40945__turquoise-18__1930a3ef7a41d24d__40945-18-1.jpg?v=1790331693,kg,,,
chiba-40945-fitness,,,,,,,,,綠松石藍,,,L,,,,,40945-TURQUOISE18-L,0.0,shopify,2,continue,manual,1150.00,,true,true,,,,,,,,,,,,https://cdn.shopify.com/s/files/1/1015/5950/1113/files/fitness__40945__turquoise-18__1930a3ef7a41d24d__40945-18-1.jpg?v=1790331693,kg,,,
chiba-40945-fitness,,,,,,,,,白色,,,XS,,,,,40945-WHITE01-XS,0.0,shopify,2,continue,manual,1150.00,,true,true,,,,,,,,,,,,https://cdn.shopify.com/s/files/1/1015/5950/1113/files/fitness__40945__white-01__7d83e03acb5cd03b__40945-01-1.jpg?v=1790331693,kg,,,
chiba-40945-fitness,,,,,,,,,白色,,,S,,,,,40945-WHITE01-S,0.0,shopify,2,continue,manual,1150.00,,true,true,,,,,,,,,,,,https://cdn.shopify.com/s/files/1/1015/5950/1113/files/fitness__40945__white-01__7d83e03acb5cd03b__40945-01-1.jpg?v=1790331693,kg,,,
chiba-40945-fitness,,,,,,,,,白色,,,M,,,,,40945-WHITE01-M,0.0,shopify,2,continue,manual,1150.00,,true,true,,,,,,,,,,,,https://cdn.shopify.com/s/files/1/1015/5950/1113/files/fitness__40945__white-01__7d83e03acb5cd03b__40945-01-1.jpg?v=1790331693,kg,,,
chiba-40945-fitness,,,,,,,,,白色,,,L,,,,,40945-WHITE01-L,0.0,shopify,2,continue,manual,1150.00,,true,true,,,,,,,,,,,,https://cdn.shopify.com/s/files/1/1015/5950/1113/files/fitness__40945__white-01__7d83e03acb5cd03b__40945-01-1.jpg?v=1790331693,kg,,,
chiba-40921-fitness,CHIBA Lady Prime 女款經典旗艦健身手套,"<div class=""chiba-product-description"">
  <p><strong>CHIBA Lady Prime 女款經典旗艦健身手套</strong>｜德國百年專業重訓手套。人體工學解剖學剪裁，提供堅實抓力與手部關節支撐。</p>
  <ul>
    <li>
<strong>掌心減震防滑</strong>：精密防滑耐磨面料，隔絕器械冰冷鐵鏽與摩擦，提升抓握耐力。</li>
    <li>
<strong>關節人體工學</strong>：人體工學減震耐磨防滑掌面，有效保護手掌防長繭起水泡。</li>
    <li>
<strong>Quick-Pull® 專利秒脫拉環</strong>：指尖拉環設計，訓練後大汗淋漓也能一秒輕鬆脫下。</li>
  </ul>
  <p>
    • <strong>系列材質</strong>：LADY LINE｜3D fabric; silicone<br>
    • <strong>洗滌保養</strong>：支援 30°C 溫和手洗，平放陰乾，請勿烘乾。
  </p>
</div>",CHIBA GLOVES GERMANY,,fitness,"fitness, 目前為私有頁面-上架前請確認",true,顏色,黑配白色,,尺寸,XS,,,,,40921-BLACKWHITE1001-XS,0.0,shopify,2,continue,manual,1050.00,,true,true,,,,,,https://cdn.shopify.com/s/files/1/1015/5950/1113/files/fitness__40921__black-white-1001__d65ad05e297a9461__40921-1001-1.jpg?v=1790331692,1,CHIBA Lady Prime 女款經典旗艦健身手套 黑配白色,false,CHIBA Lady Prime 女款經典旗艦健身手套｜德國百年專業健身重訓手套,德國百年品牌 CHIBA 台灣官方直營：CHIBA Lady Prime 女款經典旗艦健身手套。依照掌骨生理結構精準配置緩衝襯墊，均勻分散大重量局部壓強，長效握持無痛不麻。台灣零售價現貨供應，德國原裝進口品質保證。,https://cdn.shopify.com/s/files/1/1015/5950/1113/files/fitness__40921__black-white-1001__d65ad05e297a9461__40921-1001-1.jpg?v=1790331692,kg,,,active
chiba-40921-fitness,,,,,,,,,黑配白色,,,S,,,,,40921-BLACKWHITE1001-S,0.0,shopify,2,continue,manual,1050.00,,true,true,,,,,,https://cdn.shopify.com/s/files/1/1015/5950/1113/files/fitness__40921__black-white-1001__544d3f86313c14ad__40921-1001-2.jpg?v=1790331692,2,CHIBA Lady Prime 女款經典旗艦健身手套 黑配白色,,,,https://cdn.shopify.com/s/files/1/1015/5950/1113/files/fitness__40921__black-white-1001__d65ad05e297a9461__40921-1001-1.jpg?v=1790331692,kg,,,
chiba-40921-fitness,,,,,,,,,黑配白色,,,M,,,,,40921-BLACKWHITE1001-M,0.0,shopify,2,continue,manual,1050.00,,true,true,,,,,,,,,,,,https://cdn.shopify.com/s/files/1/1015/5950/1113/files/fitness__40921__black-white-1001__d65ad05e297a9461__40921-1001-1.jpg?v=1790331692,kg,,,
chiba-40921-fitness,,,,,,,,,黑配白色,,,L,,,,,40921-BLACKWHITE1001-L,0.0,shopify,2,continue,manual,1050.00,,true,true,,,,,,,,,,,,https://cdn.shopify.com/s/files/1/1015/5950/1113/files/fitness__40921__black-white-1001__d65ad05e297a9461__40921-1001-1.jpg?v=1790331692,kg,,,
chiba-40911-fitness,CHIBA Lady Wrist Pro V2 女款專業護腕健身手套 V2,"<div class=""chiba-product-description"">
  <p><strong>CHIBA Lady Wrist Pro V2 女款專業護腕健身手套 V2</strong>｜德國百年專業重訓手套。人體工學解剖學剪裁，提供堅實抓力與手部關節支撐。</p>
  <ul>
    <li>
<strong>掌心減震防滑</strong>：精密防滑耐磨面料，隔絕器械冰冷鐵鏽與摩擦，提升抓握耐力。</li>
    <li>
<strong>關節人體工學</strong>：整合加寬人體工學加壓護腕帶，穩固鎖定腕關節，臥推推舉不扭傷。</li>
    <li>
<strong>Quick-Pull® 專利秒脫拉環</strong>：指尖拉環設計，訓練後大汗淋漓也能一秒輕鬆脫下。</li>
  </ul>
  <p>
    • <strong>系列材質</strong>：LADY LINE｜Microfibre; Griptec<br>
    • <strong>洗滌保養</strong>：支援 30°C 溫和手洗，平放陰乾，請勿烘乾。
  </p>
</div>",CHIBA GLOVES GERMANY,,fitness,"fitness, 目前為私有頁面-上架前請確認",true,顏色,黑配粉紅,,尺寸,XS,,,,,40911-BLACKPINK1023-1-XS,0.0,shopify,2,continue,manual,1350.00,,true,true,,,,,,https://cdn.shopify.com/s/files/1/1015/5950/1113/files/fitness__40911__black-pink-1023-1__294f46dea7bfdf04__40911-1023-1-1.jpg?v=1790331690,1,CHIBA Lady Wrist Pro V2 女款專業護腕健身手套 V2 黑配粉紅,false,CHIBA Lady Wrist Pro V2 女款專業護腕健身手套 V2｜德國百年專業健身重訓手套,德國百年品牌 CHIBA 台灣官方直營：CHIBA Lady Wrist Pro V2 女款專業護腕健身手套 V2。手腕處配置加寬高強度加壓腕帶，有效鎖定腕關節避免推舉時手腕過度背折翻腕受傷。台灣零售價現貨供應，德國原裝進口品質保證。,https://cdn.shopify.com/s/files/1/1015/5950/1113/files/fitness__40911__black-pink-1023-1__294f46dea7bfdf04__40911-1023-1-1.jpg?v=1790331690,kg,,,active
chiba-40911-fitness,,,,,,,,,黑配粉紅,,,S,,,,,40911-BLACKPINK1023-1-S,0.0,shopify,2,continue,manual,1350.00,,true,true,,,,,,https://cdn.shopify.com/s/files/1/1015/5950/1113/files/fitness__40911__black-pink-1023-1__3b79b2bd09177fe6__40911-1023-1-2.jpg?v=1790331690,2,CHIBA Lady Wrist Pro V2 女款專業護腕健身手套 V2 黑配粉紅,,,,https://cdn.shopify.com/s/files/1/1015/5950/1113/files/fitness__40911__black-pink-1023-1__294f46dea7bfdf04__40911-1023-1-1.jpg?v=1790331690,kg,,,
chiba-40911-fitness,,,,,,,,,黑配粉紅,,,M,,,,,40911-BLACKPINK1023-1-M,0.0,shopify,2,continue,manual,1350.00,,true,true,,,,,,https://cdn.shopify.com/s/files/1/1015/5950/1113/files/fitness__40911__black-silver-1050__ecbbbd3fb3195e31__40911-1050-1.jpg?v=1790331690,3,CHIBA Lady Wrist Pro V2 女款專業護腕健身手套 V2 黑配銀色,,,,https://cdn.shopify.com/s/files/1/1015/5950/1113/files/fitness__40911__black-pink-1023-1__294f46dea7bfdf04__40911-1023-1-1.jpg?v=1790331690,kg,,,
chiba-40911-fitness,,,,,,,,,黑配粉紅,,,L,,,,,40911-BLACKPINK1023-1-L,0.0,shopify,2,continue,manual,1350.00,,true,true,,,,,,https://cdn.shopify.com/s/files/1/1015/5950/1113/files/fitness__40911__black-silver-1050__7e261c92bee8b283__40911-1050-2.jpg?v=1790331691,4,CHIBA Lady Wrist Pro V2 女款專業護腕健身手套 V2 黑配銀色,,,,https://cdn.shopify.com/s/files/1/1015/5950/1113/files/fitness__40911__black-pink-1023-1__294f46dea7bfdf04__40911-1023-1-1.jpg?v=1790331690,kg,,,
chiba-40911-fitness,,,,,,,,,黑配銀色,,,XS,,,,,40911-BLACKSILVER1050-XS,0.0,shopify,2,continue,manual,1350.00,,true,true,,,,,,,,,,,,https://cdn.shopify.com/s/files/1/1015/5950/1113/files/fitness__40911__black-silver-1050__ecbbbd3fb3195e31__40911-1050-1.jpg?v=1790331690,kg,,,
chiba-40911-fitness,,,,,,,,,黑配銀色,,,S,,,,,40911-BLACKSILVER1050-S,0.0,shopify,2,continue,manual,1350.00,,true,true,,,,,,,,,,,,https://cdn.shopify.com/s/files/1/1015/5950/1113/files/fitness__40911__black-silver-1050__ecbbbd3fb3195e31__40911-1050-1.jpg?v=1790331690,kg,,,
chiba-40911-fitness,,,,,,,,,黑配銀色,,,M,,,,,40911-BLACKSILVER1050-M,0.0,shopify,2,continue,manual,1350.00,,true,true,,,,,,,,,,,,https://cdn.shopify.com/s/files/1/1015/5950/1113/files/fitness__40911__black-silver-1050__ecbbbd3fb3195e31__40911-1050-1.jpg?v=1790331690,kg,,,
chiba-40911-fitness,,,,,,,,,黑配銀色,,,L,,,,,40911-BLACKSILVER1050-L,0.0,shopify,2,continue,manual,1350.00,,true,true,,,,,,,,,,,,https://cdn.shopify.com/s/files/1/1015/5950/1113/files/fitness__40911__black-silver-1050__ecbbbd3fb3195e31__40911-1050-1.jpg?v=1790331690,kg,,,
chiba-40897-fitness,CHIBA Premium Dipping & Training Belt 頂級垂吊負重多功能訓練腰帶,"<div class=""chiba-product-description"">
  <p><strong>CHIBA Premium Dipping &amp; Training Belt 頂級垂吊負重多功能訓練腰帶</strong>｜德國專業健力重訓腰帶。人體工學加寬背板與科技面料，下蹲靈活不頂肋骨，提供穩定護腰支撐。</p>
  <ul>
    <li>
<strong>加寬人體工學腰板</strong>：背部加大受壓面積均勻分散應力，深蹲時靈活不頂肋骨。</li>
    <li>
<strong>快調金屬滾軸扣＋強力魔鬼氈</strong>：無段式精準微調鬆緊度，組間休息快速調節放鬆。</li>
    <li>
<strong>核心腹壓防護</strong>：提供腰腹 360 度環形支撐，防止腰部代償與骨盆翻轉。</li>
  </ul>
  <p>
    • <strong>系列材質</strong>：BELTS｜nylon; Stainless steel<br>
    • <strong>保養方式</strong>：以微濕軟布沾中性清潔劑輕拭表面，自然陰乾，請勿機洗或烘乾。
  </p>
</div>",CHIBA GLOVES GERMANY,,fitness,"fitness, 目前為私有頁面-上架前請確認",true,顏色,黑色,,尺寸,XS,,,,,40897-BLACK10-XS,0.0,shopify,2,continue,manual,1700.00,,true,true,,,,,,https://cdn.shopify.com/s/files/1/1015/5950/1113/files/fitness__40897__shared__0151ea0e13e67471__40897.jpg?v=1790331689,1,CHIBA Premium Dipping & Training Belt 頂級垂吊負重多功能訓練腰帶 粉紅色,false,CHIBA Premium Dipping & Training Belt 頂級垂吊負重多功能訓練腰帶｜德國專業重訓健力腰帶,德國百年品牌 CHIBA 台灣官方直營：CHIBA Premium Dipping & Training Belt 頂級垂吊負重多功能訓練腰帶。背部加大受壓面積均勻分散腰椎應力，前側順形收窄剪裁，深蹲時靈活不頂肋骨髖部。台灣零售價現貨供應，德國原裝進口品質保證。,https://cdn.shopify.com/s/files/1/1015/5950/1113/files/fitness__40897__shared__0151ea0e13e67471__40897.jpg?v=1790331689,kg,,,active
chiba-40897-fitness,,,,,,,,,黑色,,,S,,,,,40897-BLACK10-S,0.0,shopify,2,continue,manual,1700.00,,true,true,,,,,,,,,,,,https://cdn.shopify.com/s/files/1/1015/5950/1113/files/fitness__40897__shared__0151ea0e13e67471__40897.jpg?v=1790331689,kg,,,
chiba-40897-fitness,,,,,,,,,黑色,,,M,,,,,40897-BLACK10-M,0.0,shopify,2,continue,manual,1700.00,,true,true,,,,,,,,,,,,https://cdn.shopify.com/s/files/1/1015/5950/1113/files/fitness__40897__shared__0151ea0e13e67471__40897.jpg?v=1790331689,kg,,,
chiba-40897-fitness,,,,,,,,,黑色,,,L,,,,,40897-BLACK10-L,0.0,shopify,2,continue,manual,1700.00,,true,true,,,,,,,,,,,,https://cdn.shopify.com/s/files/1/1015/5950/1113/files/fitness__40897__shared__0151ea0e13e67471__40897.jpg?v=1790331689,kg,,,
chiba-40897-fitness,,,,,,,,,黑色,,,XL,,,,,40897-BLACK10-XL,0.0,shopify,2,continue,manual,1700.00,,true,true,,,,,,,,,,,,https://cdn.shopify.com/s/files/1/1015/5950/1113/files/fitness__40897__shared__0151ea0e13e67471__40897.jpg?v=1790331689,kg,,,
chiba-40897-fitness,,,,,,,,,黑色,,,XXL,,,,,40897-BLACK10-XXL,0.0,shopify,2,continue,manual,1700.00,,true,true,,,,,,,,,,,,https://cdn.shopify.com/s/files/1/1015/5950/1113/files/fitness__40897__shared__0151ea0e13e67471__40897.jpg?v=1790331689,kg,,,
chiba-40897-fitness,,,,,,,,,粉紅色,,,XS,,,,,40897-PINK23-XS,0.0,shopify,2,continue,manual,1700.00,,true,true,,,,,,,,,,,,https://cdn.shopify.com/s/files/1/1015/5950/1113/files/fitness__40897__shared__0151ea0e13e67471__40897.jpg?v=1790331689,kg,,,
chiba-40897-fitness,,,,,,,,,粉紅色,,,S,,,,,40897-PINK23-S,0.0,shopify,2,continue,manual,1700.00,,true,true,,,,,,,,,,,,https://cdn.shopify.com/s/files/1/1015/5950/1113/files/fitness__40897__shared__0151ea0e13e67471__40897.jpg?v=1790331689,kg,,,
chiba-40897-fitness,,,,,,,,,粉紅色,,,M,,,,,40897-PINK23-M,0.0,shopify,2,continue,manual,1700.00,,true,true,,,,,,,,,,,,https://cdn.shopify.com/s/files/1/1015/5950/1113/files/fitness__40897__shared__0151ea0e13e67471__40897.jpg?v=1790331689,kg,,,
chiba-40897-fitness,,,,,,,,,粉紅色,,,L,,,,,40897-PINK23-L,0.0,shopify,2,continue,manual,1700.00,,true,true,,,,,,,,,,,,https://cdn.shopify.com/s/files/1/1015/5950/1113/files/fitness__40897__shared__0151ea0e13e67471__40897.jpg?v=1790331689,kg,,,
chiba-40897-fitness,,,,,,,,,粉紅色,,,XL,,,,,40897-PINK23-XL,0.0,shopify,2,continue,manual,1700.00,,true,true,,,,,,,,,,,,https://cdn.shopify.com/s/files/1/1015/5950/1113/files/fitness__40897__shared__0151ea0e13e67471__40897.jpg?v=1790331689,kg,,,
chiba-40897-fitness,,,,,,,,,粉紅色,,,XXL,,,,,40897-PINK23-XXL,0.0,shopify,2,continue,manual,1700.00,,true,true,,,,,,,,,,,,https://cdn.shopify.com/s/files/1/1015/5950/1113/files/fitness__40897__shared__0151ea0e13e67471__40897.jpg?v=1790331689,kg,,,
chiba-40890-fitness,CHIBA Dipping Belt 負重垂吊訓練腰帶,"<div class=""chiba-product-description"">
  <p><strong>CHIBA Dipping Belt 負重垂吊訓練腰帶</strong>｜德國專業健力重訓腰帶。人體工學加寬背板與科技面料，下蹲靈活不頂肋骨，提供穩定護腰支撐。</p>
  <ul>
    <li>
<strong>加寬人體工學腰板</strong>：背部加大受壓面積均勻分散應力，深蹲時靈活不頂肋骨。</li>
    <li>
<strong>快調金屬滾軸扣＋強力魔鬼氈</strong>：無段式精準微調鬆緊度，組間休息快速調節放鬆。</li>
    <li>
<strong>核心腹壓防護</strong>：提供腰腹 360 度環形支撐，防止腰部代償與骨盆翻轉。</li>
  </ul>
  <p>
    • <strong>系列材質</strong>：BELTS｜nylon; Stainless steel<br>
    • <strong>保養方式</strong>：以微濕軟布沾中性清潔劑輕拭表面，自然陰乾，請勿機洗或烘乾。
  </p>
</div>",CHIBA GLOVES GERMANY,,fitness,"fitness, 目前為私有頁面-上架前請確認",true,顏色,黑色,,尺寸,ONE SIZE,,,,,40890-BLACK10-ONE SIZE,0.0,shopify,2,continue,manual,1200.00,,true,true,,,,,,https://cdn.shopify.com/s/files/1/1015/5950/1113/files/fitness__40890__black-10__aeece7018de02d37__40890-10-1.jpg?v=1790331687,1,CHIBA Dipping Belt 負重垂吊訓練腰帶 黑色,false,CHIBA Dipping Belt 負重垂吊訓練腰帶｜德國專業重訓健力腰帶,德國百年品牌 CHIBA 台灣官方直營：CHIBA Dipping Belt 負重垂吊訓練腰帶。背部加大受壓面積均勻分散腰椎應力，前側順形收窄剪裁，深蹲時靈活不頂肋骨髖部。台灣零售價現貨供應，德國原裝進口品質保證。,https://cdn.shopify.com/s/files/1/1015/5950/1113/files/fitness__40890__black-10__aeece7018de02d37__40890-10-1.jpg?v=1790331687,kg,,,active
chiba-40886-fitness,CHIBA Powerlifting Belt 專業健力舉重腰帶,"<div class=""chiba-product-description"">
  <p><strong>CHIBA Powerlifting Belt 專業健力舉重腰帶</strong>｜德國專業健力重訓腰帶。頂級純牛皮高韌性皮革精工打造，提供腰椎剛性穩固支撐，瞬間激發飽滿腹內壓。</p>
  <ul>
    <li>
<strong>頂級純牛皮剛性支撐</strong>：厚實皮革剛性強韌不易變形，深蹲硬舉提供強大抗衝擊支撐感。</li>
    <li>
<strong>實心不鏽鋼重型雙排扣</strong>：耐重抗壓不滑脫，高強度發力時堅如磐石、安全可靠。</li>
    <li>
<strong>核心腹壓防護</strong>：提供腰腹 360 度環形支撐，防止腰部代償與骨盆翻轉。</li>
  </ul>
  <p>
    • <strong>系列材質</strong>：BELTS｜Leather; stainless steel<br>
    • <strong>保養方式</strong>：以微濕軟布輕拭表面汗水，通風陰乾，可定期擦拭皮革保養油。
  </p>
</div>",CHIBA GLOVES GERMANY,,fitness,"fitness, 目前為私有頁面-上架前請確認",true,顏色,黑色,,尺寸,S,,,,,40886-BLACK10-S,0.0,shopify,2,continue,manual,2950.00,,true,true,,,,,,https://cdn.shopify.com/s/files/1/1015/5950/1113/files/fitness__40886__black-10__6a9f3fc5f46f88a8__40886-10-1.jpg?v=1790331686,1,CHIBA Powerlifting Belt 專業健力舉重腰帶 黑色,false,CHIBA Powerlifting Belt 專業健力舉重腰帶｜德國專業重訓健力腰帶,德國百年品牌 CHIBA 台灣官方直營：CHIBA Powerlifting Belt 專業健力舉重腰帶。選用頂級厚質皮革，剛性強韌不易形變，提供腰背最強大紮實的抗衝擊支撐感。台灣零售價現貨供應，德國原裝進口品質保證。,https://cdn.shopify.com/s/files/1/1015/5950/1113/files/fitness__40886__black-10__6a9f3fc5f46f88a8__40886-10-1.jpg?v=1790331686,kg,,,active
chiba-40886-fitness,,,,,,,,,黑色,,,M,,,,,40886-BLACK10-M,0.0,shopify,2,continue,manual,2950.00,,true,true,,,,,,https://cdn.shopify.com/s/files/1/1015/5950/1113/files/fitness__40886__black-10__c9f9dceb96960f6f__40886-10-2.jpg?v=1790331686,2,CHIBA Powerlifting Belt 專業健力舉重腰帶 黑色,,,,https://cdn.shopify.com/s/files/1/1015/5950/1113/files/fitness__40886__black-10__6a9f3fc5f46f88a8__40886-10-1.jpg?v=1790331686,kg,,,
chiba-40886-fitness,,,,,,,,,黑色,,,L,,,,,40886-BLACK10-L,0.0,shopify,2,continue,manual,2950.00,,true,true,,,,,,,,,,,,https://cdn.shopify.com/s/files/1/1015/5950/1113/files/fitness__40886__black-10__6a9f3fc5f46f88a8__40886-10-1.jpg?v=1790331686,kg,,,
chiba-40886-fitness,,,,,,,,,黑色,,,XL,,,,,40886-BLACK10-XL,0.0,shopify,2,continue,manual,2950.00,,true,true,,,,,,,,,,,,https://cdn.shopify.com/s/files/1/1015/5950/1113/files/fitness__40886__black-10__6a9f3fc5f46f88a8__40886-10-1.jpg?v=1790331686,kg,,,
chiba-40886-fitness,,,,,,,,,黑色,,,XXL,,,,,40886-BLACK10-XXL,0.0,shopify,2,continue,manual,2950.00,,true,true,,,,,,,,,,,,https://cdn.shopify.com/s/files/1/1015/5950/1113/files/fitness__40886__black-10__6a9f3fc5f46f88a8__40886-10-1.jpg?v=1790331686,kg,,,
chiba-40875-fitness,CHIBA Training Corsage 核心訓練塑形束腰帶,"<div class=""chiba-product-description"">
  <p><strong>CHIBA Training Corsage 核心訓練塑形束腰帶</strong>｜德國專業健力重訓腰帶。人體工學加寬背板與科技面料，下蹲靈活不頂肋骨，提供穩定護腰支撐。</p>
  <ul>
    <li>
<strong>加寬人體工學腰板</strong>：背部加大受壓面積均勻分散應力，深蹲時靈活不頂肋骨。</li>
    <li>
<strong>快調金屬滾軸扣＋強力魔鬼氈</strong>：無段式精準微調鬆緊度，組間休息快速調節放鬆。</li>
    <li>
<strong>核心腹壓防護</strong>：提供腰腹 360 度環形支撐，防止腰部代償與骨盆翻轉。</li>
  </ul>
  <p>
    • <strong>系列材質</strong>：BELTS<br>
    • <strong>保養方式</strong>：以微濕軟布沾中性清潔劑輕拭表面，自然陰乾，請勿機洗或烘乾。
  </p>
</div>",CHIBA GLOVES GERMANY,,fitness,"fitness, 目前為私有頁面-上架前請確認",true,顏色,黑色,,尺寸,XS,,,,,40875-BLACK10-XS,0.0,shopify,2,continue,manual,1550.00,,true,true,,,,,,https://cdn.shopify.com/s/files/1/1015/5950/1113/files/fitness__40875__black-10__535c2557afb05b74__40875-10-1.jpg?v=1790331685,1,CHIBA Training Corsage 核心訓練塑形束腰帶 黑色,false,CHIBA Training Corsage 核心訓練塑形束腰帶｜德國專業重訓健力腰帶,德國百年品牌 CHIBA 台灣官方直營：CHIBA Training Corsage 核心訓練塑形束腰帶。背部加大受壓面積均勻分散腰椎應力，前側順形收窄剪裁，深蹲時靈活不頂肋骨髖部。台灣零售價現貨供應，德國原裝進口品質保證。,https://cdn.shopify.com/s/files/1/1015/5950/1113/files/fitness__40875__black-10__535c2557afb05b74__40875-10-1.jpg?v=1790331685,kg,,,active
chiba-40875-fitness,,,,,,,,,黑色,,,S,,,,,40875-BLACK10-S,0.0,shopify,2,continue,manual,1550.00,,true,true,,,,,,,,,,,,https://cdn.shopify.com/s/files/1/1015/5950/1113/files/fitness__40875__black-10__535c2557afb05b74__40875-10-1.jpg?v=1790331685,kg,,,
chiba-40875-fitness,,,,,,,,,黑色,,,M,,,,,40875-BLACK10-M,0.0,shopify,2,continue,manual,1550.00,,true,true,,,,,,,,,,,,https://cdn.shopify.com/s/files/1/1015/5950/1113/files/fitness__40875__black-10__535c2557afb05b74__40875-10-1.jpg?v=1790331685,kg,,,
chiba-40875-fitness,,,,,,,,,黑色,,,L,,,,,40875-BLACK10-L,0.0,shopify,2,continue,manual,1550.00,,true,true,,,,,,,,,,,,https://cdn.shopify.com/s/files/1/1015/5950/1113/files/fitness__40875__black-10__535c2557afb05b74__40875-10-1.jpg?v=1790331685,kg,,,
chiba-40866-fitness,CHIBA Belt Air 透氣高支撐機能腰帶,"<div class=""chiba-product-description"">
  <p><strong>CHIBA Belt Air 透氣高支撐機能腰帶</strong>｜德國專業健力重訓腰帶。人體工學加寬背板與科技面料，下蹲靈活不頂肋骨，提供穩定護腰支撐。</p>
  <ul>
    <li>
<strong>加寬人體工學腰板</strong>：背部加大受壓面積均勻分散應力，深蹲時靈活不頂肋骨。</li>
    <li>
<strong>快調金屬滾軸扣＋強力魔鬼氈</strong>：無段式精準微調鬆緊度，組間休息快速調節放鬆。</li>
    <li>
<strong>核心腹壓防護</strong>：提供腰腹 360 度環形支撐，防止腰部代償與骨盆翻轉。</li>
  </ul>
  <p>
    • <strong>系列材質</strong>：BELTS｜Aero-Stretch; Gel<br>
    • <strong>保養方式</strong>：以微濕軟布沾中性清潔劑輕拭表面，自然陰乾，請勿機洗或烘乾。
  </p>
</div>",CHIBA GLOVES GERMANY,,fitness,"fitness, 目前為私有頁面-上架前請確認",true,顏色,黑色,,尺寸,S,,,,,40866-BLACK10-S,0.0,shopify,2,continue,manual,1350.00,,true,true,,,,,,https://cdn.shopify.com/s/files/1/1015/5950/1113/files/fitness__40866__black-10__95da40a3f49dca4a__40866-10-1.jpg?v=1790331683,1,CHIBA Belt Air 透氣高支撐機能腰帶 黑色,false,CHIBA Belt Air 透氣高支撐機能腰帶｜德國專業重訓健力腰帶,德國百年品牌 CHIBA 台灣官方直營：CHIBA Belt Air 透氣高支撐機能腰帶。背部加大受壓面積均勻分散腰椎應力，前側順形收窄剪裁，深蹲時靈活不頂肋骨髖部。台灣零售價現貨供應，德國原裝進口品質保證。,https://cdn.shopify.com/s/files/1/1015/5950/1113/files/fitness__40866__black-10__95da40a3f49dca4a__40866-10-1.jpg?v=1790331683,kg,,,active
chiba-40866-fitness,,,,,,,,,黑色,,,M,,,,,40866-BLACK10-M,0.0,shopify,2,continue,manual,1350.00,,true,true,,,,,,https://cdn.shopify.com/s/files/1/1015/5950/1113/files/fitness__40866__black-10__2836c4592c067f56__40866-10-3.jpg?v=1790331683,2,CHIBA Belt Air 透氣高支撐機能腰帶 黑色,,,,https://cdn.shopify.com/s/files/1/1015/5950/1113/files/fitness__40866__black-10__95da40a3f49dca4a__40866-10-1.jpg?v=1790331683,kg,,,
chiba-40866-fitness,,,,,,,,,黑色,,,L,,,,,40866-BLACK10-L,0.0,shopify,2,continue,manual,1350.00,,true,true,,,,,,,,,,,,https://cdn.shopify.com/s/files/1/1015/5950/1113/files/fitness__40866__black-10__95da40a3f49dca4a__40866-10-1.jpg?v=1790331683,kg,,,
chiba-40866-fitness,,,,,,,,,黑色,,,XL,,,,,40866-BLACK10-XL,0.0,shopify,2,continue,manual,1350.00,,true,true,,,,,,,,,,,,https://cdn.shopify.com/s/files/1/1015/5950/1113/files/fitness__40866__black-10__95da40a3f49dca4a__40866-10-1.jpg?v=1790331683,kg,,,
chiba-40866-fitness,,,,,,,,,黑色,,,XXL,,,,,40866-BLACK10-XXL,0.0,shopify,2,continue,manual,1350.00,,true,true,,,,,,,,,,,,https://cdn.shopify.com/s/files/1/1015/5950/1113/files/fitness__40866__black-10__95da40a3f49dca4a__40866-10-1.jpg?v=1790331683,kg,,,
chiba-40860-fitness,CHIBA Strong Man Belt 大力士極限負重腰帶,"<div class=""chiba-product-description"">
  <p><strong>CHIBA Strong Man Belt 大力士極限負重腰帶</strong>｜德國專業健力重訓腰帶。人體工學加寬背板與科技面料，下蹲靈活不頂肋骨，提供穩定護腰支撐。</p>
  <ul>
    <li>
<strong>加寬人體工學腰板</strong>：背部加大受壓面積均勻分散應力，深蹲時靈活不頂肋骨。</li>
    <li>
<strong>快調金屬滾軸扣＋強力魔鬼氈</strong>：無段式精準微調鬆緊度，組間休息快速調節放鬆。</li>
    <li>
<strong>核心腹壓防護</strong>：提供腰腹 360 度環形支撐，防止腰部代償與骨盆翻轉。</li>
  </ul>
  <p>
    • <strong>系列材質</strong>：STRONGMAN LINE｜Nylon tissue<br>
    • <strong>保養方式</strong>：以微濕軟布沾中性清潔劑輕拭表面，自然陰乾，請勿機洗或烘乾。
  </p>
</div>",CHIBA GLOVES GERMANY,,fitness,"fitness, 目前為私有頁面-上架前請確認",true,顏色,黑色,,尺寸,S,,,,,40860-BLACK10-S,0.0,shopify,2,continue,manual,2100.00,,true,true,,,,,,https://cdn.shopify.com/s/files/1/1015/5950/1113/files/fitness__40860__black-10__b0530e470a0ab0ed__40860-10-1.jpg?v=1790331682,1,CHIBA Strong Man Belt 大力士極限負重腰帶 黑色,false,CHIBA Strong Man Belt 大力士極限負重腰帶｜德國專業重訓健力腰帶,德國百年品牌 CHIBA 台灣官方直營：CHIBA Strong Man Belt 大力士極限負重腰帶。背部加大受壓面積均勻分散腰椎應力，前側順形收窄剪裁，深蹲時靈活不頂肋骨髖部。台灣零售價現貨供應，德國原裝進口品質保證。,https://cdn.shopify.com/s/files/1/1015/5950/1113/files/fitness__40860__black-10__b0530e470a0ab0ed__40860-10-1.jpg?v=1790331682,kg,,,active
chiba-40860-fitness,,,,,,,,,黑色,,,M,,,,,40860-BLACK10-M,0.0,shopify,2,continue,manual,2100.00,,true,true,,,,,,,,,,,,https://cdn.shopify.com/s/files/1/1015/5950/1113/files/fitness__40860__black-10__b0530e470a0ab0ed__40860-10-1.jpg?v=1790331682,kg,,,
chiba-40860-fitness,,,,,,,,,黑色,,,L,,,,,40860-BLACK10-L,0.0,shopify,2,continue,manual,2100.00,,true,true,,,,,,,,,,,,https://cdn.shopify.com/s/files/1/1015/5950/1113/files/fitness__40860__black-10__b0530e470a0ab0ed__40860-10-1.jpg?v=1790331682,kg,,,
chiba-40860-fitness,,,,,,,,,黑色,,,XL,,,,,40860-BLACK10-XL,0.0,shopify,2,continue,manual,2100.00,,true,true,,,,,,,,,,,,https://cdn.shopify.com/s/files/1/1015/5950/1113/files/fitness__40860__black-10__b0530e470a0ab0ed__40860-10-1.jpg?v=1790331682,kg,,,
chiba-40860-fitness,,,,,,,,,黑色,,,XXL,,,,,40860-BLACK10-XXL,0.0,shopify,2,continue,manual,2100.00,,true,true,,,,,,,,,,,,https://cdn.shopify.com/s/files/1/1015/5950/1113/files/fitness__40860__black-10__b0530e470a0ab0ed__40860-10-1.jpg?v=1790331682,kg,,,
chiba-40860-fitness,,,,,,,,,黑色,,,3XL,,,,,40860-BLACK10-3XL,0.0,shopify,2,continue,manual,2100.00,,true,true,,,,,,,,,,,,https://cdn.shopify.com/s/files/1/1015/5950/1113/files/fitness__40860__black-10__b0530e470a0ab0ed__40860-10-1.jpg?v=1790331682,kg,,,
chiba-40860-fitness,,,,,,,,,黑色,,,4XL,,,,,40860-BLACK10-4XL,0.0,shopify,2,continue,manual,2100.00,,true,true,,,,,,,,,,,,https://cdn.shopify.com/s/files/1/1015/5950/1113/files/fitness__40860__black-10__b0530e470a0ab0ed__40860-10-1.jpg?v=1790331682,kg,,,
chiba-40840-fitness,CHIBA Ergo Belt 人體工學機能腰帶,"<div class=""chiba-product-description"">
  <p><strong>CHIBA Ergo Belt 人體工學機能腰帶</strong>｜德國專業健力重訓腰帶。人體工學加寬背板與科技面料，下蹲靈活不頂肋骨，提供穩定護腰支撐。</p>
  <ul>
    <li>
<strong>加寬人體工學腰板</strong>：背部加大受壓面積均勻分散應力，深蹲時靈活不頂肋骨。</li>
    <li>
<strong>快調金屬滾軸扣＋強力魔鬼氈</strong>：無段式精準微調鬆緊度，組間休息快速調節放鬆。</li>
    <li>
<strong>核心腹壓防護</strong>：提供腰腹 360 度環形支撐，防止腰部代償與骨盆翻轉。</li>
  </ul>
  <p>
    • <strong>系列材質</strong>：BELTS｜nylon<br>
    • <strong>保養方式</strong>：以微濕軟布沾中性清潔劑輕拭表面，自然陰乾，請勿機洗或烘乾。
  </p>
</div>",CHIBA GLOVES GERMANY,,fitness,"fitness, 目前為私有頁面-上架前請確認",true,顏色,黑色,,尺寸,XS,,,,,40840-BLACK10-XS,0.0,shopify,2,continue,manual,1400.00,,true,true,,,,,,https://cdn.shopify.com/s/files/1/1015/5950/1113/files/fitness__40840__black-10__f52238a773ead5ae__40840-10-1.jpg?v=1790331680,1,CHIBA Ergo Belt 人體工學機能腰帶 黑色,false,CHIBA Ergo Belt 人體工學機能腰帶｜德國專業重訓健力腰帶,德國百年品牌 CHIBA 台灣官方直營：CHIBA Ergo Belt 人體工學機能腰帶。背部加大受壓面積均勻分散腰椎應力，前側順形收窄剪裁，深蹲時靈活不頂肋骨髖部。台灣零售價現貨供應，德國原裝進口品質保證。,https://cdn.shopify.com/s/files/1/1015/5950/1113/files/fitness__40840__black-10__f52238a773ead5ae__40840-10-1.jpg?v=1790331680,kg,,,active
chiba-40840-fitness,,,,,,,,,黑色,,,S,,,,,40840-BLACK10-S,0.0,shopify,2,continue,manual,1400.00,,true,true,,,,,,https://cdn.shopify.com/s/files/1/1015/5950/1113/files/fitness__40840__pink-23__e3f2a05d17744675__40840-23-catalog-p50-im7.jpg?v=1790331680,2,CHIBA Ergo Belt 人體工學機能腰帶 粉紅色,,,,https://cdn.shopify.com/s/files/1/1015/5950/1113/files/fitness__40840__black-10__f52238a773ead5ae__40840-10-1.jpg?v=1790331680,kg,,,
chiba-40840-fitness,,,,,,,,,黑色,,,M,,,,,40840-BLACK10-M,0.0,shopify,2,continue,manual,1400.00,,true,true,,,,,,,,,,,,https://cdn.shopify.com/s/files/1/1015/5950/1113/files/fitness__40840__black-10__f52238a773ead5ae__40840-10-1.jpg?v=1790331680,kg,,,
chiba-40840-fitness,,,,,,,,,黑色,,,L,,,,,40840-BLACK10-L,0.0,shopify,2,continue,manual,1400.00,,true,true,,,,,,,,,,,,https://cdn.shopify.com/s/files/1/1015/5950/1113/files/fitness__40840__black-10__f52238a773ead5ae__40840-10-1.jpg?v=1790331680,kg,,,
chiba-40840-fitness,,,,,,,,,黑色,,,XL,,,,,40840-BLACK10-XL,0.0,shopify,2,continue,manual,1400.00,,true,true,,,,,,,,,,,,https://cdn.shopify.com/s/files/1/1015/5950/1113/files/fitness__40840__black-10__f52238a773ead5ae__40840-10-1.jpg?v=1790331680,kg,,,
chiba-40840-fitness,,,,,,,,,黑色,,,XXL,,,,,40840-BLACK10-XXL,0.0,shopify,2,continue,manual,1400.00,,true,true,,,,,,,,,,,,https://cdn.shopify.com/s/files/1/1015/5950/1113/files/fitness__40840__black-10__f52238a773ead5ae__40840-10-1.jpg?v=1790331680,kg,,,
chiba-40840-fitness,,,,,,,,,粉紅色,,,XS,,,,,40840-PINK23-XS,0.0,shopify,2,continue,manual,1400.00,,true,true,,,,,,,,,,,,https://cdn.shopify.com/s/files/1/1015/5950/1113/files/fitness__40840__pink-23__e3f2a05d17744675__40840-23-catalog-p50-im7.jpg?v=1790331680,kg,,,
chiba-40840-fitness,,,,,,,,,粉紅色,,,S,,,,,40840-PINK23-S,0.0,shopify,2,continue,manual,1400.00,,true,true,,,,,,,,,,,,https://cdn.shopify.com/s/files/1/1015/5950/1113/files/fitness__40840__pink-23__e3f2a05d17744675__40840-23-catalog-p50-im7.jpg?v=1790331680,kg,,,
chiba-40840-fitness,,,,,,,,,粉紅色,,,M,,,,,40840-PINK23-M,0.0,shopify,2,continue,manual,1400.00,,true,true,,,,,,,,,,,,https://cdn.shopify.com/s/files/1/1015/5950/1113/files/fitness__40840__pink-23__e3f2a05d17744675__40840-23-catalog-p50-im7.jpg?v=1790331680,kg,,,
chiba-40840-fitness,,,,,,,,,粉紅色,,,L,,,,,40840-PINK23-L,0.0,shopify,2,continue,manual,1400.00,,true,true,,,,,,,,,,,,https://cdn.shopify.com/s/files/1/1015/5950/1113/files/fitness__40840__pink-23__e3f2a05d17744675__40840-23-catalog-p50-im7.jpg?v=1790331680,kg,,,
chiba-40840-fitness,,,,,,,,,粉紅色,,,XL,,,,,40840-PINK23-XL,0.0,shopify,2,continue,manual,1400.00,,true,true,,,,,,,,,,,,https://cdn.shopify.com/s/files/1/1015/5950/1113/files/fitness__40840__pink-23__e3f2a05d17744675__40840-23-catalog-p50-im7.jpg?v=1790331680,kg,,,
chiba-40840-fitness,,,,,,,,,粉紅色,,,XXL,,,,,40840-PINK23-XXL,0.0,shopify,2,continue,manual,1400.00,,true,true,,,,,,,,,,,,https://cdn.shopify.com/s/files/1/1015/5950/1113/files/fitness__40840__pink-23__e3f2a05d17744675__40840-23-catalog-p50-im7.jpg?v=1790331680,kg,,,
chiba-40838-fitness,CHIBA Profi Belt 專業選手級重訓腰帶,"<div class=""chiba-product-description"">
  <p><strong>CHIBA Profi Belt 專業選手級重訓腰帶</strong>｜德國專業健力重訓腰帶。人體工學加寬背板與科技面料，下蹲靈活不頂肋骨，提供穩定護腰支撐。</p>
  <ul>
    <li>
<strong>加寬人體工學腰板</strong>：背部加大受壓面積均勻分散應力，深蹲時靈活不頂肋骨。</li>
    <li>
<strong>快調金屬滾軸扣＋強力魔鬼氈</strong>：無段式精準微調鬆緊度，組間休息快速調節放鬆。</li>
    <li>
<strong>核心腹壓防護</strong>：提供腰腹 360 度環形支撐，防止腰部代償與骨盆翻轉。</li>
  </ul>
  <p>
    • <strong>系列材質</strong>：BELTS｜nylon<br>
    • <strong>保養方式</strong>：以微濕軟布沾中性清潔劑輕拭表面，自然陰乾，請勿機洗或烘乾。
  </p>
</div>",CHIBA GLOVES GERMANY,,fitness,"fitness, 目前為私有頁面-上架前請確認",true,顏色,黑色,,尺寸,XS,,,,,40838-BLACK10-XS,0.0,shopify,2,continue,manual,1250.00,,true,true,,,,,,https://cdn.shopify.com/s/files/1/1015/5950/1113/files/fitness__40838__black-10__2bde9112abb8afe2__40838-10-1.jpg?v=1790331679,1,CHIBA Profi Belt 專業選手級重訓腰帶 黑色,false,CHIBA Profi Belt 專業選手級重訓腰帶｜德國專業重訓健力腰帶,德國百年品牌 CHIBA 台灣官方直營：CHIBA Profi Belt 專業選手級重訓腰帶。背部加大受壓面積均勻分散腰椎應力，前側順形收窄剪裁，深蹲時靈活不頂肋骨髖部。台灣零售價現貨供應，德國原裝進口品質保證。,https://cdn.shopify.com/s/files/1/1015/5950/1113/files/fitness__40838__black-10__2bde9112abb8afe2__40838-10-1.jpg?v=1790331679,kg,,,active
chiba-40838-fitness,,,,,,,,,黑色,,,S,,,,,40838-BLACK10-S,0.0,shopify,2,continue,manual,1250.00,,true,true,,,,,,,,,,,,https://cdn.shopify.com/s/files/1/1015/5950/1113/files/fitness__40838__black-10__2bde9112abb8afe2__40838-10-1.jpg?v=1790331679,kg,,,
chiba-40838-fitness,,,,,,,,,黑色,,,M,,,,,40838-BLACK10-M,0.0,shopify,2,continue,manual,1250.00,,true,true,,,,,,,,,,,,https://cdn.shopify.com/s/files/1/1015/5950/1113/files/fitness__40838__black-10__2bde9112abb8afe2__40838-10-1.jpg?v=1790331679,kg,,,
chiba-40838-fitness,,,,,,,,,黑色,,,L,,,,,40838-BLACK10-L,0.0,shopify,2,continue,manual,1250.00,,true,true,,,,,,,,,,,,https://cdn.shopify.com/s/files/1/1015/5950/1113/files/fitness__40838__black-10__2bde9112abb8afe2__40838-10-1.jpg?v=1790331679,kg,,,
chiba-40838-fitness,,,,,,,,,黑色,,,XL,,,,,40838-BLACK10-XL,0.0,shopify,2,continue,manual,1250.00,,true,true,,,,,,,,,,,,https://cdn.shopify.com/s/files/1/1015/5950/1113/files/fitness__40838__black-10__2bde9112abb8afe2__40838-10-1.jpg?v=1790331679,kg,,,
chiba-40838-fitness,,,,,,,,,黑色,,,XXL,,,,,40838-BLACK10-XXL,0.0,shopify,2,continue,manual,1250.00,,true,true,,,,,,,,,,,,https://cdn.shopify.com/s/files/1/1015/5950/1113/files/fitness__40838__black-10__2bde9112abb8afe2__40838-10-1.jpg?v=1790331679,kg,,,
chiba-40828-fitness,CHIBA Power Belt 力量加壓重訓腰帶,"<div class=""chiba-product-description"">
  <p><strong>CHIBA Power Belt 力量加壓重訓腰帶</strong>｜德國專業健力重訓腰帶。人體工學加寬背板與科技面料，下蹲靈活不頂肋骨，提供穩定護腰支撐。</p>
  <ul>
    <li>
<strong>加寬人體工學腰板</strong>：背部加大受壓面積均勻分散應力，深蹲時靈活不頂肋骨。</li>
    <li>
<strong>快調金屬滾軸扣＋強力魔鬼氈</strong>：無段式精準微調鬆緊度，組間休息快速調節放鬆。</li>
    <li>
<strong>核心腹壓防護</strong>：提供腰腹 360 度環形支撐，防止腰部代償與骨盆翻轉。</li>
  </ul>
  <p>
    • <strong>系列材質</strong>：BELTS｜nylon<br>
    • <strong>保養方式</strong>：以微濕軟布沾中性清潔劑輕拭表面，自然陰乾，請勿機洗或烘乾。
  </p>
</div>",CHIBA GLOVES GERMANY,,fitness,"fitness, 目前為私有頁面-上架前請確認",true,顏色,黑色,,尺寸,XS,,,,,40828-BLACK10-XS,0.0,shopify,2,continue,manual,1150.00,,true,true,,,,,,https://cdn.shopify.com/s/files/1/1015/5950/1113/files/fitness__40828__black-10__b7eadc2c29210895__40828-10-1.jpg?v=1790331678,1,CHIBA Power Belt 力量加壓重訓腰帶 黑色,false,CHIBA Power Belt 力量加壓重訓腰帶｜德國專業重訓健力腰帶,德國百年品牌 CHIBA 台灣官方直營：CHIBA Power Belt 力量加壓重訓腰帶。背部加大受壓面積均勻分散腰椎應力，前側順形收窄剪裁，深蹲時靈活不頂肋骨髖部。台灣零售價現貨供應，德國原裝進口品質保證。,https://cdn.shopify.com/s/files/1/1015/5950/1113/files/fitness__40828__black-10__b7eadc2c29210895__40828-10-1.jpg?v=1790331678,kg,,,active
chiba-40828-fitness,,,,,,,,,黑色,,,S,,,,,40828-BLACK10-S,0.0,shopify,2,continue,manual,1150.00,,true,true,,,,,,https://cdn.shopify.com/s/files/1/1015/5950/1113/files/fitness__40828__camo-grey-4919__1ae771e18fa63c84__40828-4919-1.jpg?v=1790331678,2,CHIBA Power Belt 力量加壓重訓腰帶 迷彩灰,,,,https://cdn.shopify.com/s/files/1/1015/5950/1113/files/fitness__40828__black-10__b7eadc2c29210895__40828-10-1.jpg?v=1790331678,kg,,,
chiba-40828-fitness,,,,,,,,,黑色,,,M,,,,,40828-BLACK10-M,0.0,shopify,2,continue,manual,1150.00,,true,true,,,,,,https://cdn.shopify.com/s/files/1/1015/5950/1113/files/fitness__40828__camo-sand-4952__3c7868b2a32a73af__40828-4952-1.jpg?v=1790331678,3,CHIBA Power Belt 力量加壓重訓腰帶 迷彩沙色,,,,https://cdn.shopify.com/s/files/1/1015/5950/1113/files/fitness__40828__black-10__b7eadc2c29210895__40828-10-1.jpg?v=1790331678,kg,,,
chiba-40828-fitness,,,,,,,,,黑色,,,L,,,,,40828-BLACK10-L,0.0,shopify,2,continue,manual,1150.00,,true,true,,,,,,https://cdn.shopify.com/s/files/1/1015/5950/1113/files/fitness__40828__olive-20-1__415cf0d727b185cf__40828-20-1-1.jpg?v=1790331678,4,CHIBA Power Belt 力量加壓重訓腰帶 橄欖綠,,,,https://cdn.shopify.com/s/files/1/1015/5950/1113/files/fitness__40828__black-10__b7eadc2c29210895__40828-10-1.jpg?v=1790331678,kg,,,
chiba-40828-fitness,,,,,,,,,黑色,,,XL,,,,,40828-BLACK10-XL,0.0,shopify,2,continue,manual,1150.00,,true,true,,,,,,,,,,,,https://cdn.shopify.com/s/files/1/1015/5950/1113/files/fitness__40828__black-10__b7eadc2c29210895__40828-10-1.jpg?v=1790331678,kg,,,
chiba-40828-fitness,,,,,,,,,黑色,,,XXL,,,,,40828-BLACK10-XXL,0.0,shopify,2,continue,manual,1150.00,,true,true,,,,,,,,,,,,https://cdn.shopify.com/s/files/1/1015/5950/1113/files/fitness__40828__black-10__b7eadc2c29210895__40828-10-1.jpg?v=1790331678,kg,,,
chiba-40828-fitness,,,,,,,,,迷彩灰,,,XS,,,,,40828-CAMOGREY4919-XS,0.0,shopify,2,continue,manual,1150.00,,true,true,,,,,,,,,,,,https://cdn.shopify.com/s/files/1/1015/5950/1113/files/fitness__40828__camo-grey-4919__1ae771e18fa63c84__40828-4919-1.jpg?v=1790331678,kg,,,
chiba-40828-fitness,,,,,,,,,迷彩灰,,,S,,,,,40828-CAMOGREY4919-S,0.0,shopify,2,continue,manual,1150.00,,true,true,,,,,,,,,,,,https://cdn.shopify.com/s/files/1/1015/5950/1113/files/fitness__40828__camo-grey-4919__1ae771e18fa63c84__40828-4919-1.jpg?v=1790331678,kg,,,
chiba-40828-fitness,,,,,,,,,迷彩灰,,,M,,,,,40828-CAMOGREY4919-M,0.0,shopify,2,continue,manual,1150.00,,true,true,,,,,,,,,,,,https://cdn.shopify.com/s/files/1/1015/5950/1113/files/fitness__40828__camo-grey-4919__1ae771e18fa63c84__40828-4919-1.jpg?v=1790331678,kg,,,
chiba-40828-fitness,,,,,,,,,迷彩灰,,,L,,,,,40828-CAMOGREY4919-L,0.0,shopify,2,continue,manual,1150.00,,true,true,,,,,,,,,,,,https://cdn.shopify.com/s/files/1/1015/5950/1113/files/fitness__40828__camo-grey-4919__1ae771e18fa63c84__40828-4919-1.jpg?v=1790331678,kg,,,
chiba-40828-fitness,,,,,,,,,迷彩灰,,,XL,,,,,40828-CAMOGREY4919-XL,0.0,shopify,2,continue,manual,1150.00,,true,true,,,,,,,,,,,,https://cdn.shopify.com/s/files/1/1015/5950/1113/files/fitness__40828__camo-grey-4919__1ae771e18fa63c84__40828-4919-1.jpg?v=1790331678,kg,,,
chiba-40828-fitness,,,,,,,,,迷彩灰,,,XXL,,,,,40828-CAMOGREY4919-XXL,0.0,shopify,2,continue,manual,1150.00,,true,true,,,,,,,,,,,,https://cdn.shopify.com/s/files/1/1015/5950/1113/files/fitness__40828__camo-grey-4919__1ae771e18fa63c84__40828-4919-1.jpg?v=1790331678,kg,,,
chiba-40828-fitness,,,,,,,,,迷彩沙色,,,XS,,,,,40828-CAMOSAND4952-XS,0.0,shopify,2,continue,manual,1150.00,,true,true,,,,,,,,,,,,https://cdn.shopify.com/s/files/1/1015/5950/1113/files/fitness__40828__camo-sand-4952__3c7868b2a32a73af__40828-4952-1.jpg?v=1790331678,kg,,,
chiba-40828-fitness,,,,,,,,,迷彩沙色,,,S,,,,,40828-CAMOSAND4952-S,0.0,shopify,2,continue,manual,1150.00,,true,true,,,,,,,,,,,,https://cdn.shopify.com/s/files/1/1015/5950/1113/files/fitness__40828__camo-sand-4952__3c7868b2a32a73af__40828-4952-1.jpg?v=1790331678,kg,,,
chiba-40828-fitness,,,,,,,,,迷彩沙色,,,M,,,,,40828-CAMOSAND4952-M,0.0,shopify,2,continue,manual,1150.00,,true,true,,,,,,,,,,,,https://cdn.shopify.com/s/files/1/1015/5950/1113/files/fitness__40828__camo-sand-4952__3c7868b2a32a73af__40828-4952-1.jpg?v=1790331678,kg,,,
chiba-40828-fitness,,,,,,,,,迷彩沙色,,,L,,,,,40828-CAMOSAND4952-L,0.0,shopify,2,continue,manual,1150.00,,true,true,,,,,,,,,,,,https://cdn.shopify.com/s/files/1/1015/5950/1113/files/fitness__40828__camo-sand-4952__3c7868b2a32a73af__40828-4952-1.jpg?v=1790331678,kg,,,
chiba-40828-fitness,,,,,,,,,迷彩沙色,,,XL,,,,,40828-CAMOSAND4952-XL,0.0,shopify,2,continue,manual,1150.00,,true,true,,,,,,,,,,,,https://cdn.shopify.com/s/files/1/1015/5950/1113/files/fitness__40828__camo-sand-4952__3c7868b2a32a73af__40828-4952-1.jpg?v=1790331678,kg,,,
chiba-40828-fitness,,,,,,,,,迷彩沙色,,,XXL,,,,,40828-CAMOSAND4952-XXL,0.0,shopify,2,continue,manual,1150.00,,true,true,,,,,,,,,,,,https://cdn.shopify.com/s/files/1/1015/5950/1113/files/fitness__40828__camo-sand-4952__3c7868b2a32a73af__40828-4952-1.jpg?v=1790331678,kg,,,
chiba-40828-fitness,,,,,,,,,橄欖綠,,,XS,,,,,40828-OLIVE20-1-XS,0.0,shopify,2,continue,manual,1150.00,,true,true,,,,,,,,,,,,https://cdn.shopify.com/s/files/1/1015/5950/1113/files/fitness__40828__olive-20-1__415cf0d727b185cf__40828-20-1-1.jpg?v=1790331678,kg,,,
chiba-40828-fitness,,,,,,,,,橄欖綠,,,S,,,,,40828-OLIVE20-1-S,0.0,shopify,2,continue,manual,1150.00,,true,true,,,,,,,,,,,,https://cdn.shopify.com/s/files/1/1015/5950/1113/files/fitness__40828__olive-20-1__415cf0d727b185cf__40828-20-1-1.jpg?v=1790331678,kg,,,
chiba-40828-fitness,,,,,,,,,橄欖綠,,,M,,,,,40828-OLIVE20-1-M,0.0,shopify,2,continue,manual,1150.00,,true,true,,,,,,,,,,,,https://cdn.shopify.com/s/files/1/1015/5950/1113/files/fitness__40828__olive-20-1__415cf0d727b185cf__40828-20-1-1.jpg?v=1790331678,kg,,,
chiba-40828-fitness,,,,,,,,,橄欖綠,,,L,,,,,40828-OLIVE20-1-L,0.0,shopify,2,continue,manual,1150.00,,true,true,,,,,,,,,,,,https://cdn.shopify.com/s/files/1/1015/5950/1113/files/fitness__40828__olive-20-1__415cf0d727b185cf__40828-20-1-1.jpg?v=1790331678,kg,,,
chiba-40828-fitness,,,,,,,,,橄欖綠,,,XL,,,,,40828-OLIVE20-1-XL,0.0,shopify,2,continue,manual,1150.00,,true,true,,,,,,,,,,,,https://cdn.shopify.com/s/files/1/1015/5950/1113/files/fitness__40828__olive-20-1__415cf0d727b185cf__40828-20-1-1.jpg?v=1790331678,kg,,,
chiba-40828-fitness,,,,,,,,,橄欖綠,,,XXL,,,,,40828-OLIVE20-1-XXL,0.0,shopify,2,continue,manual,1150.00,,true,true,,,,,,,,,,,,https://cdn.shopify.com/s/files/1/1015/5950/1113/files/fitness__40828__olive-20-1__415cf0d727b185cf__40828-20-1-1.jpg?v=1790331678,kg,,,
chiba-40810-fitness,CHIBA Leather Belt 經典真皮重訓健力腰帶,"<div class=""chiba-product-description"">
  <p><strong>CHIBA Leather Belt 經典真皮重訓健力腰帶</strong>｜德國專業健力重訓腰帶。頂級純牛皮高韌性皮革精工打造，提供腰椎剛性穩固支撐，瞬間激發飽滿腹內壓。</p>
  <ul>
    <li>
<strong>頂級純牛皮剛性支撐</strong>：厚實皮革剛性強韌不易變形，深蹲硬舉提供強大抗衝擊支撐感。</li>
    <li>
<strong>實心不鏽鋼重型雙排扣</strong>：耐重抗壓不滑脫，高強度發力時堅如磐石、安全可靠。</li>
    <li>
<strong>核心腹壓防護</strong>：提供腰腹 360 度環形支撐，防止腰部代償與骨盆翻轉。</li>
  </ul>
  <p>
    • <strong>系列材質</strong>：BELTS｜suede leather<br>
    • <strong>保養方式</strong>：以微濕軟布輕拭表面汗水，通風陰乾，可定期擦拭皮革保養油。
  </p>
</div>",CHIBA GLOVES GERMANY,,fitness,"fitness, 目前為私有頁面-上架前請確認",true,顏色,極致黑,,尺寸,XS,,,,,40810-BLACKBLACK1010-XS,0.0,shopify,2,continue,manual,1400.00,,true,true,,,,,,https://cdn.shopify.com/s/files/1/1015/5950/1113/files/fitness__40810__black-black-1010__2f5e67987be11a04__40810-1010-1.jpg?v=1790331676,1,CHIBA Leather Belt 經典真皮重訓健力腰帶 極致黑,false,CHIBA Leather Belt 經典真皮重訓健力腰帶｜德國專業重訓健力腰帶,德國百年品牌 CHIBA 台灣官方直營：CHIBA Leather Belt 經典真皮重訓健力腰帶。選用頂級厚質皮革，剛性強韌不易形變，提供腰背最強大紮實的抗衝擊支撐感。台灣零售價現貨供應，德國原裝進口品質保證。,https://cdn.shopify.com/s/files/1/1015/5950/1113/files/fitness__40810__black-black-1010__2f5e67987be11a04__40810-1010-1.jpg?v=1790331676,kg,,,active
chiba-40810-fitness,,,,,,,,,極致黑,,,S,,,,,40810-BLACKBLACK1010-S,0.0,shopify,2,continue,manual,1400.00,,true,true,,,,,,https://cdn.shopify.com/s/files/1/1015/5950/1113/files/fitness__40810__black-black-1010__987d62372208bfae__40810-1010-3.jpg?v=1790331676,2,CHIBA Leather Belt 經典真皮重訓健力腰帶 極致黑,,,,https://cdn.shopify.com/s/files/1/1015/5950/1113/files/fitness__40810__black-black-1010__2f5e67987be11a04__40810-1010-1.jpg?v=1790331676,kg,,,
chiba-40810-fitness,,,,,,,,,極致黑,,,M,,,,,40810-BLACKBLACK1010-M,0.0,shopify,2,continue,manual,1400.00,,true,true,,,,,,https://cdn.shopify.com/s/files/1/1015/5950/1113/files/fitness__40810__black-gold-1020__cdc7f7f7c4c937d5__40810-1020-1.jpg?v=1790331676,3,CHIBA Leather Belt 經典真皮重訓健力腰帶 黑配金色,,,,https://cdn.shopify.com/s/files/1/1015/5950/1113/files/fitness__40810__black-black-1010__2f5e67987be11a04__40810-1010-1.jpg?v=1790331676,kg,,,
chiba-40810-fitness,,,,,,,,,極致黑,,,L,,,,,40810-BLACKBLACK1010-L,0.0,shopify,2,continue,manual,1400.00,,true,true,,,,,,https://cdn.shopify.com/s/files/1/1015/5950/1113/files/fitness__40810__black-gold-1020__e75b97a7ddfcaff8__40810-1020-3.jpg?v=1790331676,4,CHIBA Leather Belt 經典真皮重訓健力腰帶 黑配金色,,,,https://cdn.shopify.com/s/files/1/1015/5950/1113/files/fitness__40810__black-black-1010__2f5e67987be11a04__40810-1010-1.jpg?v=1790331676,kg,,,
chiba-40810-fitness,,,,,,,,,極致黑,,,XL,,,,,40810-BLACKBLACK1010-XL,0.0,shopify,2,continue,manual,1400.00,,true,true,,,,,,https://cdn.shopify.com/s/files/1/1015/5950/1113/files/fitness__40810__black-red-1004__fd232f9d3a166ca9__40810-1004-1.jpg?v=1790331676,5,CHIBA Leather Belt 經典真皮重訓健力腰帶 黑配紅色,,,,https://cdn.shopify.com/s/files/1/1015/5950/1113/files/fitness__40810__black-black-1010__2f5e67987be11a04__40810-1010-1.jpg?v=1790331676,kg,,,
chiba-40810-fitness,,,,,,,,,極致黑,,,XXL,,,,,40810-BLACKBLACK1010-XXL,0.0,shopify,2,continue,manual,1400.00,,true,true,,,,,,https://cdn.shopify.com/s/files/1/1015/5950/1113/files/fitness__40810__black-red-1004__c450f5778888fee7__40810-1004-3.jpg?v=1790331676,6,CHIBA Leather Belt 經典真皮重訓健力腰帶 黑配紅色,,,,https://cdn.shopify.com/s/files/1/1015/5950/1113/files/fitness__40810__black-black-1010__2f5e67987be11a04__40810-1010-1.jpg?v=1790331676,kg,,,
chiba-40810-fitness,,,,,,,,,極致黑,,,3XL,,,,,40810-BLACKBLACK1010-3XL,0.0,shopify,2,continue,manual,1400.00,,true,true,,,,,,https://cdn.shopify.com/s/files/1/1015/5950/1113/files/fitness__40810__olive-20-1__5650638ed9477d58__40810-20-1-1.jpg?v=1790331676,7,CHIBA Leather Belt 經典真皮重訓健力腰帶 橄欖綠,,,,https://cdn.shopify.com/s/files/1/1015/5950/1113/files/fitness__40810__black-black-1010__2f5e67987be11a04__40810-1010-1.jpg?v=1790331676,kg,,,
chiba-40810-fitness,,,,,,,,,極致黑,,,4XL,,,,,40810-BLACKBLACK1010-4XL,0.0,shopify,2,continue,manual,1400.00,,true,true,,,,,,https://cdn.shopify.com/s/files/1/1015/5950/1113/files/fitness__40810__pink-23__62c2a6d91bb6d4bf__40810-23-1.jpg?v=1790331676,8,CHIBA Leather Belt 經典真皮重訓健力腰帶 粉紅色,,,,https://cdn.shopify.com/s/files/1/1015/5950/1113/files/fitness__40810__black-black-1010__2f5e67987be11a04__40810-1010-1.jpg?v=1790331676,kg,,,
chiba-40810-fitness,,,,,,,,,黑配金色,,,XS,,,,,40810-BLACKGOLD1020-XS,0.0,shopify,2,continue,manual,1400.00,,true,true,,,,,,,,,,,,https://cdn.shopify.com/s/files/1/1015/5950/1113/files/fitness__40810__black-gold-1020__cdc7f7f7c4c937d5__40810-1020-1.jpg?v=1790331676,kg,,,
chiba-40810-fitness,,,,,,,,,黑配金色,,,S,,,,,40810-BLACKGOLD1020-S,0.0,shopify,2,continue,manual,1400.00,,true,true,,,,,,,,,,,,https://cdn.shopify.com/s/files/1/1015/5950/1113/files/fitness__40810__black-gold-1020__cdc7f7f7c4c937d5__40810-1020-1.jpg?v=1790331676,kg,,,
chiba-40810-fitness,,,,,,,,,黑配金色,,,M,,,,,40810-BLACKGOLD1020-M,0.0,shopify,2,continue,manual,1400.00,,true,true,,,,,,,,,,,,https://cdn.shopify.com/s/files/1/1015/5950/1113/files/fitness__40810__black-gold-1020__cdc7f7f7c4c937d5__40810-1020-1.jpg?v=1790331676,kg,,,
chiba-40810-fitness,,,,,,,,,黑配金色,,,L,,,,,40810-BLACKGOLD1020-L,0.0,shopify,2,continue,manual,1400.00,,true,true,,,,,,,,,,,,https://cdn.shopify.com/s/files/1/1015/5950/1113/files/fitness__40810__black-gold-1020__cdc7f7f7c4c937d5__40810-1020-1.jpg?v=1790331676,kg,,,
chiba-40810-fitness,,,,,,,,,黑配金色,,,XL,,,,,40810-BLACKGOLD1020-XL,0.0,shopify,2,continue,manual,1400.00,,true,true,,,,,,,,,,,,https://cdn.shopify.com/s/files/1/1015/5950/1113/files/fitness__40810__black-gold-1020__cdc7f7f7c4c937d5__40810-1020-1.jpg?v=1790331676,kg,,,
chiba-40810-fitness,,,,,,,,,黑配金色,,,XXL,,,,,40810-BLACKGOLD1020-XXL,0.0,shopify,2,continue,manual,1400.00,,true,true,,,,,,,,,,,,https://cdn.shopify.com/s/files/1/1015/5950/1113/files/fitness__40810__black-gold-1020__cdc7f7f7c4c937d5__40810-1020-1.jpg?v=1790331676,kg,,,
chiba-40810-fitness,,,,,,,,,黑配金色,,,3XL,,,,,40810-BLACKGOLD1020-3XL,0.0,shopify,2,continue,manual,1400.00,,true,true,,,,,,,,,,,,https://cdn.shopify.com/s/files/1/1015/5950/1113/files/fitness__40810__black-gold-1020__cdc7f7f7c4c937d5__40810-1020-1.jpg?v=1790331676,kg,,,
chiba-40810-fitness,,,,,,,,,黑配金色,,,4XL,,,,,40810-BLACKGOLD1020-4XL,0.0,shopify,2,continue,manual,1400.00,,true,true,,,,,,,,,,,,https://cdn.shopify.com/s/files/1/1015/5950/1113/files/fitness__40810__black-gold-1020__cdc7f7f7c4c937d5__40810-1020-1.jpg?v=1790331676,kg,,,
chiba-40810-fitness,,,,,,,,,黑配紅色,,,XS,,,,,40810-BLACKRED1004-XS,0.0,shopify,2,continue,manual,1400.00,,true,true,,,,,,,,,,,,https://cdn.shopify.com/s/files/1/1015/5950/1113/files/fitness__40810__black-red-1004__fd232f9d3a166ca9__40810-1004-1.jpg?v=1790331676,kg,,,
chiba-40810-fitness,,,,,,,,,黑配紅色,,,S,,,,,40810-BLACKRED1004-S,0.0,shopify,2,continue,manual,1400.00,,true,true,,,,,,,,,,,,https://cdn.shopify.com/s/files/1/1015/5950/1113/files/fitness__40810__black-red-1004__fd232f9d3a166ca9__40810-1004-1.jpg?v=1790331676,kg,,,
chiba-40810-fitness,,,,,,,,,黑配紅色,,,M,,,,,40810-BLACKRED1004-M,0.0,shopify,2,continue,manual,1400.00,,true,true,,,,,,,,,,,,https://cdn.shopify.com/s/files/1/1015/5950/1113/files/fitness__40810__black-red-1004__fd232f9d3a166ca9__40810-1004-1.jpg?v=1790331676,kg,,,
chiba-40810-fitness,,,,,,,,,黑配紅色,,,L,,,,,40810-BLACKRED1004-L,0.0,shopify,2,continue,manual,1400.00,,true,true,,,,,,,,,,,,https://cdn.shopify.com/s/files/1/1015/5950/1113/files/fitness__40810__black-red-1004__fd232f9d3a166ca9__40810-1004-1.jpg?v=1790331676,kg,,,
chiba-40810-fitness,,,,,,,,,黑配紅色,,,XL,,,,,40810-BLACKRED1004-XL,0.0,shopify,2,continue,manual,1400.00,,true,true,,,,,,,,,,,,https://cdn.shopify.com/s/files/1/1015/5950/1113/files/fitness__40810__black-red-1004__fd232f9d3a166ca9__40810-1004-1.jpg?v=1790331676,kg,,,
chiba-40810-fitness,,,,,,,,,黑配紅色,,,XXL,,,,,40810-BLACKRED1004-XXL,0.0,shopify,2,continue,manual,1400.00,,true,true,,,,,,,,,,,,https://cdn.shopify.com/s/files/1/1015/5950/1113/files/fitness__40810__black-red-1004__fd232f9d3a166ca9__40810-1004-1.jpg?v=1790331676,kg,,,
chiba-40810-fitness,,,,,,,,,黑配紅色,,,3XL,,,,,40810-BLACKRED1004-3XL,0.0,shopify,2,continue,manual,1400.00,,true,true,,,,,,,,,,,,https://cdn.shopify.com/s/files/1/1015/5950/1113/files/fitness__40810__black-red-1004__fd232f9d3a166ca9__40810-1004-1.jpg?v=1790331676,kg,,,
chiba-40810-fitness,,,,,,,,,黑配紅色,,,4XL,,,,,40810-BLACKRED1004-4XL,0.0,shopify,2,continue,manual,1400.00,,true,true,,,,,,,,,,,,https://cdn.shopify.com/s/files/1/1015/5950/1113/files/fitness__40810__black-red-1004__fd232f9d3a166ca9__40810-1004-1.jpg?v=1790331676,kg,,,
chiba-40810-fitness,,,,,,,,,橄欖綠,,,XS,,,,,40810-OLIVE20-1-XS,0.0,shopify,2,continue,manual,1400.00,,true,true,,,,,,,,,,,,https://cdn.shopify.com/s/files/1/1015/5950/1113/files/fitness__40810__olive-20-1__5650638ed9477d58__40810-20-1-1.jpg?v=1790331676,kg,,,
chiba-40810-fitness,,,,,,,,,橄欖綠,,,S,,,,,40810-OLIVE20-1-S,0.0,shopify,2,continue,manual,1400.00,,true,true,,,,,,,,,,,,https://cdn.shopify.com/s/files/1/1015/5950/1113/files/fitness__40810__olive-20-1__5650638ed9477d58__40810-20-1-1.jpg?v=1790331676,kg,,,
chiba-40810-fitness,,,,,,,,,橄欖綠,,,M,,,,,40810-OLIVE20-1-M,0.0,shopify,2,continue,manual,1400.00,,true,true,,,,,,,,,,,,https://cdn.shopify.com/s/files/1/1015/5950/1113/files/fitness__40810__olive-20-1__5650638ed9477d58__40810-20-1-1.jpg?v=1790331676,kg,,,
chiba-40810-fitness,,,,,,,,,橄欖綠,,,L,,,,,40810-OLIVE20-1-L,0.0,shopify,2,continue,manual,1400.00,,true,true,,,,,,,,,,,,https://cdn.shopify.com/s/files/1/1015/5950/1113/files/fitness__40810__olive-20-1__5650638ed9477d58__40810-20-1-1.jpg?v=1790331676,kg,,,
chiba-40810-fitness,,,,,,,,,橄欖綠,,,XL,,,,,40810-OLIVE20-1-XL,0.0,shopify,2,continue,manual,1400.00,,true,true,,,,,,,,,,,,https://cdn.shopify.com/s/files/1/1015/5950/1113/files/fitness__40810__olive-20-1__5650638ed9477d58__40810-20-1-1.jpg?v=1790331676,kg,,,
chiba-40810-fitness,,,,,,,,,橄欖綠,,,XXL,,,,,40810-OLIVE20-1-XXL,0.0,shopify,2,continue,manual,1400.00,,true,true,,,,,,,,,,,,https://cdn.shopify.com/s/files/1/1015/5950/1113/files/fitness__40810__olive-20-1__5650638ed9477d58__40810-20-1-1.jpg?v=1790331676,kg,,,
chiba-40810-fitness,,,,,,,,,橄欖綠,,,3XL,,,,,40810-OLIVE20-1-3XL,0.0,shopify,2,continue,manual,1400.00,,true,true,,,,,,,,,,,,https://cdn.shopify.com/s/files/1/1015/5950/1113/files/fitness__40810__olive-20-1__5650638ed9477d58__40810-20-1-1.jpg?v=1790331676,kg,,,
chiba-40810-fitness,,,,,,,,,橄欖綠,,,4XL,,,,,40810-OLIVE20-1-4XL,0.0,shopify,2,continue,manual,1400.00,,true,true,,,,,,,,,,,,https://cdn.shopify.com/s/files/1/1015/5950/1113/files/fitness__40810__olive-20-1__5650638ed9477d58__40810-20-1-1.jpg?v=1790331676,kg,,,
chiba-40810-fitness,,,,,,,,,粉紅色,,,XS,,,,,40810-PINK23-XS,0.0,shopify,2,continue,manual,1400.00,,true,true,,,,,,,,,,,,https://cdn.shopify.com/s/files/1/1015/5950/1113/files/fitness__40810__pink-23__62c2a6d91bb6d4bf__40810-23-1.jpg?v=1790331676,kg,,,
chiba-40810-fitness,,,,,,,,,粉紅色,,,S,,,,,40810-PINK23-S,0.0,shopify,2,continue,manual,1400.00,,true,true,,,,,,,,,,,,https://cdn.shopify.com/s/files/1/1015/5950/1113/files/fitness__40810__pink-23__62c2a6d91bb6d4bf__40810-23-1.jpg?v=1790331676,kg,,,
chiba-40810-fitness,,,,,,,,,粉紅色,,,M,,,,,40810-PINK23-M,0.0,shopify,2,continue,manual,1400.00,,true,true,,,,,,,,,,,,https://cdn.shopify.com/s/files/1/1015/5950/1113/files/fitness__40810__pink-23__62c2a6d91bb6d4bf__40810-23-1.jpg?v=1790331676,kg,,,
chiba-40810-fitness,,,,,,,,,粉紅色,,,L,,,,,40810-PINK23-L,0.0,shopify,2,continue,manual,1400.00,,true,true,,,,,,,,,,,,https://cdn.shopify.com/s/files/1/1015/5950/1113/files/fitness__40810__pink-23__62c2a6d91bb6d4bf__40810-23-1.jpg?v=1790331676,kg,,,
chiba-40810-fitness,,,,,,,,,粉紅色,,,XL,,,,,40810-PINK23-XL,0.0,shopify,2,continue,manual,1400.00,,true,true,,,,,,,,,,,,https://cdn.shopify.com/s/files/1/1015/5950/1113/files/fitness__40810__pink-23__62c2a6d91bb6d4bf__40810-23-1.jpg?v=1790331676,kg,,,
chiba-40810-fitness,,,,,,,,,粉紅色,,,XXL,,,,,40810-PINK23-XXL,0.0,shopify,2,continue,manual,1400.00,,true,true,,,,,,,,,,,,https://cdn.shopify.com/s/files/1/1015/5950/1113/files/fitness__40810__pink-23__62c2a6d91bb6d4bf__40810-23-1.jpg?v=1790331676,kg,,,
chiba-40810-fitness,,,,,,,,,粉紅色,,,3XL,,,,,40810-PINK23-3XL,0.0,shopify,2,continue,manual,1400.00,,true,true,,,,,,,,,,,,https://cdn.shopify.com/s/files/1/1015/5950/1113/files/fitness__40810__pink-23__62c2a6d91bb6d4bf__40810-23-1.jpg?v=1790331676,kg,,,
chiba-40810-fitness,,,,,,,,,粉紅色,,,4XL,,,,,40810-PINK23-4XL,0.0,shopify,2,continue,manual,1400.00,,true,true,,,,,,,,,,,,https://cdn.shopify.com/s/files/1/1015/5950/1113/files/fitness__40810__pink-23__62c2a6d91bb6d4bf__40810-23-1.jpg?v=1790331676,kg,,,
chiba-40794-fitness,CHIBA Neck Roll 深蹲槓鈴頸部保護防護墊,"<div class=""chiba-product-description"">
  <p><strong>CHIBA Neck Roll 深蹲槓鈴頸部保護防護墊</strong>｜德國大重量深蹲護頸墊。人體工學高密度加厚吸震泡棉，化解沉重槓鈴剛性壓迫。</p>
  <ul>
    <li>
<strong>頸椎人體工學減壓槽</strong>：避開頸椎棘突直接受壓，保護頸背神經骨骼。</li>
    <li>
<strong>耐磨防滑外層套</strong>：吸濕防汗易清潔，緊咬槓鈴桿不滑動移位。</li>
  </ul>
  <p>
    • <strong>規格材質</strong>：ACCESSOIRES
  </p>
</div>",CHIBA GLOVES GERMANY,,fitness,"fitness, 目前為私有頁面-上架前請確認",true,顏色,黑色,,尺寸,ONE SIZE,,,,,40794-BLACK10-ONE SIZE,0.0,shopify,2,continue,manual,750.00,,true,true,,,,,,https://cdn.shopify.com/s/files/1/1015/5950/1113/files/fitness__40794__black-10__60500c0d31047516__40794-10-1.jpg?v=1790331673,1,CHIBA Neck Roll 深蹲槓鈴頸部保護防護墊 黑色,false,CHIBA Neck Roll 深蹲槓鈴頸部保護防護墊｜德國百年專業健身重訓手套,德國百年品牌 CHIBA 台灣官方直營：CHIBA Neck Roll 深蹲槓鈴頸部保護防護墊。厚實抗壓泡棉不易踩扁塌陷，大重量負載下依然保持優異的彈性緩衝防護力。台灣零售價現貨供應，德國原裝進口品質保證。,https://cdn.shopify.com/s/files/1/1015/5950/1113/files/fitness__40794__black-10__60500c0d31047516__40794-10-1.jpg?v=1790331673,kg,,,active
chiba-40794-fitness,,,,,,,,,,,,,,,,,,,,,,,,,,,,,,,,https://cdn.shopify.com/s/files/1/1015/5950/1113/files/fitness__40794__black-10__44601095ddf9c273__40794-10-3.jpg?v=1790331673,2,CHIBA Neck Roll 深蹲槓鈴頸部保護防護墊 黑色,,,,,,,,
chiba-40755-fitness,CHIBA Fitness Bag 專業運動健身裝備包,"<div class=""chiba-product-description"">
  <p><strong>CHIBA Fitness Bag 專業運動健身裝備包</strong>｜德國多功能運動健身裝備包。防潑水耐磨面料，獨立透氣鞋倉，乾濕分離乾淨衛生。</p>
  <ul>
    <li>
<strong>超大容量主收納倉</strong>：輕鬆容納腰帶、護具、換洗衣物與水壺。</li>
    <li>
<strong>獨立側邊鞋倉</strong>：專屬透氣孔設計，隔絕鞋底塵土與異味。</li>
  </ul>
  <p>
    • <strong>材質規格</strong>：BAGS
  </p>
</div>",CHIBA GLOVES GERMANY,,fitness,"fitness, 目前為私有頁面-上架前請確認",true,顏色,黑色,,尺寸,ONE SIZE,,,,,40755-BLACK10-ONE SIZE,0.0,shopify,2,continue,manual,2300.00,,true,true,,,,,,https://cdn.shopify.com/s/files/1/1015/5950/1113/files/fitness__40755__black-10__6b5f59b4e14426a4__40755-10-1.jpg?v=1790331672,1,CHIBA Fitness Bag 專業運動健身裝備包 黑色,false,CHIBA Fitness Bag 專業運動健身裝備包｜德國專業運動健身裝備包,德國百年品牌 CHIBA 台灣官方直營：CHIBA Fitness Bag 專業運動健身裝備包。寬敞主倉輕鬆容納衣物、腰帶、護具、毛巾與水壺，空間利用率極致。台灣零售價現貨供應，德國原裝進口品質保證。,https://cdn.shopify.com/s/files/1/1015/5950/1113/files/fitness__40755__black-10__6b5f59b4e14426a4__40755-10-1.jpg?v=1790331672,kg,,,active
chiba-40755-fitness,,,,,,,,,,,,,,,,,,,,,,,,,,,,,,,,https://cdn.shopify.com/s/files/1/1015/5950/1113/files/fitness__40755__black-10__c96223a6dfe7e7a1__40755-10-2.jpg?v=1790331673,2,CHIBA Fitness Bag 專業運動健身裝備包 黑色,,,,,,,,
chiba-40745-fitness,CHIBA Power Pad 專業防滑抓握墊,"<div class=""chiba-product-description"">
  <p><strong>CHIBA Power Pad 專業防滑抓握墊</strong>｜德國人體工學防滑握力墊。極速穿戴、透氣清爽，告別厚重手套與手掌硬繭。</p>
  <ul>
    <li>
<strong>立體防滑抓握面</strong>：高抓力防滑材質緊密貼合啞鈴槓鈴，抓握精準不滑動。</li>
    <li>
<strong>通風無束縛感</strong>：開放式手背設計，徹底杜絕手套悶熱積汗發臭。</li>
  </ul>
  <p>
    • <strong>系列材質</strong>：ACCESSOIRES
  </p>
</div>",CHIBA GLOVES GERMANY,,fitness,"fitness, 目前為私有頁面-上架前請確認",true,顏色,黑色,,尺寸,ONE SIZE,,,,,40745-BLACK10-ONE SIZE,0.0,shopify,2,continue,manual,200.00,,true,true,,,,,,https://cdn.shopify.com/s/files/1/1015/5950/1113/files/fitness__40745__black-10__5b2471596bb1cf89__40745-10-1.jpg?v=1790331671,1,CHIBA Power Pad 專業防滑抓握墊 黑色,false,CHIBA Power Pad 專業防滑抓握墊｜德國百年專業健身重訓手套,德國百年品牌 CHIBA 台灣官方直營：CHIBA Power Pad 專業防滑抓握墊。關鍵抓握接觸面配置高抓力防滑材質，緊密貼合啞鈴槓鈴，抓握精準不滑動。台灣零售價現貨供應，德國原裝進口品質保證。,https://cdn.shopify.com/s/files/1/1015/5950/1113/files/fitness__40745__black-10__5b2471596bb1cf89__40745-10-1.jpg?v=1790331671,kg,,,active
chiba-40720-fitness,CHIBA Leg Loops 龍門架腿部訓練腳踝扣環,"<div class=""chiba-product-description"">
  <p><strong>CHIBA Leg Loops 龍門架腿部訓練腳踝扣環</strong>｜德國懸掛抬腿訓練帶。重型承重織帶搭配加厚吸震襯墊，純粹孤立轟炸腹肌核心。</p>
  <ul>
    <li>
<strong>懸掛安全承重鎖扣</strong>：重型鋼扣搭配軍規級車縫，懸掛訓練安全無虞。</li>
    <li>
<strong>加厚人體工學軟墊</strong>：均勻分散身體自重，不勒手臂肌膚。</li>
  </ul>
  <p>
    • <strong>規格材質</strong>：ACCESSOIRES
  </p>
</div>",CHIBA GLOVES GERMANY,,fitness,"fitness, 目前為私有頁面-上架前請確認",true,顏色,黑色,,尺寸,ONE SIZE,,,,,40720-BLACK10-ONE SIZE,0.0,shopify,2,continue,manual,750.00,,true,true,,,,,,https://cdn.shopify.com/s/files/1/1015/5950/1113/files/fitness__40720__black-10__194bc59559a40298__40720-10-1.jpg?v=1790331670,1,CHIBA Leg Loops 龍門架腿部訓練腳踝扣環 黑色,false,CHIBA Leg Loops 龍門架腿部訓練腳踝扣環｜德國百年專業健身重訓手套,德國百年品牌 CHIBA 台灣官方直營：CHIBA Leg Loops 龍門架腿部訓練腳踝扣環。重型鋼製快扣搭配軍規級車縫，承重強悍，懸掛訓練安全無虞。台灣零售價現貨供應，德國原裝進口品質保證。,https://cdn.shopify.com/s/files/1/1015/5950/1113/files/fitness__40720__black-10__194bc59559a40298__40720-10-1.jpg?v=1790331670,kg,,,active
chiba-40717-fitness,CHIBA Multifunctions Powerstrap 多功能專業拉力帶,"<div class=""chiba-product-description"">
  <p><strong>CHIBA Multifunctions Powerstrap 多功能專業拉力帶</strong>｜德國專業重訓助拉帶。克服小臂握力過早力竭，專注轟炸背肌與目標大肌群。</p>
  <ul>
    <li>
<strong>高密度耐重抗拉織帶</strong>：高摩擦力織紋咬合槓鈴滾花，杜絕打滑鬆脫。</li>
    <li>
<strong>手腕加厚緩衝襯墊</strong>：配置柔軟氯丁橡膠護墊，徹底告別傳統拉力帶勒手痛感。</li>
  </ul>
  <p>
    • <strong>系列材質</strong>：ACCESSOIRES｜Neoprene<br>
    • <strong>洗滌保養</strong>：30°C 溫和手洗，平放陰乾，請勿烘乾。
  </p>
</div>",CHIBA GLOVES GERMANY,,fitness,"fitness, 目前為私有頁面-上架前請確認",true,顏色,黑色,,尺寸,ONE SIZE,,,,,40717-BLACK10-ONE SIZE,0.0,shopify,2,continue,manual,900.00,,true,true,,,,,,https://cdn.shopify.com/s/files/1/1015/5950/1113/files/fitness__40717__black-10__5865f5ac9966ee54__40717-10-1.jpg?v=1790331672,1,CHIBA Multifunctions Powerstrap 多功能專業拉力帶 黑色,false,CHIBA Multifunctions Powerstrap 多功能專業拉力帶｜德國專業重訓護具配件,德國百年品牌 CHIBA 台灣官方直營：CHIBA Multifunctions Powerstrap 多功能專業拉力帶。高磅數精密編織結構，摩擦力強悍，極佳咬合槓鈴滾花，杜絕打滑鬆脫。台灣零售價現貨供應，德國原裝進口品質保證。,https://cdn.shopify.com/s/files/1/1015/5950/1113/files/fitness__40717__black-10__5865f5ac9966ee54__40717-10-1.jpg?v=1790331672,kg,,,active
chiba-40710-fitness,CHIBA Arm Loops 懸垂核心腹肌引體吊帶,"<div class=""chiba-product-description"">
  <p><strong>CHIBA Arm Loops 懸垂核心腹肌引體吊帶</strong>｜德國懸掛抬腿訓練帶。重型承重織帶搭配加厚吸震襯墊，純粹孤立轟炸腹肌核心。</p>
  <ul>
    <li>
<strong>懸掛安全承重鎖扣</strong>：重型鋼扣搭配軍規級車縫，懸掛訓練安全無虞。</li>
    <li>
<strong>加厚人體工學軟墊</strong>：均勻分散身體自重，不勒手臂肌膚。</li>
  </ul>
  <p>
    • <strong>規格材質</strong>：ACCESSOIRES｜nylon
  </p>
</div>",CHIBA GLOVES GERMANY,,fitness,"fitness, 目前為私有頁面-上架前請確認",true,顏色,黑色,,尺寸,ONE SIZE,,,,,40710-BLACK10-ONE SIZE,0.0,shopify,2,continue,manual,1700.00,,true,true,,,,,,https://cdn.shopify.com/s/files/1/1015/5950/1113/files/fitness__40710__black-10__57490d4ad3853a6b__40710-10-1.jpg?v=1790331668,1,CHIBA Arm Loops 懸垂核心腹肌引體吊帶 黑色,false,CHIBA Arm Loops 懸垂核心腹肌引體吊帶｜德國百年專業健身重訓手套,德國百年品牌 CHIBA 台灣官方直營：CHIBA Arm Loops 懸垂核心腹肌引體吊帶。重型鋼製快扣搭配軍規級車縫，承重強悍，懸掛訓練安全無虞。台灣零售價現貨供應，德國原裝進口品質保證。,https://cdn.shopify.com/s/files/1/1015/5950/1113/files/fitness__40710__black-10__57490d4ad3853a6b__40710-10-1.jpg?v=1790331668,kg,,,active
chiba-40700-fitness,CHIBA Head Harness 頸部負重訓練頭帶,"<div class=""chiba-product-description"">
  <p><strong>CHIBA Head Harness 頸部負重訓練頭帶</strong>｜德國懸掛抬腿訓練帶。重型承重織帶搭配加厚吸震襯墊，純粹孤立轟炸腹肌核心。</p>
  <ul>
    <li>
<strong>懸掛安全承重鎖扣</strong>：重型鋼扣搭配軍規級車縫，懸掛訓練安全無虞。</li>
    <li>
<strong>加厚人體工學軟墊</strong>：均勻分散身體自重，不勒手臂肌膚。</li>
  </ul>
  <p>
    • <strong>規格材質</strong>：ACCESSOIRES｜nylon; stainless steel; Neoprene
  </p>
</div>",CHIBA GLOVES GERMANY,,fitness,"fitness, 目前為私有頁面-上架前請確認",true,顏色,黑色,,尺寸,ONE SIZE,,,,,40700-BLACK10-ONE SIZE,0.0,shopify,2,continue,manual,1050.00,,true,true,,,,,,https://cdn.shopify.com/s/files/1/1015/5950/1113/files/fitness__40700__black-10__af8e632c4e0e3c82__40700-10-1.jpg?v=1790331666,1,CHIBA Head Harness 頸部負重訓練頭帶 黑色,false,CHIBA Head Harness 頸部負重訓練頭帶｜德國百年專業健身重訓手套,德國百年品牌 CHIBA 台灣官方直營：CHIBA Head Harness 頸部負重訓練頭帶。重型鋼製快扣搭配軍規級車縫，承重強悍，懸掛訓練安全無虞。台灣零售價現貨供應，德國原裝進口品質保證。,https://cdn.shopify.com/s/files/1/1015/5950/1113/files/fitness__40700__black-10__af8e632c4e0e3c82__40700-10-1.jpg?v=1790331666,kg,,,active
chiba-40700-fitness,,,,,,,,,,,,,,,,,,,,,,,,,,,,,,,,https://cdn.shopify.com/s/files/1/1015/5950/1113/files/fitness__40700__black-10__ea7bab2b4b492198__40700-10-2.jpg?v=1790331667,2,CHIBA Head Harness 頸部負重訓練頭帶 黑色,,,,,,,,
chiba-40655-fitness,CHIBA Powergrips 掌心握力輔助拉力片,"<div class=""chiba-product-description"">
  <p><strong>CHIBA Powergrips 掌心握力輔助拉力片</strong>｜德國人體工學防滑握力墊。極速穿戴、透氣清爽，告別厚重手套與手掌硬繭。</p>
  <ul>
    <li>
<strong>立體防滑抓握面</strong>：高抓力防滑材質緊密貼合啞鈴槓鈴，抓握精準不滑動。</li>
    <li>
<strong>通風無束縛感</strong>：開放式手背設計，徹底杜絕手套悶熱積汗發臭。</li>
  </ul>
  <p>
    • <strong>系列材質</strong>：ACCESSOIRES｜para-aramid; neoprene
  </p>
</div>",CHIBA GLOVES GERMANY,,fitness,"fitness, 目前為私有頁面-上架前請確認",true,顏色,黑色,,尺寸,ONE SIZE,,,,,40655-BLACK10-ONE SIZE,0.0,shopify,2,continue,manual,1050.00,,true,true,,,,,,https://cdn.shopify.com/s/files/1/1015/5950/1113/files/fitness__40655__black-10__e514b5ddd105f4c5__40655-10-1.jpg?v=1790331665,1,CHIBA Powergrips 掌心握力輔助拉力片 黑色,false,CHIBA Powergrips 掌心握力輔助拉力片｜德國百年專業健身重訓手套,德國百年品牌 CHIBA 台灣官方直營：CHIBA Powergrips 掌心握力輔助拉力片。關鍵抓握接觸面配置高抓力防滑材質，緊密貼合啞鈴槓鈴，抓握精準不滑動。台灣零售價現貨供應，德國原裝進口品質保證。,https://cdn.shopify.com/s/files/1/1015/5950/1113/files/fitness__40655__black-10__e514b5ddd105f4c5__40655-10-1.jpg?v=1790331665,kg,,,active
chiba-40655-fitness,,,,,,,,,,,,,,,,,,,,,,,,,,,,,,,,https://cdn.shopify.com/s/files/1/1015/5950/1113/files/fitness__40655__black-10__253448824bb5e17f__40655-10-2.jpg?v=1790331665,2,CHIBA Powergrips 掌心握力輔助拉力片 黑色,,,,,,,,
chiba-40630-fitness,CHIBA Strongman Power Lifter 大力士硬舉助拉護腕手套,"<div class=""chiba-product-description"">
  <p><strong>CHIBA Strongman Power Lifter 大力士硬舉助拉護腕手套</strong>｜德國專業重訓助拉帶。克服小臂握力過早力竭，專注轟炸背肌與目標大肌群。</p>
  <ul>
    <li>
<strong>高密度耐重抗拉織帶</strong>：高摩擦力織紋咬合槓鈴滾花，杜絕打滑鬆脫。</li>
    <li>
<strong>手腕加厚緩衝襯墊</strong>：配置柔軟氯丁橡膠護墊，徹底告別傳統拉力帶勒手痛感。</li>
  </ul>
  <p>
    • <strong>系列材質</strong>：STRONGMAN LINE｜cotton<br>
    • <strong>洗滌保養</strong>：30°C 溫和手洗，平放陰乾，請勿烘乾。
  </p>
</div>",CHIBA GLOVES GERMANY,,fitness,"fitness, 目前為私有頁面-上架前請確認",true,顏色,黑色,,尺寸,ONE SIZE,,,,,40630-BLACK10-ONE SIZE,0.0,shopify,2,continue,manual,1250.00,,true,true,,,,,,https://cdn.shopify.com/s/files/1/1015/5950/1113/files/fitness__40630__black-10__9551fc530b06c3cf__40630-10-1.jpg?v=1790331664,1,CHIBA Strongman Power Lifter 大力士硬舉助拉護腕手套 黑色,false,CHIBA Strongman Power Lifter 大力士硬舉助拉護腕手套｜德國專業重訓護具配件,德國百年品牌 CHIBA 台灣官方直營：CHIBA Strongman Power Lifter 大力士硬舉助拉護腕手套。高磅數精密編織結構，摩擦力強悍，極佳咬合槓鈴滾花，杜絕打滑鬆脫。台灣零售價現貨供應，德國原裝進口品質保證。,https://cdn.shopify.com/s/files/1/1015/5950/1113/files/fitness__40630__black-10__9551fc530b06c3cf__40630-10-1.jpg?v=1790331664,kg,,,active
chiba-40627-fitness,CHIBA Premium Powerstrap 頂級多功能助拉帶,"<div class=""chiba-product-description"">
  <p><strong>CHIBA Premium Powerstrap 頂級多功能助拉帶</strong>｜德國專業重訓助拉帶。克服小臂握力過早力竭，專注轟炸背肌與目標大肌群。</p>
  <ul>
    <li>
<strong>高密度耐重抗拉織帶</strong>：高摩擦力織紋咬合槓鈴滾花，杜絕打滑鬆脫。</li>
    <li>
<strong>手腕加厚緩衝襯墊</strong>：配置柔軟氯丁橡膠護墊，徹底告別傳統拉力帶勒手痛感。</li>
  </ul>
  <p>
    • <strong>系列材質</strong>：ACCESSOIRES｜cotton; rubber<br>
    • <strong>洗滌保養</strong>：30°C 溫和手洗，平放陰乾，請勿烘乾。
  </p>
</div>",CHIBA GLOVES GERMANY,,fitness,"fitness, 目前為私有頁面-上架前請確認",true,顏色,黑色,,尺寸,ONE SIZE,,,,,40627-BLACK10-ONE SIZE,0.0,shopify,2,continue,manual,1050.00,,true,true,,,,,,https://cdn.shopify.com/s/files/1/1015/5950/1113/files/fitness__40627__black-10__4e3ff5e90ff5939e__40627-10-1.jpg?v=1790331662,1,CHIBA Premium Powerstrap 頂級多功能助拉帶 黑色,false,CHIBA Premium Powerstrap 頂級多功能助拉帶｜德國專業重訓護具配件,德國百年品牌 CHIBA 台灣官方直營：CHIBA Premium Powerstrap 頂級多功能助拉帶。高磅數精密編織結構，摩擦力強悍，極佳咬合槓鈴滾花，杜絕打滑鬆脫。台灣零售價現貨供應，德國原裝進口品質保證。,https://cdn.shopify.com/s/files/1/1015/5950/1113/files/fitness__40627__black-10__4e3ff5e90ff5939e__40627-10-1.jpg?v=1790331662,kg,,,active
chiba-40627-fitness,,,,,,,,,,,,,,,,,,,,,,,,,,,,,,,,https://cdn.shopify.com/s/files/1/1015/5950/1113/files/fitness__40627__black-10__997a66bf02f45f51__40627-10-2.jpg?v=1790331662,2,CHIBA Premium Powerstrap 頂級多功能助拉帶 黑色,,,,,,,,
chiba-40615-fitness,CHIBA Lifting Strap Pro 專業防滑重訓助拉帶,"<div class=""chiba-product-description"">
  <p><strong>CHIBA Lifting Strap Pro 專業防滑重訓助拉帶</strong>｜德國專業重訓助拉帶。克服小臂握力過早力竭，專注轟炸背肌與目標大肌群。</p>
  <ul>
    <li>
<strong>高密度耐重抗拉織帶</strong>：高摩擦力織紋咬合槓鈴滾花，杜絕打滑鬆脫。</li>
    <li>
<strong>手腕加厚緩衝襯墊</strong>：配置柔軟氯丁橡膠護墊，徹底告別傳統拉力帶勒手痛感。</li>
  </ul>
  <p>
    • <strong>系列材質</strong>：ACCESSOIRES｜cotton; Neoprene<br>
    • <strong>洗滌保養</strong>：30°C 溫和手洗，平放陰乾，請勿烘乾。
  </p>
</div>",CHIBA GLOVES GERMANY,,fitness,"fitness, 目前為私有頁面-上架前請確認",true,顏色,黑色,,尺寸,ONE SIZE,,,,,40615-BLACK10-ONE SIZE,0.0,shopify,2,continue,manual,550.00,,true,true,,,,,,https://cdn.shopify.com/s/files/1/1015/5950/1113/files/fitness__40615__black-10__dd997d3cd842f075__40615-10-1.jpg?v=1790331661,1,CHIBA Lifting Strap Pro 專業防滑重訓助拉帶 黑色,false,CHIBA Lifting Strap Pro 專業防滑重訓助拉帶｜德國專業重訓護具配件,德國百年品牌 CHIBA 台灣官方直營：CHIBA Lifting Strap Pro 專業防滑重訓助拉帶。高磅數精密編織結構，摩擦力強悍，極佳咬合槓鈴滾花，杜絕打滑鬆脫。台灣零售價現貨供應，德國原裝進口品質保證。,https://cdn.shopify.com/s/files/1/1015/5950/1113/files/fitness__40615__black-10__dd997d3cd842f075__40615-10-1.jpg?v=1790331661,kg,,,active
chiba-40610-fitness,CHIBA Powerstrap I 力量助拉帶 I,"<div class=""chiba-product-description"">
  <p><strong>CHIBA Powerstrap I 力量助拉帶 I</strong>｜德國專業重訓助拉帶。克服小臂握力過早力竭，專注轟炸背肌與目標大肌群。</p>
  <ul>
    <li>
<strong>高密度耐重抗拉織帶</strong>：高摩擦力織紋咬合槓鈴滾花，杜絕打滑鬆脫。</li>
    <li>
<strong>手腕加厚緩衝襯墊</strong>：配置柔軟氯丁橡膠護墊，徹底告別傳統拉力帶勒手痛感。</li>
  </ul>
  <p>
    • <strong>系列材質</strong>：ACCESSOIRES｜cotton<br>
    • <strong>洗滌保養</strong>：30°C 溫和手洗，平放陰乾，請勿烘乾。
  </p>
</div>",CHIBA GLOVES GERMANY,,fitness,"fitness, 目前為私有頁面-上架前請確認",true,顏色,黑色,,尺寸,ONE SIZE,,,,,40610-BLACK10-ONE SIZE,0.0,shopify,2,continue,manual,850.00,,true,true,,,,,,https://cdn.shopify.com/s/files/1/1015/5950/1113/files/fitness__40610__black-10__998da773c900c866__40610-10-1.jpg?v=1790331660,1,CHIBA Powerstrap I 力量助拉帶 I 黑色,false,CHIBA Powerstrap I 力量助拉帶 I｜德國專業重訓護具配件,德國百年品牌 CHIBA 台灣官方直營：CHIBA Powerstrap I 力量助拉帶 I。高磅數精密編織結構，摩擦力強悍，極佳咬合槓鈴滾花，杜絕打滑鬆脫。台灣零售價現貨供應，德國原裝進口品質保證。,https://cdn.shopify.com/s/files/1/1015/5950/1113/files/fitness__40610__black-10__998da773c900c866__40610-10-1.jpg?v=1790331660,kg,,,active
chiba-40610-fitness,,,,,,,,,,,,,,,,,,,,,,,,,,,,,,,,https://cdn.shopify.com/s/files/1/1015/5950/1113/files/fitness__40610__black-10__ccb4dfeeddff7186__40610-10-2.jpg?v=1790331660,2,CHIBA Powerstrap I 力量助拉帶 I 黑色,,,,,,,,
chiba-40605-fitness,CHIBA Lifting Strap 經典重訓助拉帶,"<div class=""chiba-product-description"">
  <p><strong>CHIBA Lifting Strap 經典重訓助拉帶</strong>｜德國專業重訓助拉帶。克服小臂握力過早力竭，專注轟炸背肌與目標大肌群。</p>
  <ul>
    <li>
<strong>高密度耐重抗拉織帶</strong>：高摩擦力織紋咬合槓鈴滾花，杜絕打滑鬆脫。</li>
    <li>
<strong>手腕加厚緩衝襯墊</strong>：配置柔軟氯丁橡膠護墊，徹底告別傳統拉力帶勒手痛感。</li>
  </ul>
  <p>
    • <strong>系列材質</strong>：ACCESSOIRES｜cotton; Neoprene<br>
    • <strong>洗滌保養</strong>：30°C 溫和手洗，平放陰乾，請勿烘乾。
  </p>
</div>",CHIBA GLOVES GERMANY,,fitness,"fitness, 目前為私有頁面-上架前請確認",true,顏色,黑色,,尺寸,ONE SIZE,,,,,40605-BLACK10-ONE SIZE,0.0,shopify,2,continue,manual,450.00,,true,true,,,,,,https://cdn.shopify.com/s/files/1/1015/5950/1113/files/fitness__40605__black-10__7baa1a9c26e95c3d__40605-10-1.jpg?v=1790331659,1,CHIBA Lifting Strap 經典重訓助拉帶 黑色,false,CHIBA Lifting Strap 經典重訓助拉帶｜德國專業重訓護具配件,德國百年品牌 CHIBA 台灣官方直營：CHIBA Lifting Strap 經典重訓助拉帶。高磅數精密編織結構，摩擦力強悍，極佳咬合槓鈴滾花，杜絕打滑鬆脫。台灣零售價現貨供應，德國原裝進口品質保證。,https://cdn.shopify.com/s/files/1/1015/5950/1113/files/fitness__40605__black-10__7baa1a9c26e95c3d__40605-10-1.jpg?v=1790331659,kg,,,active
chiba-40605-fitness,,,,,,,,,迷彩紅,,,ONE SIZE,,,,,40605-CAMORED4904-ONE SIZE,0.0,shopify,2,continue,manual,450.00,,true,true,,,,,,https://cdn.shopify.com/s/files/1/1015/5950/1113/files/fitness__40605__camo-red-4904__eb1c4d2ccc1f49d1__40605-4904-1.jpg?v=1790331659,2,CHIBA Lifting Strap 經典重訓助拉帶 迷彩紅,,,,https://cdn.shopify.com/s/files/1/1015/5950/1113/files/fitness__40605__camo-red-4904__eb1c4d2ccc1f49d1__40605-4904-1.jpg?v=1790331659,kg,,,
chiba-40605-fitness,,,,,,,,,迷彩沙色,,,ONE SIZE,,,,,40605-CAMOSAND4952-ONE SIZE,0.0,shopify,2,continue,manual,450.00,,true,true,,,,,,https://cdn.shopify.com/s/files/1/1015/5950/1113/files/fitness__40605__camo-sand-4952__24af0fd490b4f34a__40605-4952-1.jpg?v=1790331659,3,CHIBA Lifting Strap 經典重訓助拉帶 迷彩沙色,,,,https://cdn.shopify.com/s/files/1/1015/5950/1113/files/fitness__40605__camo-sand-4952__24af0fd490b4f34a__40605-4952-1.jpg?v=1790331659,kg,,,
chiba-40605-fitness,,,,,,,,,橄欖綠,,,ONE SIZE,,,,,40605-OLIVE20-1-ONE SIZE,0.0,shopify,2,continue,manual,450.00,,true,true,,,,,,https://cdn.shopify.com/s/files/1/1015/5950/1113/files/fitness__40605__olive-20-1__9891a339fdcbb2e2__40605-20-1-1.jpg?v=1790331659,4,CHIBA Lifting Strap 經典重訓助拉帶 橄欖綠,,,,https://cdn.shopify.com/s/files/1/1015/5950/1113/files/fitness__40605__olive-20-1__9891a339fdcbb2e2__40605-20-1-1.jpg?v=1790331659,kg,,,
chiba-40605-fitness,,,,,,,,,粉紅色,,,ONE SIZE,,,,,40605-PINK23-ONE SIZE,0.0,shopify,2,continue,manual,450.00,,true,true,,,,,,https://cdn.shopify.com/s/files/1/1015/5950/1113/files/fitness__40605__pink-23__5032ab168c4adc17__40605-23-1.jpg?v=1790331659,5,CHIBA Lifting Strap 經典重訓助拉帶 粉紅色,,,,https://cdn.shopify.com/s/files/1/1015/5950/1113/files/fitness__40605__pink-23__5032ab168c4adc17__40605-23-1.jpg?v=1790331659,kg,,,
chiba-40605-fitness,,,,,,,,,紅色,,,ONE SIZE,,,,,40605-RED04-ONE SIZE,0.0,shopify,2,continue,manual,450.00,,true,true,,,,,,https://cdn.shopify.com/s/files/1/1015/5950/1113/files/fitness__40605__red-04__787d9b1f146e7742__40605-04-1.jpg?v=1790331659,6,CHIBA Lifting Strap 經典重訓助拉帶 紅色,,,,https://cdn.shopify.com/s/files/1/1015/5950/1113/files/fitness__40605__red-04__787d9b1f146e7742__40605-04-1.jpg?v=1790331659,kg,,,
chiba-40486-fitness,CHIBA Knee Wrap Pro 專業深蹲加強護膝,"<div class=""chiba-product-description"">
  <p><strong>CHIBA Knee Wrap Pro 專業深蹲加強護膝</strong>｜德國專業重訓關節防護。高磅數競技彈性織帶，提供關節剛性鎖定與強效能量回饋。</p>
  <ul>
    <li>
<strong>剛性關節加壓鎖定</strong>：緊密包覆抑制關節過度過屈與側向剪切力，重裝推舉深蹲最安心。</li>
    <li>
<strong>無段式調節強度</strong>：長版纏繞結構，可依訓練動作強度隨心所欲調整緊度。</li>
  </ul>
  <p>
    • <strong>系列材質</strong>：ACCESSOIRES｜Medium-hard elastic<br>
    • <strong>洗滌保養</strong>：30°C 溫和手洗，平放陰乾，請勿烘乾。
  </p>
</div>",CHIBA GLOVES GERMANY,,fitness,"fitness, 目前為私有頁面-上架前請確認",true,顏色,黑色,,尺寸,ONE SIZE,,,,,40486-BLACK10-ONE SIZE,0.0,shopify,2,continue,manual,1150.00,,true,true,,,,,,https://cdn.shopify.com/s/files/1/1015/5950/1113/files/fitness__40486__black-10__733852bf9d2cfcda__40486-10-1.jpg?v=1790331657,1,CHIBA Knee Wrap Pro 專業深蹲加強護膝 黑色,false,CHIBA Knee Wrap Pro 專業深蹲加強護膝｜德國專業重訓護具配件,德國百年品牌 CHIBA 台灣官方直營：CHIBA Knee Wrap Pro 專業深蹲加強護膝。精選強韌彈性纖維交織而成，緊實包覆膝關節，提供超強抗扭轉與防翻折支撐力。台灣零售價現貨供應，德國原裝進口品質保證。,https://cdn.shopify.com/s/files/1/1015/5950/1113/files/fitness__40486__black-10__733852bf9d2cfcda__40486-10-1.jpg?v=1790331657,kg,,,active
chiba-40486-fitness,,,,,,,,,,,,,,,,,,,,,,,,,,,,,,,,https://cdn.shopify.com/s/files/1/1015/5950/1113/files/fitness__40486__black-10__8bcc06d230102365__40486-10-3.jpg?v=1790331657,2,CHIBA Knee Wrap Pro 專業深蹲加強護膝 黑色,,,,,,,,
chiba-40476-fitness,CHIBA Wrist Wrap Pro 專業加壓重訓護腕,"<div class=""chiba-product-description"">
  <p><strong>CHIBA Wrist Wrap Pro 專業加壓重訓護腕</strong>｜德國專業重訓關節防護。高磅數競技彈性織帶，提供關節剛性鎖定與強效能量回饋。</p>
  <ul>
    <li>
<strong>剛性關節加壓鎖定</strong>：緊密包覆抑制關節過度過屈與側向剪切力，重裝推舉深蹲最安心。</li>
    <li>
<strong>無段式調節強度</strong>：長版纏繞結構，可依訓練動作強度隨心所欲調整緊度。</li>
  </ul>
  <p>
    • <strong>系列材質</strong>：ACCESSOIRES｜Medium-hard elastic<br>
    • <strong>洗滌保養</strong>：30°C 溫和手洗，平放陰乾，請勿烘乾。
  </p>
</div>",CHIBA GLOVES GERMANY,,fitness,"fitness, 目前為私有頁面-上架前請確認",true,顏色,黑色,,尺寸,ONE SIZE,,,,,40476-BLACK10-ONE SIZE,0.0,shopify,2,continue,manual,750.00,,true,true,,,,,,https://cdn.shopify.com/s/files/1/1015/5950/1113/files/fitness__40476__black-10__f028b7b7636c7867__40476-10-1.jpg?v=1790331656,1,CHIBA Wrist Wrap Pro 專業加壓重訓護腕 黑色,false,CHIBA Wrist Wrap Pro 專業加壓重訓護腕｜德國專業重訓護具配件,德國百年品牌 CHIBA 台灣官方直營：CHIBA Wrist Wrap Pro 專業加壓重訓護腕。精選強韌彈性纖維交織而成，緊實包覆手腕關節，提供超強抗扭轉與防翻折支撐力。台灣零售價現貨供應，德國原裝進口品質保證。,https://cdn.shopify.com/s/files/1/1015/5950/1113/files/fitness__40476__black-10__f028b7b7636c7867__40476-10-1.jpg?v=1790331656,kg,,,active
chiba-40476-fitness,,,,,,,,,,,,,,,,,,,,,,,,,,,,,,,,https://cdn.shopify.com/s/files/1/1015/5950/1113/files/fitness__40476__black-10__c438e61f6963effe__40476-10-2.jpg?v=1790331656,2,CHIBA Wrist Wrap Pro 專業加壓重訓護腕 黑色,,,,,,,,
chiba-40436-fitness,CHIBA Knee Wrap Black Line 黑標深蹲纏繞護膝,"<div class=""chiba-product-description"">
  <p><strong>CHIBA Knee Wrap Black Line 黑標深蹲纏繞護膝</strong>｜德國專業重訓關節防護。高磅數競技彈性織帶，提供關節剛性鎖定與強效能量回饋。</p>
  <ul>
    <li>
<strong>剛性關節加壓鎖定</strong>：緊密包覆抑制關節過度過屈與側向剪切力，重裝推舉深蹲最安心。</li>
    <li>
<strong>無段式調節強度</strong>：長版纏繞結構，可依訓練動作強度隨心所欲調整緊度。</li>
  </ul>
  <p>
    • <strong>系列材質</strong>：ACCESSOIRES｜Soft-Elastic<br>
    • <strong>洗滌保養</strong>：30°C 溫和手洗，平放陰乾，請勿烘乾。
  </p>
</div>",CHIBA GLOVES GERMANY,,fitness,"fitness, 目前為私有頁面-上架前請確認",true,顏色,黑色,,尺寸,ONE SIZE,,,,,40436-BLACK10-ONE SIZE,0.0,shopify,2,continue,manual,950.00,,true,true,,,,,,https://cdn.shopify.com/s/files/1/1015/5950/1113/files/fitness__40436__black-10__ef15078a9a8f46cd__40436-10-1.jpg?v=1790331654,1,CHIBA Knee Wrap Black Line 黑標深蹲纏繞護膝 黑色,false,CHIBA Knee Wrap Black Line 黑標深蹲纏繞護膝｜德國專業重訓護具配件,德國百年品牌 CHIBA 台灣官方直營：CHIBA Knee Wrap Black Line 黑標深蹲纏繞護膝。精選強韌彈性纖維交織而成，緊實包覆膝關節，提供超強抗扭轉與防翻折支撐力。台灣零售價現貨供應，德國原裝進口品質保證。,https://cdn.shopify.com/s/files/1/1015/5950/1113/files/fitness__40436__black-10__ef15078a9a8f46cd__40436-10-1.jpg?v=1790331654,kg,,,active
chiba-40436-fitness,,,,,,,,,,,,,,,,,,,,,,,,,,,,,,,,https://cdn.shopify.com/s/files/1/1015/5950/1113/files/fitness__40436__black-10__33e4e49e34821980__40436-10-2.jpg?v=1790331654,2,CHIBA Knee Wrap Black Line 黑標深蹲纏繞護膝 黑色,,,,,,,,
chiba-40426-fitness,CHIBA Wrist Wrap Black Line 黑標重訓纏繞護腕,"<div class=""chiba-product-description"">
  <p><strong>CHIBA Wrist Wrap Black Line 黑標重訓纏繞護腕</strong>｜德國專業重訓關節防護。高磅數競技彈性織帶，提供關節剛性鎖定與強效能量回饋。</p>
  <ul>
    <li>
<strong>剛性關節加壓鎖定</strong>：緊密包覆抑制關節過度過屈與側向剪切力，重裝推舉深蹲最安心。</li>
    <li>
<strong>無段式調節強度</strong>：長版纏繞結構，可依訓練動作強度隨心所欲調整緊度。</li>
  </ul>
  <p>
    • <strong>系列材質</strong>：ACCESSOIRES｜Soft-Elastic<br>
    • <strong>洗滌保養</strong>：30°C 溫和手洗，平放陰乾，請勿烘乾。
  </p>
</div>",CHIBA GLOVES GERMANY,,fitness,"fitness, 目前為私有頁面-上架前請確認",true,顏色,黑色,,尺寸,ONE SIZE,,,,,40426-BLACK10-ONE SIZE,0.0,shopify,2,continue,manual,600.00,,true,true,,,,,,https://cdn.shopify.com/s/files/1/1015/5950/1113/files/fitness__40426__black-10__ecb7d5f915728c77__40426-10-1.jpg?v=1790331653,1,CHIBA Wrist Wrap Black Line 黑標重訓纏繞護腕 黑色,false,CHIBA Wrist Wrap Black Line 黑標重訓纏繞護腕｜德國專業重訓護具配件,德國百年品牌 CHIBA 台灣官方直營：CHIBA Wrist Wrap Black Line 黑標重訓纏繞護腕。精選強韌彈性纖維交織而成，緊實包覆手腕關節，提供超強抗扭轉與防翻折支撐力。台灣零售價現貨供應，德國原裝進口品質保證。,https://cdn.shopify.com/s/files/1/1015/5950/1113/files/fitness__40426__black-10__ecb7d5f915728c77__40426-10-1.jpg?v=1790331653,kg,,,active
chiba-40426-fitness,,,,,,,,,,,,,,,,,,,,,,,,,,,,,,,,https://cdn.shopify.com/s/files/1/1015/5950/1113/files/fitness__40426__black-10__0fab7a60394b59b6__40426-10-3.jpg?v=1790331653,2,CHIBA Wrist Wrap Black Line 黑標重訓纏繞護腕 黑色,,,,,,,,
chiba-40425-fitness,CHIBA Air Performer 透氣機能訓練手套,"<div class=""chiba-product-description"">
  <p><strong>CHIBA Air Performer 透氣機能訓練手套</strong>｜德國百年專業重訓手套。人體工學解剖學剪裁，提供堅實抓力與手部關節支撐。</p>
  <ul>
    <li>
<strong>掌心減震防滑</strong>：精密防滑耐磨面料，隔絕器械冰冷鐵鏽與摩擦，提升抓握耐力。</li>
    <li>
<strong>關節人體工學</strong>：人體工學減震耐磨防滑掌面，有效保護手掌防長繭起水泡。</li>
    <li>
<strong>Quick-Pull® 專利秒脫拉環</strong>：指尖拉環設計，訓練後大汗淋漓也能一秒輕鬆脫下。</li>
  </ul>
  <p>
    • <strong>系列材質</strong>：ALLROUND LINE｜Italian Micronet; 3D fabric; silicone<br>
    • <strong>洗滌保養</strong>：支援 30°C 溫和手洗，平放陰乾，請勿烘乾。
  </p>
</div>",CHIBA GLOVES GERMANY,,fitness,"fitness, 目前為私有頁面-上架前請確認",true,顏色,黑色,,尺寸,XS,,,,,40425-BLACK10-XS,0.0,shopify,2,continue,manual,800.00,,true,true,,,,,,https://cdn.shopify.com/s/files/1/1015/5950/1113/files/fitness__40425__black-10__8bd0577c788e80c6__40425-10-1.jpg?v=1790331651,1,CHIBA Air Performer 透氣機能訓練手套 黑色,false,CHIBA Air Performer 透氣機能訓練手套｜德國百年專業健身重訓手套,德國百年品牌 CHIBA 台灣官方直營：CHIBA Air Performer 透氣機能訓練手套。依照掌骨生理結構精準配置緩衝襯墊，均勻分散大重量局部壓強，長效握持無痛不麻。台灣零售價現貨供應，德國原裝進口品質保證。,https://cdn.shopify.com/s/files/1/1015/5950/1113/files/fitness__40425__black-10__8bd0577c788e80c6__40425-10-1.jpg?v=1790331651,kg,,,active
chiba-40425-fitness,,,,,,,,,黑色,,,S,,,,,40425-BLACK10-S,0.0,shopify,2,continue,manual,800.00,,true,true,,,,,,https://cdn.shopify.com/s/files/1/1015/5950/1113/files/fitness__40425__black-10__3d3dc279cbc22d2a__40425-10-2.jpg?v=1790331651,2,CHIBA Air Performer 透氣機能訓練手套 黑色,,,,https://cdn.shopify.com/s/files/1/1015/5950/1113/files/fitness__40425__black-10__8bd0577c788e80c6__40425-10-1.jpg?v=1790331651,kg,,,
chiba-40425-fitness,,,,,,,,,黑色,,,M,,,,,40425-BLACK10-M,0.0,shopify,2,continue,manual,800.00,,true,true,,,,,,https://cdn.shopify.com/s/files/1/1015/5950/1113/files/fitness__40425__darkgrey-19__47b8a9a0aecc5c2f__40425-19-2.jpg?v=1790331651,3,CHIBA Air Performer 透氣機能訓練手套 深灰色,,,,https://cdn.shopify.com/s/files/1/1015/5950/1113/files/fitness__40425__black-10__8bd0577c788e80c6__40425-10-1.jpg?v=1790331651,kg,,,
chiba-40425-fitness,,,,,,,,,黑色,,,L,,,,,40425-BLACK10-L,0.0,shopify,2,continue,manual,800.00,,true,true,,,,,,https://cdn.shopify.com/s/files/1/1015/5950/1113/files/fitness__40425__pink-23__88c17fccab97cf66__40425-23-1.jpg?v=1790331651,4,CHIBA Air Performer 透氣機能訓練手套 粉紅色,,,,https://cdn.shopify.com/s/files/1/1015/5950/1113/files/fitness__40425__black-10__8bd0577c788e80c6__40425-10-1.jpg?v=1790331651,kg,,,
chiba-40425-fitness,,,,,,,,,黑色,,,XL,,,,,40425-BLACK10-XL,0.0,shopify,2,continue,manual,800.00,,true,true,,,,,,https://cdn.shopify.com/s/files/1/1015/5950/1113/files/fitness__40425__pink-23__a545886950f95dd1__40425-23-2.jpg?v=1790331651,5,CHIBA Air Performer 透氣機能訓練手套 粉紅色,,,,https://cdn.shopify.com/s/files/1/1015/5950/1113/files/fitness__40425__black-10__8bd0577c788e80c6__40425-10-1.jpg?v=1790331651,kg,,,
chiba-40425-fitness,,,,,,,,,黑色,,,XXL,,,,,40425-BLACK10-XXL,0.0,shopify,2,continue,manual,800.00,,true,true,,,,,,,,,,,,https://cdn.shopify.com/s/files/1/1015/5950/1113/files/fitness__40425__black-10__8bd0577c788e80c6__40425-10-1.jpg?v=1790331651,kg,,,
chiba-40425-fitness,,,,,,,,,深灰色,,,XS,,,,,40425-DARKGREY19-XS,0.0,shopify,2,continue,manual,800.00,,true,true,,,,,,,,,,,,https://cdn.shopify.com/s/files/1/1015/5950/1113/files/fitness__40425__darkgrey-19__47b8a9a0aecc5c2f__40425-19-2.jpg?v=1790331651,kg,,,
chiba-40425-fitness,,,,,,,,,深灰色,,,S,,,,,40425-DARKGREY19-S,0.0,shopify,2,continue,manual,800.00,,true,true,,,,,,,,,,,,https://cdn.shopify.com/s/files/1/1015/5950/1113/files/fitness__40425__darkgrey-19__47b8a9a0aecc5c2f__40425-19-2.jpg?v=1790331651,kg,,,
chiba-40425-fitness,,,,,,,,,深灰色,,,M,,,,,40425-DARKGREY19-M,0.0,shopify,2,continue,manual,800.00,,true,true,,,,,,,,,,,,https://cdn.shopify.com/s/files/1/1015/5950/1113/files/fitness__40425__darkgrey-19__47b8a9a0aecc5c2f__40425-19-2.jpg?v=1790331651,kg,,,
chiba-40425-fitness,,,,,,,,,深灰色,,,L,,,,,40425-DARKGREY19-L,0.0,shopify,2,continue,manual,800.00,,true,true,,,,,,,,,,,,https://cdn.shopify.com/s/files/1/1015/5950/1113/files/fitness__40425__darkgrey-19__47b8a9a0aecc5c2f__40425-19-2.jpg?v=1790331651,kg,,,
chiba-40425-fitness,,,,,,,,,深灰色,,,XL,,,,,40425-DARKGREY19-XL,0.0,shopify,2,continue,manual,800.00,,true,true,,,,,,,,,,,,https://cdn.shopify.com/s/files/1/1015/5950/1113/files/fitness__40425__darkgrey-19__47b8a9a0aecc5c2f__40425-19-2.jpg?v=1790331651,kg,,,
chiba-40425-fitness,,,,,,,,,深灰色,,,XXL,,,,,40425-DARKGREY19-XXL,0.0,shopify,2,continue,manual,800.00,,true,true,,,,,,,,,,,,https://cdn.shopify.com/s/files/1/1015/5950/1113/files/fitness__40425__darkgrey-19__47b8a9a0aecc5c2f__40425-19-2.jpg?v=1790331651,kg,,,
chiba-40425-fitness,,,,,,,,,粉紅色,,,XS,,,,,40425-PINK23-XS,0.0,shopify,2,continue,manual,800.00,,true,true,,,,,,,,,,,,https://cdn.shopify.com/s/files/1/1015/5950/1113/files/fitness__40425__pink-23__88c17fccab97cf66__40425-23-1.jpg?v=1790331651,kg,,,
chiba-40425-fitness,,,,,,,,,粉紅色,,,S,,,,,40425-PINK23-S,0.0,shopify,2,continue,manual,800.00,,true,true,,,,,,,,,,,,https://cdn.shopify.com/s/files/1/1015/5950/1113/files/fitness__40425__pink-23__88c17fccab97cf66__40425-23-1.jpg?v=1790331651,kg,,,
chiba-40425-fitness,,,,,,,,,粉紅色,,,M,,,,,40425-PINK23-M,0.0,shopify,2,continue,manual,800.00,,true,true,,,,,,,,,,,,https://cdn.shopify.com/s/files/1/1015/5950/1113/files/fitness__40425__pink-23__88c17fccab97cf66__40425-23-1.jpg?v=1790331651,kg,,,
chiba-40425-fitness,,,,,,,,,粉紅色,,,L,,,,,40425-PINK23-L,0.0,shopify,2,continue,manual,800.00,,true,true,,,,,,,,,,,,https://cdn.shopify.com/s/files/1/1015/5950/1113/files/fitness__40425__pink-23__88c17fccab97cf66__40425-23-1.jpg?v=1790331651,kg,,,
chiba-40425-fitness,,,,,,,,,粉紅色,,,XL,,,,,40425-PINK23-XL,0.0,shopify,2,continue,manual,800.00,,true,true,,,,,,,,,,,,https://cdn.shopify.com/s/files/1/1015/5950/1113/files/fitness__40425__pink-23__88c17fccab97cf66__40425-23-1.jpg?v=1790331651,kg,,,
chiba-40425-fitness,,,,,,,,,粉紅色,,,XXL,,,,,40425-PINK23-XXL,0.0,shopify,2,continue,manual,800.00,,true,true,,,,,,,,,,,,https://cdn.shopify.com/s/files/1/1015/5950/1113/files/fitness__40425__pink-23__88c17fccab97cf66__40425-23-1.jpg?v=1790331651,kg,,,
chiba-40415-fitness,CHIBA Fit 輕量貼合訓練手套,"<div class=""chiba-product-description"">
  <p><strong>CHIBA Fit 輕量貼合訓練手套</strong>｜德國百年專業重訓手套。人體工學解剖學剪裁，提供堅實抓力與手部關節支撐。</p>
  <ul>
    <li>
<strong>掌心減震防滑</strong>：精密防滑耐磨面料，隔絕器械冰冷鐵鏽與摩擦，提升抓握耐力。</li>
    <li>
<strong>關節人體工學</strong>：人體工學減震耐磨防滑掌面，有效保護手掌防長繭起水泡。</li>
    <li>
<strong>Quick-Pull® 專利秒脫拉環</strong>：指尖拉環設計，訓練後大汗淋漓也能一秒輕鬆脫下。</li>
  </ul>
  <p>
    • <strong>系列材質</strong>：ALLROUND LINE｜Powernet; Microfibre; silicone<br>
    • <strong>洗滌保養</strong>：支援 30°C 溫和手洗，平放陰乾，請勿烘乾。
  </p>
</div>",CHIBA GLOVES GERMANY,,fitness,"fitness, 目前為私有頁面-上架前請確認",true,顏色,黑色,,尺寸,XS,,,,,40415-BLACK10-XS,0.0,shopify,2,continue,manual,850.00,,true,true,,,,,,https://cdn.shopify.com/s/files/1/1015/5950/1113/files/fitness__40415__black-10__45d67f7b653cc4bd__40415-10-1.jpg?v=1790331649,1,CHIBA Fit 輕量貼合訓練手套 黑色,false,CHIBA Fit 輕量貼合訓練手套｜德國百年專業健身重訓手套,德國百年品牌 CHIBA 台灣官方直營：CHIBA Fit 輕量貼合訓練手套。依照掌骨生理結構精準配置緩衝襯墊，均勻分散大重量局部壓強，長效握持無痛不麻。台灣零售價現貨供應，德國原裝進口品質保證。,https://cdn.shopify.com/s/files/1/1015/5950/1113/files/fitness__40415__black-10__45d67f7b653cc4bd__40415-10-1.jpg?v=1790331649,kg,,,active
chiba-40415-fitness,,,,,,,,,黑色,,,S,,,,,40415-BLACK10-S,0.0,shopify,2,continue,manual,850.00,,true,true,,,,,,https://cdn.shopify.com/s/files/1/1015/5950/1113/files/fitness__40415__black-10__7e97e3676092fa14__40415-10-2.jpg?v=1790331649,2,CHIBA Fit 輕量貼合訓練手套 黑色,,,,https://cdn.shopify.com/s/files/1/1015/5950/1113/files/fitness__40415__black-10__45d67f7b653cc4bd__40415-10-1.jpg?v=1790331649,kg,,,
chiba-40415-fitness,,,,,,,,,黑色,,,M,,,,,40415-BLACK10-M,0.0,shopify,2,continue,manual,850.00,,true,true,,,,,,https://cdn.shopify.com/s/files/1/1015/5950/1113/files/fitness__40415__pink-23__e8832febd4e021a1__40415-23-1.jpg?v=1790331649,3,CHIBA Fit 輕量貼合訓練手套 粉紅色,,,,https://cdn.shopify.com/s/files/1/1015/5950/1113/files/fitness__40415__black-10__45d67f7b653cc4bd__40415-10-1.jpg?v=1790331649,kg,,,
chiba-40415-fitness,,,,,,,,,黑色,,,L,,,,,40415-BLACK10-L,0.0,shopify,2,continue,manual,850.00,,true,true,,,,,,https://cdn.shopify.com/s/files/1/1015/5950/1113/files/fitness__40415__pink-23__ccdf2e644053fec3__40415-23-2.jpg?v=1790331649,4,CHIBA Fit 輕量貼合訓練手套 粉紅色,,,,https://cdn.shopify.com/s/files/1/1015/5950/1113/files/fitness__40415__black-10__45d67f7b653cc4bd__40415-10-1.jpg?v=1790331649,kg,,,
chiba-40415-fitness,,,,,,,,,黑色,,,XL,,,,,40415-BLACK10-XL,0.0,shopify,2,continue,manual,850.00,,true,true,,,,,,https://cdn.shopify.com/s/files/1/1015/5950/1113/files/fitness__40415__white-01__f1cb70e8be6a083d__40415-01-1.jpg?v=1790331649,5,CHIBA Fit 輕量貼合訓練手套 白色,,,,https://cdn.shopify.com/s/files/1/1015/5950/1113/files/fitness__40415__black-10__45d67f7b653cc4bd__40415-10-1.jpg?v=1790331649,kg,,,
chiba-40415-fitness,,,,,,,,,黑色,,,XXL,,,,,40415-BLACK10-XXL,0.0,shopify,2,continue,manual,850.00,,true,true,,,,,,https://cdn.shopify.com/s/files/1/1015/5950/1113/files/fitness__40415__white-01__9a32fcf7911691d0__40415-01-2.jpg?v=1790331649,6,CHIBA Fit 輕量貼合訓練手套 白色,,,,https://cdn.shopify.com/s/files/1/1015/5950/1113/files/fitness__40415__black-10__45d67f7b653cc4bd__40415-10-1.jpg?v=1790331649,kg,,,
chiba-40415-fitness,,,,,,,,,粉紅色,,,XS,,,,,40415-PINK23-XS,0.0,shopify,2,continue,manual,850.00,,true,true,,,,,,,,,,,,https://cdn.shopify.com/s/files/1/1015/5950/1113/files/fitness__40415__pink-23__e8832febd4e021a1__40415-23-1.jpg?v=1790331649,kg,,,
chiba-40415-fitness,,,,,,,,,粉紅色,,,S,,,,,40415-PINK23-S,0.0,shopify,2,continue,manual,850.00,,true,true,,,,,,,,,,,,https://cdn.shopify.com/s/files/1/1015/5950/1113/files/fitness__40415__pink-23__e8832febd4e021a1__40415-23-1.jpg?v=1790331649,kg,,,
chiba-40415-fitness,,,,,,,,,粉紅色,,,M,,,,,40415-PINK23-M,0.0,shopify,2,continue,manual,850.00,,true,true,,,,,,,,,,,,https://cdn.shopify.com/s/files/1/1015/5950/1113/files/fitness__40415__pink-23__e8832febd4e021a1__40415-23-1.jpg?v=1790331649,kg,,,
chiba-40415-fitness,,,,,,,,,粉紅色,,,L,,,,,40415-PINK23-L,0.0,shopify,2,continue,manual,850.00,,true,true,,,,,,,,,,,,https://cdn.shopify.com/s/files/1/1015/5950/1113/files/fitness__40415__pink-23__e8832febd4e021a1__40415-23-1.jpg?v=1790331649,kg,,,
chiba-40415-fitness,,,,,,,,,粉紅色,,,XL,,,,,40415-PINK23-XL,0.0,shopify,2,continue,manual,850.00,,true,true,,,,,,,,,,,,https://cdn.shopify.com/s/files/1/1015/5950/1113/files/fitness__40415__pink-23__e8832febd4e021a1__40415-23-1.jpg?v=1790331649,kg,,,
chiba-40415-fitness,,,,,,,,,粉紅色,,,XXL,,,,,40415-PINK23-XXL,0.0,shopify,2,continue,manual,850.00,,true,true,,,,,,,,,,,,https://cdn.shopify.com/s/files/1/1015/5950/1113/files/fitness__40415__pink-23__e8832febd4e021a1__40415-23-1.jpg?v=1790331649,kg,,,
chiba-40415-fitness,,,,,,,,,白色,,,XS,,,,,40415-WHITE01-XS,0.0,shopify,2,continue,manual,850.00,,true,true,,,,,,,,,,,,https://cdn.shopify.com/s/files/1/1015/5950/1113/files/fitness__40415__white-01__f1cb70e8be6a083d__40415-01-1.jpg?v=1790331649,kg,,,
chiba-40415-fitness,,,,,,,,,白色,,,S,,,,,40415-WHITE01-S,0.0,shopify,2,continue,manual,850.00,,true,true,,,,,,,,,,,,https://cdn.shopify.com/s/files/1/1015/5950/1113/files/fitness__40415__white-01__f1cb70e8be6a083d__40415-01-1.jpg?v=1790331649,kg,,,
chiba-40415-fitness,,,,,,,,,白色,,,M,,,,,40415-WHITE01-M,0.0,shopify,2,continue,manual,850.00,,true,true,,,,,,,,,,,,https://cdn.shopify.com/s/files/1/1015/5950/1113/files/fitness__40415__white-01__f1cb70e8be6a083d__40415-01-1.jpg?v=1790331649,kg,,,
chiba-40415-fitness,,,,,,,,,白色,,,L,,,,,40415-WHITE01-L,0.0,shopify,2,continue,manual,850.00,,true,true,,,,,,,,,,,,https://cdn.shopify.com/s/files/1/1015/5950/1113/files/fitness__40415__white-01__f1cb70e8be6a083d__40415-01-1.jpg?v=1790331649,kg,,,
chiba-40415-fitness,,,,,,,,,白色,,,XL,,,,,40415-WHITE01-XL,0.0,shopify,2,continue,manual,850.00,,true,true,,,,,,,,,,,,https://cdn.shopify.com/s/files/1/1015/5950/1113/files/fitness__40415__white-01__f1cb70e8be6a083d__40415-01-1.jpg?v=1790331649,kg,,,
chiba-40415-fitness,,,,,,,,,白色,,,XXL,,,,,40415-WHITE01-XXL,0.0,shopify,2,continue,manual,850.00,,true,true,,,,,,,,,,,,https://cdn.shopify.com/s/files/1/1015/5950/1113/files/fitness__40415__white-01__f1cb70e8be6a083d__40415-01-1.jpg?v=1790331649,kg,,,
chiba-40400-fitness,CHIBA Power 力量重訓手套,"<div class=""chiba-product-description"">
  <p><strong>CHIBA Power 力量重訓手套</strong>｜德國百年專業重訓手套。人體工學解剖學剪裁，提供堅實抓力與手部關節支撐。</p>
  <ul>
    <li>
<strong>掌心減震防滑</strong>：精密防滑耐磨面料，隔絕器械冰冷鐵鏽與摩擦，提升抓握耐力。</li>
    <li>
<strong>關節人體工學</strong>：人體工學減震耐磨防滑掌面，有效保護手掌防長繭起水泡。</li>
    <li>
<strong>Quick-Pull® 專利秒脫拉環</strong>：指尖拉環設計，訓練後大汗淋漓也能一秒輕鬆脫下。</li>
  </ul>
  <p>
    • <strong>系列材質</strong>：ALLROUND LINE｜Microfibre<br>
    • <strong>洗滌保養</strong>：支援 30°C 溫和手洗，平放陰乾，請勿烘乾。
  </p>
</div>",CHIBA GLOVES GERMANY,,fitness,"fitness, 目前為私有頁面-上架前請確認",true,顏色,黑色,,尺寸,XS,,,,,40400-BLACK10-XS,0.0,shopify,2,continue,manual,650.00,,true,true,,,,,,https://cdn.shopify.com/s/files/1/1015/5950/1113/files/fitness__40400__black-10__00eb7d315dcbfab8__40400-10-1.jpg?v=1790331648,1,CHIBA Power 力量重訓手套 黑色,false,CHIBA Power 力量重訓手套｜德國百年專業健身重訓手套,德國百年品牌 CHIBA 台灣官方直營：CHIBA Power 力量重訓手套。依照掌骨生理結構精準配置緩衝襯墊，均勻分散大重量局部壓強，長效握持無痛不麻。台灣零售價現貨供應，德國原裝進口品質保證。,https://cdn.shopify.com/s/files/1/1015/5950/1113/files/fitness__40400__black-10__00eb7d315dcbfab8__40400-10-1.jpg?v=1790331648,kg,,,active
chiba-40400-fitness,,,,,,,,,黑色,,,S,,,,,40400-BLACK10-S,0.0,shopify,2,continue,manual,650.00,,true,true,,,,,,https://cdn.shopify.com/s/files/1/1015/5950/1113/files/fitness__40400__black-10__29d26d19093a6dfb__40400-10-2.jpg?v=1790331648,2,CHIBA Power 力量重訓手套 黑色,,,,https://cdn.shopify.com/s/files/1/1015/5950/1113/files/fitness__40400__black-10__00eb7d315dcbfab8__40400-10-1.jpg?v=1790331648,kg,,,
chiba-40400-fitness,,,,,,,,,黑色,,,M,,,,,40400-BLACK10-M,0.0,shopify,2,continue,manual,650.00,,true,true,,,,,,,,,,,,https://cdn.shopify.com/s/files/1/1015/5950/1113/files/fitness__40400__black-10__00eb7d315dcbfab8__40400-10-1.jpg?v=1790331648,kg,,,
chiba-40400-fitness,,,,,,,,,黑色,,,L,,,,,40400-BLACK10-L,0.0,shopify,2,continue,manual,650.00,,true,true,,,,,,,,,,,,https://cdn.shopify.com/s/files/1/1015/5950/1113/files/fitness__40400__black-10__00eb7d315dcbfab8__40400-10-1.jpg?v=1790331648,kg,,,
chiba-40400-fitness,,,,,,,,,黑色,,,XL,,,,,40400-BLACK10-XL,0.0,shopify,2,continue,manual,650.00,,true,true,,,,,,,,,,,,https://cdn.shopify.com/s/files/1/1015/5950/1113/files/fitness__40400__black-10__00eb7d315dcbfab8__40400-10-1.jpg?v=1790331648,kg,,,
chiba-40400-fitness,,,,,,,,,黑色,,,XXL,,,,,40400-BLACK10-XXL,0.0,shopify,2,continue,manual,650.00,,true,true,,,,,,,,,,,,https://cdn.shopify.com/s/files/1/1015/5950/1113/files/fitness__40400__black-10__00eb7d315dcbfab8__40400-10-1.jpg?v=1790331648,kg,,,
chiba-40186-fitness,CHIBA Motivation Grippad 激勵防滑握力護墊,"<div class=""chiba-product-description"">
  <p><strong>CHIBA Motivation Grippad 激勵防滑握力護墊</strong>｜德國人體工學防滑握力墊。極速穿戴、透氣清爽，告別厚重手套與手掌硬繭。</p>
  <ul>
    <li>
<strong>立體防滑抓握面</strong>：高抓力防滑材質緊密貼合啞鈴槓鈴，抓握精準不滑動。</li>
    <li>
<strong>通風無束縛感</strong>：開放式手背設計，徹底杜絕手套悶熱積汗發臭。</li>
  </ul>
  <p>
    • <strong>系列材質</strong>：WORKOUT LINE｜Airprene
  </p>
</div>",CHIBA GLOVES GERMANY,,fitness,"fitness, 目前為私有頁面-上架前請確認",true,顏色,黑配金色,,尺寸,S/M,,,,,40186-BLACKGOLD-S/M,0.0,shopify,2,continue,manual,650.00,,true,true,,,,,,https://cdn.shopify.com/s/files/1/1015/5950/1113/files/fitness__40186__black-gold-1020__09df5bbd3195d7f3__40186-1020-1.jpg?v=1790331646,1,CHIBA Motivation Grippad 激勵防滑握力護墊 黑配金色,false,CHIBA Motivation Grippad 激勵防滑握力護墊｜德國百年專業健身重訓手套,德國百年品牌 CHIBA 台灣官方直營：CHIBA Motivation Grippad 激勵防滑握力護墊。關鍵抓握接觸面配置高抓力防滑材質，緊密貼合啞鈴槓鈴，抓握精準不滑動。台灣零售價現貨供應，德國原裝進口品質保證。,https://cdn.shopify.com/s/files/1/1015/5950/1113/files/fitness__40186__black-gold-1020__09df5bbd3195d7f3__40186-1020-1.jpg?v=1790331646,kg,,,active
chiba-40186-fitness,,,,,,,,,黑配金色,,,L/XL,,,,,40186-BLACKGOLD-L/XL,0.0,shopify,2,continue,manual,650.00,,true,true,,,,,,https://cdn.shopify.com/s/files/1/1015/5950/1113/files/fitness__40186__black-gold-1020__6149383da68c7ef5__40186-1020-2.jpg?v=1790331646,2,CHIBA Motivation Grippad 激勵防滑握力護墊 黑配金色,,,,https://cdn.shopify.com/s/files/1/1015/5950/1113/files/fitness__40186__black-gold-1020__09df5bbd3195d7f3__40186-1020-1.jpg?v=1790331646,kg,,,
chiba-40186-fitness,,,,,,,,,黑配金色,,,XXL,,,,,40186-BLACKGOLD-XXL,0.0,shopify,2,continue,manual,650.00,,true,true,,,,,,https://cdn.shopify.com/s/files/1/1015/5950/1113/files/fitness__40186__black-pink-1023__4e9c125fa0034627__40186-1023-1.jpg?v=1790331646,3,CHIBA Motivation Grippad 激勵防滑握力護墊 黑配粉紅,,,,https://cdn.shopify.com/s/files/1/1015/5950/1113/files/fitness__40186__black-gold-1020__09df5bbd3195d7f3__40186-1020-1.jpg?v=1790331646,kg,,,
chiba-40186-fitness,,,,,,,,,黑配粉紅,,,S/M,,,,,40186-BLACKPINK1023-S/M,0.0,shopify,2,continue,manual,650.00,,true,true,,,,,,https://cdn.shopify.com/s/files/1/1015/5950/1113/files/fitness__40186__black-pink-1023__f18d8473e187c0b0__40186-1023-2.jpg?v=1790331646,4,CHIBA Motivation Grippad 激勵防滑握力護墊 黑配粉紅,,,,https://cdn.shopify.com/s/files/1/1015/5950/1113/files/fitness__40186__black-pink-1023__4e9c125fa0034627__40186-1023-1.jpg?v=1790331646,kg,,,
chiba-40186-fitness,,,,,,,,,黑配粉紅,,,L/XL,,,,,40186-BLACKPINK1023-L/XL,0.0,shopify,2,continue,manual,650.00,,true,true,,,,,,https://cdn.shopify.com/s/files/1/1015/5950/1113/files/fitness__40186__black-red-1004__a9b98d7e52c55457__40186-1004-1.jpg?v=1790331646,5,CHIBA Motivation Grippad 激勵防滑握力護墊 黑配紅色,,,,https://cdn.shopify.com/s/files/1/1015/5950/1113/files/fitness__40186__black-pink-1023__4e9c125fa0034627__40186-1023-1.jpg?v=1790331646,kg,,,
chiba-40186-fitness,,,,,,,,,黑配粉紅,,,XXL,,,,,40186-BLACKPINK1023-XXL,0.0,shopify,2,continue,manual,650.00,,true,true,,,,,,https://cdn.shopify.com/s/files/1/1015/5950/1113/files/fitness__40186__black-red-1004__109af650d8691ae6__40186-1004-2.jpg?v=1790331646,6,CHIBA Motivation Grippad 激勵防滑握力護墊 黑配紅色,,,,https://cdn.shopify.com/s/files/1/1015/5950/1113/files/fitness__40186__black-pink-1023__4e9c125fa0034627__40186-1023-1.jpg?v=1790331646,kg,,,
chiba-40186-fitness,,,,,,,,,黑配紅色,,,S/M,,,,,40186-BLACKRED-S/M,0.0,shopify,2,continue,manual,650.00,,true,true,,,,,,https://cdn.shopify.com/s/files/1/1015/5950/1113/files/fitness__40186__camo-grey-4919__914bd3523b2b6c7b__40186-4919-1.jpg?v=1790331646,7,CHIBA Motivation Grippad 激勵防滑握力護墊 迷彩灰,,,,https://cdn.shopify.com/s/files/1/1015/5950/1113/files/fitness__40186__black-red-1004__a9b98d7e52c55457__40186-1004-1.jpg?v=1790331646,kg,,,
chiba-40186-fitness,,,,,,,,,黑配紅色,,,L/XL,,,,,40186-BLACKRED-L/XL,0.0,shopify,2,continue,manual,650.00,,true,true,,,,,,https://cdn.shopify.com/s/files/1/1015/5950/1113/files/fitness__40186__camo-grey-4919__699a9dd492a893d2__40186-4919-2.jpg?v=1790331646,8,CHIBA Motivation Grippad 激勵防滑握力護墊 迷彩灰,,,,https://cdn.shopify.com/s/files/1/1015/5950/1113/files/fitness__40186__black-red-1004__a9b98d7e52c55457__40186-1004-1.jpg?v=1790331646,kg,,,
chiba-40186-fitness,,,,,,,,,黑配紅色,,,XXL,,,,,40186-BLACKRED-XXL,0.0,shopify,2,continue,manual,650.00,,true,true,,,,,,https://cdn.shopify.com/s/files/1/1015/5950/1113/files/fitness__40186__camo-red-4904__63fe5eaf4c63a914__40186-4904-1.jpg?v=1790331646,9,CHIBA Motivation Grippad 激勵防滑握力護墊 迷彩紅,,,,https://cdn.shopify.com/s/files/1/1015/5950/1113/files/fitness__40186__black-red-1004__a9b98d7e52c55457__40186-1004-1.jpg?v=1790331646,kg,,,
chiba-40186-fitness,,,,,,,,,迷彩灰,,,S/M,,,,,40186-CAMOGREY4919-S/M,0.0,shopify,2,continue,manual,650.00,,true,true,,,,,,https://cdn.shopify.com/s/files/1/1015/5950/1113/files/fitness__40186__camo-red-4904__c4a2b7d00b69b69b__40186-4904-2.jpg?v=1790331646,10,CHIBA Motivation Grippad 激勵防滑握力護墊 迷彩紅,,,,https://cdn.shopify.com/s/files/1/1015/5950/1113/files/fitness__40186__camo-grey-4919__914bd3523b2b6c7b__40186-4919-1.jpg?v=1790331646,kg,,,
chiba-40186-fitness,,,,,,,,,迷彩灰,,,L/XL,,,,,40186-CAMOGREY4919-L/XL,0.0,shopify,2,continue,manual,650.00,,true,true,,,,,,https://cdn.shopify.com/s/files/1/1015/5950/1113/files/fitness__40186__camo-sand-4952__af8a4be9d2b390c3__40186-4952-1.jpg?v=1790331646,11,CHIBA Motivation Grippad 激勵防滑握力護墊 迷彩沙色,,,,https://cdn.shopify.com/s/files/1/1015/5950/1113/files/fitness__40186__camo-grey-4919__914bd3523b2b6c7b__40186-4919-1.jpg?v=1790331646,kg,,,
chiba-40186-fitness,,,,,,,,,迷彩灰,,,XXL,,,,,40186-CAMOGREY4919-XXL,0.0,shopify,2,continue,manual,650.00,,true,true,,,,,,https://cdn.shopify.com/s/files/1/1015/5950/1113/files/fitness__40186__camo-sand-4952__3d71d7e836dcf482__40186-4952-2.jpg?v=1790331646,12,CHIBA Motivation Grippad 激勵防滑握力護墊 迷彩沙色,,,,https://cdn.shopify.com/s/files/1/1015/5950/1113/files/fitness__40186__camo-grey-4919__914bd3523b2b6c7b__40186-4919-1.jpg?v=1790331646,kg,,,
chiba-40186-fitness,,,,,,,,,迷彩紅,,,S/M,,,,,40186-CAMORED4904-S/M,0.0,shopify,2,continue,manual,650.00,,true,true,,,,,,,,,,,,https://cdn.shopify.com/s/files/1/1015/5950/1113/files/fitness__40186__camo-red-4904__63fe5eaf4c63a914__40186-4904-1.jpg?v=1790331646,kg,,,
chiba-40186-fitness,,,,,,,,,迷彩紅,,,L/XL,,,,,40186-CAMORED4904-L/XL,0.0,shopify,2,continue,manual,650.00,,true,true,,,,,,,,,,,,https://cdn.shopify.com/s/files/1/1015/5950/1113/files/fitness__40186__camo-red-4904__63fe5eaf4c63a914__40186-4904-1.jpg?v=1790331646,kg,,,
chiba-40186-fitness,,,,,,,,,迷彩紅,,,XXL,,,,,40186-CAMORED4904-XXL,0.0,shopify,2,continue,manual,650.00,,true,true,,,,,,,,,,,,https://cdn.shopify.com/s/files/1/1015/5950/1113/files/fitness__40186__camo-red-4904__63fe5eaf4c63a914__40186-4904-1.jpg?v=1790331646,kg,,,
chiba-40186-fitness,,,,,,,,,迷彩沙色,,,S/M,,,,,40186-CAMOSAND4952-S/M,0.0,shopify,2,continue,manual,650.00,,true,true,,,,,,,,,,,,https://cdn.shopify.com/s/files/1/1015/5950/1113/files/fitness__40186__camo-sand-4952__af8a4be9d2b390c3__40186-4952-1.jpg?v=1790331646,kg,,,
chiba-40186-fitness,,,,,,,,,迷彩沙色,,,L/XL,,,,,40186-CAMOSAND4952-L/XL,0.0,shopify,2,continue,manual,650.00,,true,true,,,,,,,,,,,,https://cdn.shopify.com/s/files/1/1015/5950/1113/files/fitness__40186__camo-sand-4952__af8a4be9d2b390c3__40186-4952-1.jpg?v=1790331646,kg,,,
chiba-40186-fitness,,,,,,,,,迷彩沙色,,,XXL,,,,,40186-CAMOSAND4952-XXL,0.0,shopify,2,continue,manual,650.00,,true,true,,,,,,,,,,,,https://cdn.shopify.com/s/files/1/1015/5950/1113/files/fitness__40186__camo-sand-4952__af8a4be9d2b390c3__40186-4952-1.jpg?v=1790331646,kg,,,
chiba-40175-fitness,CHIBA Grippad PRO 專業抓握防滑握力墊,"<div class=""chiba-product-description"">
  <p><strong>CHIBA Grippad PRO 專業抓握防滑握力墊</strong>｜德國人體工學防滑握力墊。極速穿戴、透氣清爽，告別厚重手套與手掌硬繭。</p>
  <ul>
    <li>
<strong>立體防滑抓握面</strong>：高抓力防滑材質緊密貼合啞鈴槓鈴，抓握精準不滑動。</li>
    <li>
<strong>通風無束縛感</strong>：開放式手背設計，徹底杜絕手套悶熱積汗發臭。</li>
  </ul>
  <p>
    • <strong>系列材質</strong>：WORKOUT LINE｜Airprene
  </p>
</div>",CHIBA GLOVES GERMANY,,fitness,"fitness, 目前為私有頁面-上架前請確認",true,顏色,黑色,,尺寸,S/M,,,,,40175-BLACK10-S/M,0.0,shopify,2,continue,manual,850.00,,true,true,,,,,,https://cdn.shopify.com/s/files/1/1015/5950/1113/files/fitness__40175__black-10__f14f2f7cd21f3474__40175-10-1.jpg?v=1790331644,1,CHIBA Grippad PRO 專業抓握防滑握力墊 黑色,false,CHIBA Grippad PRO 專業抓握防滑握力墊｜德國百年專業健身重訓手套,德國百年品牌 CHIBA 台灣官方直營：CHIBA Grippad PRO 專業抓握防滑握力墊。關鍵抓握接觸面配置高抓力防滑材質，緊密貼合啞鈴槓鈴，抓握精準不滑動。台灣零售價現貨供應，德國原裝進口品質保證。,https://cdn.shopify.com/s/files/1/1015/5950/1113/files/fitness__40175__black-10__f14f2f7cd21f3474__40175-10-1.jpg?v=1790331644,kg,,,active
chiba-40175-fitness,,,,,,,,,黑色,,,L/XL,,,,,40175-BLACK10-L/XL,0.0,shopify,2,continue,manual,850.00,,true,true,,,,,,https://cdn.shopify.com/s/files/1/1015/5950/1113/files/fitness__40175__black-10__2d02eb68db11c221__40175-10-2.jpg?v=1790331644,2,CHIBA Grippad PRO 專業抓握防滑握力墊 黑色,,,,https://cdn.shopify.com/s/files/1/1015/5950/1113/files/fitness__40175__black-10__f14f2f7cd21f3474__40175-10-1.jpg?v=1790331644,kg,,,
chiba-40165-fitness,CHIBA XTR Gel 極致凝膠健身手套,"<div class=""chiba-product-description"">
  <p><strong>CHIBA XTR Gel 極致凝膠健身手套</strong>｜德國百年專業重訓手套。人體工學解剖學剪裁，提供堅實抓力與手部關節支撐。</p>
  <ul>
    <li>
<strong>掌心減震防滑</strong>：精密防滑耐磨面料，隔絕器械冰冷鐵鏽與摩擦，提升抓握耐力。</li>
    <li>
<strong>關節人體工學</strong>：人體工學減震耐磨防滑掌面，有效保護手掌防長繭起水泡。</li>
    <li>
<strong>Quick-Pull® 專利秒脫拉環</strong>：指尖拉環設計，訓練後大汗淋漓也能一秒輕鬆脫下。</li>
  </ul>
  <p>
    • <strong>系列材質</strong>：WORKOUT LINE｜Microfibre; Gel<br>
    • <strong>洗滌保養</strong>：支援 30°C 溫和手洗，平放陰乾，請勿烘乾。
  </p>
</div>",CHIBA GLOVES GERMANY,,fitness,"fitness, 目前為私有頁面-上架前請確認",true,顏色,黑色,,尺寸,XS,,,,,40165-BLACK10-XS,0.0,shopify,2,continue,manual,1100.00,,true,true,,,,,,https://cdn.shopify.com/s/files/1/1015/5950/1113/files/fitness__40165__black-10__ddfc64a76ec77e3f__40165-10-1.jpg?v=1790331643,1,CHIBA XTR Gel 極致凝膠健身手套 黑色,false,CHIBA XTR Gel 極致凝膠健身手套｜德國百年專業健身重訓手套,德國百年品牌 CHIBA 台灣官方直營：CHIBA XTR Gel 極致凝膠健身手套。依照掌骨生理結構精準配置緩衝襯墊，均勻分散大重量局部壓強，長效握持無痛不麻。台灣零售價現貨供應，德國原裝進口品質保證。,https://cdn.shopify.com/s/files/1/1015/5950/1113/files/fitness__40165__black-10__ddfc64a76ec77e3f__40165-10-1.jpg?v=1790331643,kg,,,active
chiba-40165-fitness,,,,,,,,,黑色,,,S,,,,,40165-BLACK10-S,0.0,shopify,2,continue,manual,1100.00,,true,true,,,,,,https://cdn.shopify.com/s/files/1/1015/5950/1113/files/fitness__40165__black-10__f09231e6764b6bad__40165-10-2.jpg?v=1790331643,2,CHIBA XTR Gel 極致凝膠健身手套 黑色,,,,https://cdn.shopify.com/s/files/1/1015/5950/1113/files/fitness__40165__black-10__ddfc64a76ec77e3f__40165-10-1.jpg?v=1790331643,kg,,,
chiba-40165-fitness,,,,,,,,,黑色,,,M,,,,,40165-BLACK10-M,0.0,shopify,2,continue,manual,1100.00,,true,true,,,,,,,,,,,,https://cdn.shopify.com/s/files/1/1015/5950/1113/files/fitness__40165__black-10__ddfc64a76ec77e3f__40165-10-1.jpg?v=1790331643,kg,,,
chiba-40165-fitness,,,,,,,,,黑色,,,L,,,,,40165-BLACK10-L,0.0,shopify,2,continue,manual,1100.00,,true,true,,,,,,,,,,,,https://cdn.shopify.com/s/files/1/1015/5950/1113/files/fitness__40165__black-10__ddfc64a76ec77e3f__40165-10-1.jpg?v=1790331643,kg,,,
chiba-40165-fitness,,,,,,,,,黑色,,,XL,,,,,40165-BLACK10-XL,0.0,shopify,2,continue,manual,1100.00,,true,true,,,,,,,,,,,,https://cdn.shopify.com/s/files/1/1015/5950/1113/files/fitness__40165__black-10__ddfc64a76ec77e3f__40165-10-1.jpg?v=1790331643,kg,,,
chiba-40165-fitness,,,,,,,,,黑色,,,XXL,,,,,40165-BLACK10-XXL,0.0,shopify,2,continue,manual,1100.00,,true,true,,,,,,,,,,,,https://cdn.shopify.com/s/files/1/1015/5950/1113/files/fitness__40165__black-10__ddfc64a76ec77e3f__40165-10-1.jpg?v=1790331643,kg,,,
chiba-40148-fitness,CHIBA Iron III 鐵人專業重訓手套 III,"<div class=""chiba-product-description"">
  <p><strong>CHIBA Iron III 鐵人專業重訓手套 III</strong>｜德國百年專業重訓手套。人體工學解剖學剪裁，提供堅實抓力與手部關節支撐。</p>
  <ul>
    <li>
<strong>掌心減震防滑</strong>：精密防滑耐磨面料，隔絕器械冰冷鐵鏽與摩擦，提升抓握耐力。</li>
    <li>
<strong>關節人體工學</strong>：人體工學減震耐磨防滑掌面，有效保護手掌防長繭起水泡。</li>
    <li>
<strong>Quick-Pull® 專利秒脫拉環</strong>：指尖拉環設計，訓練後大汗淋漓也能一秒輕鬆脫下。</li>
  </ul>
  <p>
    • <strong>系列材質</strong>：WORKOUT LINE｜Microfibre; silicone<br>
    • <strong>洗滌保養</strong>：支援 30°C 溫和手洗，平放陰乾，請勿烘乾。
  </p>
</div>",CHIBA GLOVES GERMANY,,fitness,"fitness, 目前為私有頁面-上架前請確認",true,顏色,黑色,,尺寸,XS,,,,,40148-BLACK10-XS,0.0,shopify,2,continue,manual,1450.00,,true,true,,,,,,https://cdn.shopify.com/s/files/1/1015/5950/1113/files/fitness__40148__black-10__2e46c13787f494d4__40148-10-1.jpg?v=1790331642,1,CHIBA Iron III 鐵人專業重訓手套 III 黑色,false,CHIBA Iron III 鐵人專業重訓手套 III｜德國百年專業健身重訓手套,德國百年品牌 CHIBA 台灣官方直營：CHIBA Iron III 鐵人專業重訓手套 III。依照掌骨生理結構精準配置緩衝襯墊，均勻分散大重量局部壓強，長效握持無痛不麻。台灣零售價現貨供應，德國原裝進口品質保證。,https://cdn.shopify.com/s/files/1/1015/5950/1113/files/fitness__40148__black-10__2e46c13787f494d4__40148-10-1.jpg?v=1790331642,kg,,,active
chiba-40148-fitness,,,,,,,,,黑色,,,S,,,,,40148-BLACK10-S,0.0,shopify,2,continue,manual,1450.00,,true,true,,,,,,https://cdn.shopify.com/s/files/1/1015/5950/1113/files/fitness__40148__black-10__45e2c72a773c7f49__40148-10-2.jpg?v=1790331642,2,CHIBA Iron III 鐵人專業重訓手套 III 黑色,,,,https://cdn.shopify.com/s/files/1/1015/5950/1113/files/fitness__40148__black-10__2e46c13787f494d4__40148-10-1.jpg?v=1790331642,kg,,,
chiba-40148-fitness,,,,,,,,,黑色,,,M,,,,,40148-BLACK10-M,0.0,shopify,2,continue,manual,1450.00,,true,true,,,,,,,,,,,,https://cdn.shopify.com/s/files/1/1015/5950/1113/files/fitness__40148__black-10__2e46c13787f494d4__40148-10-1.jpg?v=1790331642,kg,,,
chiba-40148-fitness,,,,,,,,,黑色,,,L,,,,,40148-BLACK10-L,0.0,shopify,2,continue,manual,1450.00,,true,true,,,,,,,,,,,,https://cdn.shopify.com/s/files/1/1015/5950/1113/files/fitness__40148__black-10__2e46c13787f494d4__40148-10-1.jpg?v=1790331642,kg,,,
chiba-40148-fitness,,,,,,,,,黑色,,,XL,,,,,40148-BLACK10-XL,0.0,shopify,2,continue,manual,1450.00,,true,true,,,,,,,,,,,,https://cdn.shopify.com/s/files/1/1015/5950/1113/files/fitness__40148__black-10__2e46c13787f494d4__40148-10-1.jpg?v=1790331642,kg,,,
chiba-40148-fitness,,,,,,,,,黑色,,,XXL,,,,,40148-BLACK10-XXL,0.0,shopify,2,continue,manual,1450.00,,true,true,,,,,,,,,,,,https://cdn.shopify.com/s/files/1/1015/5950/1113/files/fitness__40148__black-10__2e46c13787f494d4__40148-10-1.jpg?v=1790331642,kg,,,
chiba-40135-fitness,CHIBA Wristguard Protect 護腕防護重訓手套,"<div class=""chiba-product-description"">
  <p><strong>CHIBA Wristguard Protect 護腕防護重訓手套</strong>｜德國百年專業重訓手套。人體工學解剖學剪裁，提供堅實抓力與手部關節支撐。</p>
  <ul>
    <li>
<strong>掌心減震防滑</strong>：精密防滑耐磨面料，隔絕器械冰冷鐵鏽與摩擦，提升抓握耐力。</li>
    <li>
<strong>關節人體工學</strong>：整合加寬人體工學加壓護腕帶，穩固鎖定腕關節，臥推推舉不扭傷。</li>
    <li>
<strong>Quick-Pull® 專利秒脫拉環</strong>：指尖拉環設計，訓練後大汗淋漓也能一秒輕鬆脫下。</li>
  </ul>
  <p>
    • <strong>系列材質</strong>：WORKOUT LINE｜Microfibre<br>
    • <strong>洗滌保養</strong>：支援 30°C 溫和手洗，平放陰乾，請勿烘乾。
  </p>
</div>",CHIBA GLOVES GERMANY,,fitness,"fitness, 目前為私有頁面-上架前請確認",true,顏色,黑色,,尺寸,XS,,,,,40135-BLACK10-XS,0.0,shopify,2,continue,manual,850.00,,true,true,,,,,,https://cdn.shopify.com/s/files/1/1015/5950/1113/files/fitness__40135__black-10__51b4e6cf3b6bcee9__40135-10-1.jpg?v=1790331640,1,CHIBA Wristguard Protect 護腕防護重訓手套 黑色,false,CHIBA Wristguard Protect 護腕防護重訓手套｜德國百年專業健身重訓手套,德國百年品牌 CHIBA 台灣官方直營：CHIBA Wristguard Protect 護腕防護重訓手套。手腕處配置加寬高強度加壓腕帶，有效鎖定腕關節避免推舉時手腕過度背折翻腕受傷。台灣零售價現貨供應，德國原裝進口品質保證。,https://cdn.shopify.com/s/files/1/1015/5950/1113/files/fitness__40135__black-10__51b4e6cf3b6bcee9__40135-10-1.jpg?v=1790331640,kg,,,active
chiba-40135-fitness,,,,,,,,,黑色,,,S,,,,,40135-BLACK10-S,0.0,shopify,2,continue,manual,850.00,,true,true,,,,,,https://cdn.shopify.com/s/files/1/1015/5950/1113/files/fitness__40135__black-10__b62697d8b78dab24__40135-10-2.jpg?v=1790331640,2,CHIBA Wristguard Protect 護腕防護重訓手套 黑色,,,,https://cdn.shopify.com/s/files/1/1015/5950/1113/files/fitness__40135__black-10__51b4e6cf3b6bcee9__40135-10-1.jpg?v=1790331640,kg,,,
chiba-40135-fitness,,,,,,,,,黑色,,,M,,,,,40135-BLACK10-M,0.0,shopify,2,continue,manual,850.00,,true,true,,,,,,,,,,,,https://cdn.shopify.com/s/files/1/1015/5950/1113/files/fitness__40135__black-10__51b4e6cf3b6bcee9__40135-10-1.jpg?v=1790331640,kg,,,
chiba-40135-fitness,,,,,,,,,黑色,,,L,,,,,40135-BLACK10-L,0.0,shopify,2,continue,manual,850.00,,true,true,,,,,,,,,,,,https://cdn.shopify.com/s/files/1/1015/5950/1113/files/fitness__40135__black-10__51b4e6cf3b6bcee9__40135-10-1.jpg?v=1790331640,kg,,,
chiba-40135-fitness,,,,,,,,,黑色,,,XL,,,,,40135-BLACK10-XL,0.0,shopify,2,continue,manual,850.00,,true,true,,,,,,,,,,,,https://cdn.shopify.com/s/files/1/1015/5950/1113/files/fitness__40135__black-10__51b4e6cf3b6bcee9__40135-10-1.jpg?v=1790331640,kg,,,
chiba-40135-fitness,,,,,,,,,黑色,,,XXL,,,,,40135-BLACK10-XXL,0.0,shopify,2,continue,manual,850.00,,true,true,,,,,,,,,,,,https://cdn.shopify.com/s/files/1/1015/5950/1113/files/fitness__40135__black-10__51b4e6cf3b6bcee9__40135-10-1.jpg?v=1790331640,kg,,,
chiba-40125-fitness,CHIBA Wristguard V 專業護腕加壓健身手套 V,"<div class=""chiba-product-description"">
  <p><strong>CHIBA Wristguard V 專業護腕加壓健身手套 V</strong>｜德國百年專業重訓手套。人體工學解剖學剪裁，提供堅實抓力與手部關節支撐。</p>
  <ul>
    <li>
<strong>掌心減震防滑</strong>：精密防滑耐磨面料，隔絕器械冰冷鐵鏽與摩擦，提升抓握耐力。</li>
    <li>
<strong>關節人體工學</strong>：整合加寬人體工學加壓護腕帶，穩固鎖定腕關節，臥推推舉不扭傷。</li>
    <li>
<strong>Quick-Pull® 專利秒脫拉環</strong>：指尖拉環設計，訓練後大汗淋漓也能一秒輕鬆脫下。</li>
  </ul>
  <p>
    • <strong>系列材質</strong>：WORKOUT LINE｜Microfibre<br>
    • <strong>洗滌保養</strong>：支援 30°C 溫和手洗，平放陰乾，請勿烘乾。
  </p>
</div>",CHIBA GLOVES GERMANY,,fitness,"fitness, 目前為私有頁面-上架前請確認",true,顏色,黑色,,尺寸,XS,,,,,40125-BLACK10-XS,0.0,shopify,2,continue,manual,1200.00,,true,true,,,,,,https://cdn.shopify.com/s/files/1/1015/5950/1113/files/fitness__40125__black-10__d4ed7e3b115521cb__40125-10-1.jpg?v=1790331638,1,CHIBA Wristguard V 專業護腕加壓健身手套 V 黑色,false,CHIBA Wristguard V 專業護腕加壓健身手套 V｜德國百年專業健身重訓手套,德國百年品牌 CHIBA 台灣官方直營：CHIBA Wristguard V 專業護腕加壓健身手套 V。手腕處配置加寬高強度加壓腕帶，有效鎖定腕關節避免推舉時手腕過度背折翻腕受傷。台灣零售價現貨供應，德國原裝進口品質保證。,https://cdn.shopify.com/s/files/1/1015/5950/1113/files/fitness__40125__black-10__d4ed7e3b115521cb__40125-10-1.jpg?v=1790331638,kg,,,active
chiba-40125-fitness,,,,,,,,,黑色,,,S,,,,,40125-BLACK10-S,0.0,shopify,2,continue,manual,1200.00,,true,true,,,,,,https://cdn.shopify.com/s/files/1/1015/5950/1113/files/fitness__40125__black-10__4be635db169e8392__40125-10-2.jpg?v=1790331638,2,CHIBA Wristguard V 專業護腕加壓健身手套 V 黑色,,,,https://cdn.shopify.com/s/files/1/1015/5950/1113/files/fitness__40125__black-10__d4ed7e3b115521cb__40125-10-1.jpg?v=1790331638,kg,,,
chiba-40125-fitness,,,,,,,,,黑色,,,M,,,,,40125-BLACK10-M,0.0,shopify,2,continue,manual,1200.00,,true,true,,,,,,,,,,,,https://cdn.shopify.com/s/files/1/1015/5950/1113/files/fitness__40125__black-10__d4ed7e3b115521cb__40125-10-1.jpg?v=1790331638,kg,,,
chiba-40125-fitness,,,,,,,,,黑色,,,L,,,,,40125-BLACK10-L,0.0,shopify,2,continue,manual,1200.00,,true,true,,,,,,,,,,,,https://cdn.shopify.com/s/files/1/1015/5950/1113/files/fitness__40125__black-10__d4ed7e3b115521cb__40125-10-1.jpg?v=1790331638,kg,,,
chiba-40125-fitness,,,,,,,,,黑色,,,XL,,,,,40125-BLACK10-XL,0.0,shopify,2,continue,manual,1200.00,,true,true,,,,,,,,,,,,https://cdn.shopify.com/s/files/1/1015/5950/1113/files/fitness__40125__black-10__d4ed7e3b115521cb__40125-10-1.jpg?v=1790331638,kg,,,
chiba-40125-fitness,,,,,,,,,黑色,,,XXL,,,,,40125-BLACK10-XXL,0.0,shopify,2,continue,manual,1200.00,,true,true,,,,,,,,,,,,https://cdn.shopify.com/s/files/1/1015/5950/1113/files/fitness__40125__black-10__d4ed7e3b115521cb__40125-10-1.jpg?v=1790331638,kg,,,
chiba-40111-fitness,CHIBA Air Wrap 2.0 透氣加壓護腕健身手套 2.0,"<div class=""chiba-product-description"">
  <p><strong>CHIBA Air Wrap 2.0 透氣加壓護腕健身手套 2.0</strong>｜德國百年專業重訓手套。人體工學解剖學剪裁，提供堅實抓力與手部關節支撐。</p>
  <ul>
    <li>
<strong>掌心減震防滑</strong>：精密防滑耐磨面料，隔絕器械冰冷鐵鏽與摩擦，提升抓握耐力。</li>
    <li>
<strong>關節人體工學</strong>：整合加寬人體工學加壓護腕帶，穩固鎖定腕關節，臥推推舉不扭傷。</li>
    <li>
<strong>Quick-Pull® 專利秒脫拉環</strong>：指尖拉環設計，訓練後大汗淋漓也能一秒輕鬆脫下。</li>
  </ul>
  <p>
    • <strong>系列材質</strong>：WORKOUT LINE｜3D fabric; silicone<br>
    • <strong>洗滌保養</strong>：支援 30°C 溫和手洗，平放陰乾，請勿烘乾。
  </p>
</div>",CHIBA GLOVES GERMANY,,fitness,"fitness, 目前為私有頁面-上架前請確認",true,顏色,黑色,,尺寸,XS,,,,,40111-BLACK10-XS,0.0,shopify,2,continue,manual,1250.00,,true,true,,,,,,https://cdn.shopify.com/s/files/1/1015/5950/1113/files/fitness__40111__black-10__f944e5af55b68e03__40111-10-1.jpg?v=1790331637,1,CHIBA Air Wrap 2.0 透氣加壓護腕健身手套 2.0 黑色,false,CHIBA Air Wrap 2.0 透氣加壓護腕健身手套 2.0｜德國百年專業健身重訓手套,德國百年品牌 CHIBA 台灣官方直營：CHIBA Air Wrap 2.0 透氣加壓護腕健身手套 2.0。手腕處配置加寬高強度加壓腕帶，有效鎖定腕關節避免推舉時手腕過度背折翻腕受傷。台灣零售價現貨供應，德國原裝進口品質保證。,https://cdn.shopify.com/s/files/1/1015/5950/1113/files/fitness__40111__black-10__f944e5af55b68e03__40111-10-1.jpg?v=1790331637,kg,,,active
chiba-40111-fitness,,,,,,,,,黑色,,,S,,,,,40111-BLACK10-S,0.0,shopify,2,continue,manual,1250.00,,true,true,,,,,,https://cdn.shopify.com/s/files/1/1015/5950/1113/files/fitness__40111__black-10__88d2b247028ebb5e__40111-10-2.jpg?v=1790331637,2,CHIBA Air Wrap 2.0 透氣加壓護腕健身手套 2.0 黑色,,,,https://cdn.shopify.com/s/files/1/1015/5950/1113/files/fitness__40111__black-10__f944e5af55b68e03__40111-10-1.jpg?v=1790331637,kg,,,
chiba-40111-fitness,,,,,,,,,黑色,,,M,,,,,40111-BLACK10-M,0.0,shopify,2,continue,manual,1250.00,,true,true,,,,,,,,,,,,https://cdn.shopify.com/s/files/1/1015/5950/1113/files/fitness__40111__black-10__f944e5af55b68e03__40111-10-1.jpg?v=1790331637,kg,,,
chiba-40111-fitness,,,,,,,,,黑色,,,L,,,,,40111-BLACK10-L,0.0,shopify,2,continue,manual,1250.00,,true,true,,,,,,,,,,,,https://cdn.shopify.com/s/files/1/1015/5950/1113/files/fitness__40111__black-10__f944e5af55b68e03__40111-10-1.jpg?v=1790331637,kg,,,
chiba-40111-fitness,,,,,,,,,黑色,,,XL,,,,,40111-BLACK10-XL,0.0,shopify,2,continue,manual,1250.00,,true,true,,,,,,,,,,,,https://cdn.shopify.com/s/files/1/1015/5950/1113/files/fitness__40111__black-10__f944e5af55b68e03__40111-10-1.jpg?v=1790331637,kg,,,
chiba-40111-fitness,,,,,,,,,黑色,,,XXL,,,,,40111-BLACK10-XXL,0.0,shopify,2,continue,manual,1250.00,,true,true,,,,,,,,,,,,https://cdn.shopify.com/s/files/1/1015/5950/1113/files/fitness__40111__black-10__f944e5af55b68e03__40111-10-1.jpg?v=1790331637,kg,,,
chiba-3070820-cycling,CHIBA Superlight 超輕量款,"<div class=""chiba-product-description"">
  <p><strong>CHIBA Superlight 超輕量款</strong>｜德國百年專業工藝打造。無縫一體飛織羽量級極速手套，極致貼合手背肌膚。</p>
  <ul>
    <li>
<strong>頂級無縫一體飛織技術</strong>：手背一體成型織造，無多餘拼縫，極致貼合如皮膚延伸。</li>
    <li>
<strong>羽量級極輕配戴體感</strong>：敏銳感知握把變速與煞車回饋，公路車競速與計時賽首選。</li>
    <li>
<strong>Quick-Pull® 專利秒脫拉環</strong>：指尖專利拉環設計，即使騎乘後滿手汗水也能一秒輕鬆俐落脫下手套。</li>
  </ul>
  <p>
    • <strong>系列材質</strong>：Race Line｜飛織面料、Verde面料、彈性纖維<br>
    • <strong>洗滌保養</strong>：支援 30°C 溫和水洗，平放陰乾，請勿烘乾。
  </p>
</div>",CHIBA GLOVES GERMANY,,cycling,"cycling, Race Line",true,顏色,黑配螢光黃,,尺寸,XS,,,,,3070820-BLACKNEONYELLOW-XS,0.0,shopify,2,continue,manual,1450.00,,true,true,,,,,,https://cdn.shopify.com/s/files/1/1015/5950/1113/files/cycling__3070820__70bd7b2df5c1a877__3070820_1003-1_1.jpg?v=1790331636,1,CHIBA Superlight 超輕量款 黑配螢光黃,false,CHIBA Superlight 超輕量款｜德國百年專業自行車手套,德國百年品牌 CHIBA 台灣官方直營：CHIBA Superlight 超輕量款。手背一體成型織造，無多餘拼縫，極致貼合如皮膚延伸。台灣零售價現貨供應，德國原裝進口品質保證。,https://cdn.shopify.com/s/files/1/1015/5950/1113/files/cycling__3070820__70bd7b2df5c1a877__3070820_1003-1_1.jpg?v=1790331636,kg,,,active
chiba-3070820-cycling,,,,,,,,,黑配螢光黃,,,S,,,,,3070820-BLACKNEONYELLOW-S,0.0,shopify,2,continue,manual,1450.00,,true,true,,,,,,https://cdn.shopify.com/s/files/1/1015/5950/1113/files/cycling__3070820__515350a0d0df17f0__3070820_1003-1_2.jpg?v=1790331636,2,CHIBA Superlight 超輕量款 黑配螢光黃,,,,https://cdn.shopify.com/s/files/1/1015/5950/1113/files/cycling__3070820__70bd7b2df5c1a877__3070820_1003-1_1.jpg?v=1790331636,kg,,,
chiba-3070820-cycling,,,,,,,,,黑配螢光黃,,,M,,,,,3070820-BLACKNEONYELLOW-M,0.0,shopify,2,continue,manual,1450.00,,true,true,,,,,,https://cdn.shopify.com/s/files/1/1015/5950/1113/files/cycling__3070820__718d12f76a8fa957__3070820_1004_1.jpg?v=1790331636,3,CHIBA Superlight 超輕量款 黑配紅色,,,,https://cdn.shopify.com/s/files/1/1015/5950/1113/files/cycling__3070820__70bd7b2df5c1a877__3070820_1003-1_1.jpg?v=1790331636,kg,,,
chiba-3070820-cycling,,,,,,,,,黑配螢光黃,,,L,,,,,3070820-BLACKNEONYELLOW-L,0.0,shopify,2,continue,manual,1450.00,,true,true,,,,,,https://cdn.shopify.com/s/files/1/1015/5950/1113/files/cycling__3070820__ee5c7b6cf7b36a72__3070820_1004_2.jpg?v=1790331636,4,CHIBA Superlight 超輕量款 黑配紅色,,,,https://cdn.shopify.com/s/files/1/1015/5950/1113/files/cycling__3070820__70bd7b2df5c1a877__3070820_1003-1_1.jpg?v=1790331636,kg,,,
chiba-3070820-cycling,,,,,,,,,黑配螢光黃,,,XL,,,,,3070820-BLACKNEONYELLOW-XL,0.0,shopify,2,continue,manual,1450.00,,true,true,,,,,,https://cdn.shopify.com/s/files/1/1015/5950/1113/files/cycling__3070820__39116a329cdfedd2__3070820_1010_1.jpg?v=1790331636,5,CHIBA Superlight 超輕量款 極致黑,,,,https://cdn.shopify.com/s/files/1/1015/5950/1113/files/cycling__3070820__70bd7b2df5c1a877__3070820_1003-1_1.jpg?v=1790331636,kg,,,
chiba-3070820-cycling,,,,,,,,,黑配螢光黃,,,XXL,,,,,3070820-BLACKNEONYELLOW-XXL,0.0,shopify,2,continue,manual,1450.00,,true,true,,,,,,https://cdn.shopify.com/s/files/1/1015/5950/1113/files/cycling__3070820__6e0e832818856e32__3070820_1010_2.jpg?v=1790331636,6,CHIBA Superlight 超輕量款 極致黑,,,,https://cdn.shopify.com/s/files/1/1015/5950/1113/files/cycling__3070820__70bd7b2df5c1a877__3070820_1003-1_1.jpg?v=1790331636,kg,,,
chiba-3070820-cycling,,,,,,,,,黑配紅色,,,XS,,,,,3070820-BLACKRED-XS,0.0,shopify,2,continue,manual,1450.00,,true,true,,,,,,,,,,,,https://cdn.shopify.com/s/files/1/1015/5950/1113/files/cycling__3070820__718d12f76a8fa957__3070820_1004_1.jpg?v=1790331636,kg,,,
chiba-3070820-cycling,,,,,,,,,黑配紅色,,,S,,,,,3070820-BLACKRED-S,0.0,shopify,2,continue,manual,1450.00,,true,true,,,,,,,,,,,,https://cdn.shopify.com/s/files/1/1015/5950/1113/files/cycling__3070820__718d12f76a8fa957__3070820_1004_1.jpg?v=1790331636,kg,,,
chiba-3070820-cycling,,,,,,,,,黑配紅色,,,M,,,,,3070820-BLACKRED-M,0.0,shopify,2,continue,manual,1450.00,,true,true,,,,,,,,,,,,https://cdn.shopify.com/s/files/1/1015/5950/1113/files/cycling__3070820__718d12f76a8fa957__3070820_1004_1.jpg?v=1790331636,kg,,,
chiba-3070820-cycling,,,,,,,,,黑配紅色,,,L,,,,,3070820-BLACKRED-L,0.0,shopify,2,continue,manual,1450.00,,true,true,,,,,,,,,,,,https://cdn.shopify.com/s/files/1/1015/5950/1113/files/cycling__3070820__718d12f76a8fa957__3070820_1004_1.jpg?v=1790331636,kg,,,
chiba-3070820-cycling,,,,,,,,,黑配紅色,,,XL,,,,,3070820-BLACKRED-XL,0.0,shopify,2,continue,manual,1450.00,,true,true,,,,,,,,,,,,https://cdn.shopify.com/s/files/1/1015/5950/1113/files/cycling__3070820__718d12f76a8fa957__3070820_1004_1.jpg?v=1790331636,kg,,,
chiba-3070820-cycling,,,,,,,,,黑配紅色,,,XXL,,,,,3070820-BLACKRED-XXL,0.0,shopify,2,continue,manual,1450.00,,true,true,,,,,,,,,,,,https://cdn.shopify.com/s/files/1/1015/5950/1113/files/cycling__3070820__718d12f76a8fa957__3070820_1004_1.jpg?v=1790331636,kg,,,
chiba-3070820-cycling,,,,,,,,,極致黑,,,XS,,,,,3070820-BLACKBLACK-XS,0.0,shopify,2,continue,manual,1450.00,,true,true,,,,,,,,,,,,https://cdn.shopify.com/s/files/1/1015/5950/1113/files/cycling__3070820__39116a329cdfedd2__3070820_1010_1.jpg?v=1790331636,kg,,,
chiba-3070820-cycling,,,,,,,,,極致黑,,,S,,,,,3070820-BLACKBLACK-S,0.0,shopify,2,continue,manual,1450.00,,true,true,,,,,,,,,,,,https://cdn.shopify.com/s/files/1/1015/5950/1113/files/cycling__3070820__39116a329cdfedd2__3070820_1010_1.jpg?v=1790331636,kg,,,
chiba-3070820-cycling,,,,,,,,,極致黑,,,M,,,,,3070820-BLACKBLACK-M,0.0,shopify,2,continue,manual,1450.00,,true,true,,,,,,,,,,,,https://cdn.shopify.com/s/files/1/1015/5950/1113/files/cycling__3070820__39116a329cdfedd2__3070820_1010_1.jpg?v=1790331636,kg,,,
chiba-3070820-cycling,,,,,,,,,極致黑,,,L,,,,,3070820-BLACKBLACK-L,0.0,shopify,2,continue,manual,1450.00,,true,true,,,,,,,,,,,,https://cdn.shopify.com/s/files/1/1015/5950/1113/files/cycling__3070820__39116a329cdfedd2__3070820_1010_1.jpg?v=1790331636,kg,,,
chiba-3070820-cycling,,,,,,,,,極致黑,,,XL,,,,,3070820-BLACKBLACK-XL,0.0,shopify,2,continue,manual,1450.00,,true,true,,,,,,,,,,,,https://cdn.shopify.com/s/files/1/1015/5950/1113/files/cycling__3070820__39116a329cdfedd2__3070820_1010_1.jpg?v=1790331636,kg,,,
chiba-3070820-cycling,,,,,,,,,極致黑,,,XXL,,,,,3070820-BLACKBLACK-XXL,0.0,shopify,2,continue,manual,1450.00,,true,true,,,,,,,,,,,,https://cdn.shopify.com/s/files/1/1015/5950/1113/files/cycling__3070820__39116a329cdfedd2__3070820_1010_1.jpg?v=1790331636,kg,,,
chiba-3069122-cycling,CHIBA BioXCell Lady 女款,"<div class=""chiba-product-description"">
  <p><strong>CHIBA BioXCell Lady 女款</strong>｜德國百年專業工藝打造。BioXCell 防手麻搭配Poron XRD 避震搭配女性專屬纖細剪裁。</p>
  <ul>
    <li>
<strong>女性手型專屬立體版型</strong>：依照女性小骨架精準打版，修長貼合不起皺。</li>
    <li>
<strong>專利 BioXCell 腕隧道中空減壓技術</strong>：解決女性車友手掌骨架薄、易受壓手麻的長年難題。</li>
    <li>
<strong>Quick-Pull® 專利秒脫拉環</strong>：指尖專利拉環設計，即使騎乘後滿手汗水也能一秒輕鬆俐落脫下手套。</li>
  </ul>
  <p>
    • <strong>系列材質</strong>：BioXCell Line｜Bristol萊卡、Verde面料、Clarino人造皮、Poron避震墊<br>
    • <strong>洗滌保養</strong>：支援 30°C 溫和水洗，平放陰乾，請勿烘乾。
  </p>
</div>",CHIBA GLOVES GERMANY,,cycling,"BioXCell Line, cycling",true,顏色,白色,,尺寸,XS,,,,,3069122-WHITE-XS,0.0,shopify,2,continue,manual,1660.00,,true,true,,,,,,https://cdn.shopify.com/s/files/1/1015/5950/1113/files/cycling__3069122__0e672c3fe10a59cc__3069122_01_1.jpg?v=1790331633,1,CHIBA BioXCell Lady 女款 白色,false,CHIBA BioXCell Lady 女款｜德國百年專業自行車手套,德國百年品牌 CHIBA 台灣官方直營：CHIBA BioXCell Lady 女款。依照女性小骨架精準打版，修長貼合不起皺。台灣零售價現貨供應，德國原裝進口品質保證。,https://cdn.shopify.com/s/files/1/1015/5950/1113/files/cycling__3069122__0e672c3fe10a59cc__3069122_01_1.jpg?v=1790331633,kg,,,active
chiba-3069122-cycling,,,,,,,,,白色,,,S,,,,,3069122-WHITE-S,0.0,shopify,2,continue,manual,1660.00,,true,true,,,,,,https://cdn.shopify.com/s/files/1/1015/5950/1113/files/cycling__3069122__6144707c2b78f34c__3069122_01_2.jpg?v=1790331633,2,CHIBA BioXCell Lady 女款 白色,,,,https://cdn.shopify.com/s/files/1/1015/5950/1113/files/cycling__3069122__0e672c3fe10a59cc__3069122_01_1.jpg?v=1790331633,kg,,,
chiba-3069122-cycling,,,,,,,,,白色,,,M,,,,,3069122-WHITE-M,0.0,shopify,2,continue,manual,1660.00,,true,true,,,,,,https://cdn.shopify.com/s/files/1/1015/5950/1113/files/cycling__3069122__9e2c02ff2e516aa1__3069122_10_1.jpg?v=1790331633,3,CHIBA BioXCell Lady 女款 黑色,,,,https://cdn.shopify.com/s/files/1/1015/5950/1113/files/cycling__3069122__0e672c3fe10a59cc__3069122_01_1.jpg?v=1790331633,kg,,,
chiba-3069122-cycling,,,,,,,,,白色,,,L,,,,,3069122-WHITE-L,0.0,shopify,2,continue,manual,1660.00,,true,true,,,,,,https://cdn.shopify.com/s/files/1/1015/5950/1113/files/cycling__3069122__f016e46d3f50093f__3069122_10_2.jpg?v=1790331633,4,CHIBA BioXCell Lady 女款 黑色,,,,https://cdn.shopify.com/s/files/1/1015/5950/1113/files/cycling__3069122__0e672c3fe10a59cc__3069122_01_1.jpg?v=1790331633,kg,,,
chiba-3069122-cycling,,,,,,,,,黑色,,,XS,,,,,3069122-BLACK-XS,0.0,shopify,2,continue,manual,1660.00,,true,true,,,,,,https://cdn.shopify.com/s/files/1/1015/5950/1113/files/cycling__3069122__21b8bfcc24fae754__3069122_23_1.jpg?v=1790331633,5,CHIBA BioXCell Lady 女款 粉紅色,,,,https://cdn.shopify.com/s/files/1/1015/5950/1113/files/cycling__3069122__9e2c02ff2e516aa1__3069122_10_1.jpg?v=1790331633,kg,,,
chiba-3069122-cycling,,,,,,,,,黑色,,,S,,,,,3069122-BLACK-S,0.0,shopify,2,continue,manual,1660.00,,true,true,,,,,,https://cdn.shopify.com/s/files/1/1015/5950/1113/files/cycling__3069122__aee00d4d4896633e__3069122_23_2.jpg?v=1790331633,6,CHIBA BioXCell Lady 女款 粉紅色,,,,https://cdn.shopify.com/s/files/1/1015/5950/1113/files/cycling__3069122__9e2c02ff2e516aa1__3069122_10_1.jpg?v=1790331633,kg,,,
chiba-3069122-cycling,,,,,,,,,黑色,,,M,,,,,3069122-BLACK-M,0.0,shopify,2,continue,manual,1660.00,,true,true,,,,,,https://cdn.shopify.com/s/files/1/1015/5950/1113/files/cycling__3069122__0d1276d38dcc5c9d__3069122_28_1.jpg?v=1790331633,7,CHIBA BioXCell Lady 女款 藍綠色,,,,https://cdn.shopify.com/s/files/1/1015/5950/1113/files/cycling__3069122__9e2c02ff2e516aa1__3069122_10_1.jpg?v=1790331633,kg,,,
chiba-3069122-cycling,,,,,,,,,黑色,,,L,,,,,3069122-BLACK-L,0.0,shopify,2,continue,manual,1660.00,,true,true,,,,,,https://cdn.shopify.com/s/files/1/1015/5950/1113/files/cycling__3069122__fbcbbbd53e2e69f2__3069122_28_2.jpg?v=1790331633,8,CHIBA BioXCell Lady 女款 藍綠色,,,,https://cdn.shopify.com/s/files/1/1015/5950/1113/files/cycling__3069122__9e2c02ff2e516aa1__3069122_10_1.jpg?v=1790331633,kg,,,
chiba-3069122-cycling,,,,,,,,,粉紅色,,,XS,,,,,3069122-PINK-XS,0.0,shopify,2,continue,manual,1660.00,,true,true,,,,,,,,,,,,https://cdn.shopify.com/s/files/1/1015/5950/1113/files/cycling__3069122__21b8bfcc24fae754__3069122_23_1.jpg?v=1790331633,kg,,,
chiba-3069122-cycling,,,,,,,,,粉紅色,,,S,,,,,3069122-PINK-S,0.0,shopify,2,continue,manual,1660.00,,true,true,,,,,,,,,,,,https://cdn.shopify.com/s/files/1/1015/5950/1113/files/cycling__3069122__21b8bfcc24fae754__3069122_23_1.jpg?v=1790331633,kg,,,
chiba-3069122-cycling,,,,,,,,,粉紅色,,,M,,,,,3069122-PINK-M,0.0,shopify,2,continue,manual,1660.00,,true,true,,,,,,,,,,,,https://cdn.shopify.com/s/files/1/1015/5950/1113/files/cycling__3069122__21b8bfcc24fae754__3069122_23_1.jpg?v=1790331633,kg,,,
chiba-3069122-cycling,,,,,,,,,粉紅色,,,L,,,,,3069122-PINK-L,0.0,shopify,2,continue,manual,1660.00,,true,true,,,,,,,,,,,,https://cdn.shopify.com/s/files/1/1015/5950/1113/files/cycling__3069122__21b8bfcc24fae754__3069122_23_1.jpg?v=1790331633,kg,,,
chiba-3069122-cycling,,,,,,,,,藍綠色,,,XS,,,,,3069122-PETROL-XS,0.0,shopify,2,continue,manual,1660.00,,true,true,,,,,,,,,,,,https://cdn.shopify.com/s/files/1/1015/5950/1113/files/cycling__3069122__0d1276d38dcc5c9d__3069122_28_1.jpg?v=1790331633,kg,,,
chiba-3069122-cycling,,,,,,,,,藍綠色,,,S,,,,,3069122-PETROL-S,0.0,shopify,2,continue,manual,1660.00,,true,true,,,,,,,,,,,,https://cdn.shopify.com/s/files/1/1015/5950/1113/files/cycling__3069122__0d1276d38dcc5c9d__3069122_28_1.jpg?v=1790331633,kg,,,
chiba-3069122-cycling,,,,,,,,,藍綠色,,,M,,,,,3069122-PETROL-M,0.0,shopify,2,continue,manual,1660.00,,true,true,,,,,,,,,,,,https://cdn.shopify.com/s/files/1/1015/5950/1113/files/cycling__3069122__0d1276d38dcc5c9d__3069122_28_1.jpg?v=1790331633,kg,,,
chiba-3069122-cycling,,,,,,,,,藍綠色,,,L,,,,,3069122-PETROL-L,0.0,shopify,2,continue,manual,1660.00,,true,true,,,,,,,,,,,,https://cdn.shopify.com/s/files/1/1015/5950/1113/files/cycling__3069122__0d1276d38dcc5c9d__3069122_28_1.jpg?v=1790331633,kg,,,
chiba-3067125-cycling,CHIBA BioXCell Touring 長途巡航款,"<div class=""chiba-product-description"">
  <p><strong>CHIBA BioXCell Touring 長途巡航款</strong>｜德國百年專業工藝打造。BioXCell 防手麻搭配Poron XRD 吸震搭配Clarino 皮革。</p>
  <ul>
    <li>
<strong>專利 BioXCell 兩階段雙層凝膠</strong>：外緣墊高阻斷尺神經壓迫，腕隧道中空減壓消除正中神經壓迫。</li>
    <li>
<strong>Poron™ XRD© 極限吸震分子</strong>：吸收 90% 路面高頻微震，長達數百公里環島長征手部肌肉依然放鬆。</li>
    <li>
<strong>Quick-Pull® 專利秒脫拉環</strong>：指尖專利拉環設計，即使騎乘後滿手汗水也能一秒輕鬆俐落脫下手套。</li>
  </ul>
  <p>
    • <strong>系列材質</strong>：BioXCell Line｜萊卡、Verde面料、Clarino人造皮、Poron避震墊<br>
    • <strong>洗滌保養</strong>：支援 30°C 溫和水洗，平放陰乾，請勿烘乾。
  </p>
</div>",CHIBA GLOVES GERMANY,,cycling,"BioXCell Line, cycling",true,顏色,紅色,,尺寸,XS,,,,,3067125-RED-XS,0.0,shopify,2,continue,manual,2280.00,,true,true,,,,,,https://cdn.shopify.com/s/files/1/1015/5950/1113/files/cycling__3067125__60482bd116237396__3067125_04_1.jpg?v=1790331631,1,CHIBA BioXCell Touring 長途巡航款 紅色,false,CHIBA BioXCell Touring 長途巡航款｜德國百年專業自行車手套,德國百年品牌 CHIBA 台灣官方直營：CHIBA BioXCell Touring 長途巡航款。外緣墊高阻斷尺神經壓迫，腕隧道中空減壓消除正中神經壓迫，消除 80% 以上手麻。台灣零售價現貨供應，德國原裝進口品質保證。,https://cdn.shopify.com/s/files/1/1015/5950/1113/files/cycling__3067125__60482bd116237396__3067125_04_1.jpg?v=1790331631,kg,,,active
chiba-3067125-cycling,,,,,,,,,紅色,,,S,,,,,3067125-RED-S,0.0,shopify,2,continue,manual,2280.00,,true,true,,,,,,https://cdn.shopify.com/s/files/1/1015/5950/1113/files/cycling__3067125__c9d1d1c288bc30fd__3067125_04_2.jpg?v=1790331631,2,CHIBA BioXCell Touring 長途巡航款 紅色,,,,https://cdn.shopify.com/s/files/1/1015/5950/1113/files/cycling__3067125__60482bd116237396__3067125_04_1.jpg?v=1790331631,kg,,,
chiba-3067125-cycling,,,,,,,,,紅色,,,M,,,,,3067125-RED-M,0.0,shopify,2,continue,manual,2280.00,,true,true,,,,,,https://cdn.shopify.com/s/files/1/1015/5950/1113/files/cycling__3067125__2833f113d1c97b8c__3067125_10_1.jpg?v=1790331630,3,CHIBA BioXCell Touring 長途巡航款 黑色,,,,https://cdn.shopify.com/s/files/1/1015/5950/1113/files/cycling__3067125__60482bd116237396__3067125_04_1.jpg?v=1790331631,kg,,,
chiba-3067125-cycling,,,,,,,,,紅色,,,L,,,,,3067125-RED-L,0.0,shopify,2,continue,manual,2280.00,,true,true,,,,,,https://cdn.shopify.com/s/files/1/1015/5950/1113/files/cycling__3067125__a212d142d8495257__3067125_10_2.jpg?v=1790331630,4,CHIBA BioXCell Touring 長途巡航款 黑色,,,,https://cdn.shopify.com/s/files/1/1015/5950/1113/files/cycling__3067125__60482bd116237396__3067125_04_1.jpg?v=1790331631,kg,,,
chiba-3067125-cycling,,,,,,,,,紅色,,,XL,,,,,3067125-RED-XL,0.0,shopify,2,continue,manual,2280.00,,true,true,,,,,,https://cdn.shopify.com/s/files/1/1015/5950/1113/files/cycling__3067125__11745a7865c15549__3067125_20-1_1.jpg?v=1790331630,5,CHIBA BioXCell Touring 長途巡航款 橄欖綠,,,,https://cdn.shopify.com/s/files/1/1015/5950/1113/files/cycling__3067125__60482bd116237396__3067125_04_1.jpg?v=1790331631,kg,,,
chiba-3067125-cycling,,,,,,,,,紅色,,,XXL,,,,,3067125-RED-XXL,0.0,shopify,2,continue,manual,2280.00,,true,true,,,,,,https://cdn.shopify.com/s/files/1/1015/5950/1113/files/cycling__3067125__8d138af89e400aa5__3067125_20-1_2.jpg?v=1790331630,6,CHIBA BioXCell Touring 長途巡航款 橄欖綠,,,,https://cdn.shopify.com/s/files/1/1015/5950/1113/files/cycling__3067125__60482bd116237396__3067125_04_1.jpg?v=1790331631,kg,,,
chiba-3067125-cycling,,,,,,,,,紅色,,,3XL,,,,,3067125-RED-3XL,0.0,shopify,2,continue,manual,2280.00,,true,true,,,,,,,,,,,,https://cdn.shopify.com/s/files/1/1015/5950/1113/files/cycling__3067125__60482bd116237396__3067125_04_1.jpg?v=1790331631,kg,,,
chiba-3067125-cycling,,,,,,,,,黑色,,,XS,,,,,3067125-BLACK-XS,0.0,shopify,2,continue,manual,2280.00,,true,true,,,,,,,,,,,,https://cdn.shopify.com/s/files/1/1015/5950/1113/files/cycling__3067125__2833f113d1c97b8c__3067125_10_1.jpg?v=1790331630,kg,,,
chiba-3067125-cycling,,,,,,,,,黑色,,,S,,,,,3067125-BLACK-S,0.0,shopify,2,continue,manual,2280.00,,true,true,,,,,,,,,,,,https://cdn.shopify.com/s/files/1/1015/5950/1113/files/cycling__3067125__2833f113d1c97b8c__3067125_10_1.jpg?v=1790331630,kg,,,
chiba-3067125-cycling,,,,,,,,,黑色,,,M,,,,,3067125-BLACK-M,0.0,shopify,2,continue,manual,2280.00,,true,true,,,,,,,,,,,,https://cdn.shopify.com/s/files/1/1015/5950/1113/files/cycling__3067125__2833f113d1c97b8c__3067125_10_1.jpg?v=1790331630,kg,,,
chiba-3067125-cycling,,,,,,,,,黑色,,,L,,,,,3067125-BLACK-L,0.0,shopify,2,continue,manual,2280.00,,true,true,,,,,,,,,,,,https://cdn.shopify.com/s/files/1/1015/5950/1113/files/cycling__3067125__2833f113d1c97b8c__3067125_10_1.jpg?v=1790331630,kg,,,
chiba-3067125-cycling,,,,,,,,,黑色,,,XL,,,,,3067125-BLACK-XL,0.0,shopify,2,continue,manual,2280.00,,true,true,,,,,,,,,,,,https://cdn.shopify.com/s/files/1/1015/5950/1113/files/cycling__3067125__2833f113d1c97b8c__3067125_10_1.jpg?v=1790331630,kg,,,
chiba-3067125-cycling,,,,,,,,,黑色,,,XXL,,,,,3067125-BLACK-XXL,0.0,shopify,2,continue,manual,2280.00,,true,true,,,,,,,,,,,,https://cdn.shopify.com/s/files/1/1015/5950/1113/files/cycling__3067125__2833f113d1c97b8c__3067125_10_1.jpg?v=1790331630,kg,,,
chiba-3067125-cycling,,,,,,,,,黑色,,,3XL,,,,,3067125-BLACK-3XL,0.0,shopify,2,continue,manual,2280.00,,true,true,,,,,,,,,,,,https://cdn.shopify.com/s/files/1/1015/5950/1113/files/cycling__3067125__2833f113d1c97b8c__3067125_10_1.jpg?v=1790331630,kg,,,
chiba-3067125-cycling,,,,,,,,,橄欖綠,,,XS,,,,,3067125-OLIVE-XS,0.0,shopify,2,continue,manual,2280.00,,true,true,,,,,,,,,,,,https://cdn.shopify.com/s/files/1/1015/5950/1113/files/cycling__3067125__11745a7865c15549__3067125_20-1_1.jpg?v=1790331630,kg,,,
chiba-3067125-cycling,,,,,,,,,橄欖綠,,,S,,,,,3067125-OLIVE-S,0.0,shopify,2,continue,manual,2280.00,,true,true,,,,,,,,,,,,https://cdn.shopify.com/s/files/1/1015/5950/1113/files/cycling__3067125__11745a7865c15549__3067125_20-1_1.jpg?v=1790331630,kg,,,
chiba-3067125-cycling,,,,,,,,,橄欖綠,,,M,,,,,3067125-OLIVE-M,0.0,shopify,2,continue,manual,2280.00,,true,true,,,,,,,,,,,,https://cdn.shopify.com/s/files/1/1015/5950/1113/files/cycling__3067125__11745a7865c15549__3067125_20-1_1.jpg?v=1790331630,kg,,,
chiba-3067125-cycling,,,,,,,,,橄欖綠,,,L,,,,,3067125-OLIVE-L,0.0,shopify,2,continue,manual,2280.00,,true,true,,,,,,,,,,,,https://cdn.shopify.com/s/files/1/1015/5950/1113/files/cycling__3067125__11745a7865c15549__3067125_20-1_1.jpg?v=1790331630,kg,,,
chiba-3067125-cycling,,,,,,,,,橄欖綠,,,XL,,,,,3067125-OLIVE-XL,0.0,shopify,2,continue,manual,2280.00,,true,true,,,,,,,,,,,,https://cdn.shopify.com/s/files/1/1015/5950/1113/files/cycling__3067125__11745a7865c15549__3067125_20-1_1.jpg?v=1790331630,kg,,,
chiba-3067125-cycling,,,,,,,,,橄欖綠,,,XXL,,,,,3067125-OLIVE-XXL,0.0,shopify,2,continue,manual,2280.00,,true,true,,,,,,,,,,,,https://cdn.shopify.com/s/files/1/1015/5950/1113/files/cycling__3067125__11745a7865c15549__3067125_20-1_1.jpg?v=1790331630,kg,,,
chiba-3067125-cycling,,,,,,,,,橄欖綠,,,3XL,,,,,3067125-OLIVE-3XL,0.0,shopify,2,continue,manual,2280.00,,true,true,,,,,,,,,,,,https://cdn.shopify.com/s/files/1/1015/5950/1113/files/cycling__3067125__11745a7865c15549__3067125_20-1_1.jpg?v=1790331630,kg,,,
chiba-3060820-cycling,CHIBA BioXCell Air 透氣款,"<div class=""chiba-product-description"">
  <p><strong>CHIBA BioXCell Air 透氣款</strong>｜德國百年專業工藝打造。BioXCell 防手麻搭配Flashlan 導流散熱網布。</p>
  <ul>
    <li>
<strong>BioXCell 專利外緣加厚與腕隧道懸空減壓</strong>：徹底阻斷長途騎乘手麻痛點。</li>
    <li>
<strong>Flashlan 高導流透氣立體網眼</strong>：大汗淋漓狀態依然保持手掌乾爽冰涼，高溫騎乘不積熱。</li>
    <li>
<strong>Quick-Pull® 專利秒脫拉環</strong>：指尖專利拉環設計，即使騎乘後滿手汗水也能一秒輕鬆俐落脫下手套。</li>
  </ul>
  <p>
    • <strong>系列材質</strong>：BioXCell Line｜Flashlan面料、微網布、雙圈毛巾布、透氣網布<br>
    • <strong>洗滌保養</strong>：支援 30°C 溫和水洗，平放陰乾，請勿烘乾。
  </p>
</div>",CHIBA GLOVES GERMANY,,cycling,"BioXCell Line, cycling",true,顏色,白色,,尺寸,XS,,,,,3060820-WHITE-XS,0.0,shopify,2,continue,manual,1740.00,,true,true,,,,,,https://cdn.shopify.com/s/files/1/1015/5950/1113/files/cycling__3060820__802407b2933fcc6e__3060820_01_1.jpg?v=1790331628,1,CHIBA BioXCell Air 透氣款 白色,false,CHIBA BioXCell Air 透氣款｜德國百年專業自行車手套,德國百年品牌 CHIBA 台灣官方直營：CHIBA BioXCell Air 透氣款。徹底阻斷長途騎乘手麻痛點。台灣零售價現貨供應，德國原裝進口品質保證。,https://cdn.shopify.com/s/files/1/1015/5950/1113/files/cycling__3060820__802407b2933fcc6e__3060820_01_1.jpg?v=1790331628,kg,,,active
chiba-3060820-cycling,,,,,,,,,白色,,,S,,,,,3060820-WHITE-S,0.0,shopify,2,continue,manual,1740.00,,true,true,,,,,,https://cdn.shopify.com/s/files/1/1015/5950/1113/files/cycling__3060820__c7245e483ad99adb__3060820_01_2.jpg?v=1790331628,2,CHIBA BioXCell Air 透氣款 白色,,,,https://cdn.shopify.com/s/files/1/1015/5950/1113/files/cycling__3060820__802407b2933fcc6e__3060820_01_1.jpg?v=1790331628,kg,,,
chiba-3060820-cycling,,,,,,,,,白色,,,M,,,,,3060820-WHITE-M,0.0,shopify,2,continue,manual,1740.00,,true,true,,,,,,https://cdn.shopify.com/s/files/1/1015/5950/1113/files/cycling__3060820__60dc690bdc4695bb__3060820_03-1_1.jpg?v=1790331628,3,CHIBA BioXCell Air 透氣款 螢光黃,,,,https://cdn.shopify.com/s/files/1/1015/5950/1113/files/cycling__3060820__802407b2933fcc6e__3060820_01_1.jpg?v=1790331628,kg,,,
chiba-3060820-cycling,,,,,,,,,白色,,,L,,,,,3060820-WHITE-L,0.0,shopify,2,continue,manual,1740.00,,true,true,,,,,,https://cdn.shopify.com/s/files/1/1015/5950/1113/files/cycling__3060820__8045c72e4a2fec6f__3060820_03-1_2.jpg?v=1790331628,4,CHIBA BioXCell Air 透氣款 螢光黃,,,,https://cdn.shopify.com/s/files/1/1015/5950/1113/files/cycling__3060820__802407b2933fcc6e__3060820_01_1.jpg?v=1790331628,kg,,,
chiba-3060820-cycling,,,,,,,,,白色,,,XL,,,,,3060820-WHITE-XL,0.0,shopify,2,continue,manual,1740.00,,true,true,,,,,,https://cdn.shopify.com/s/files/1/1015/5950/1113/files/cycling__3060820__4a2a74b9bc19f645__3060820_04_1.jpg?v=1790331628,5,CHIBA BioXCell Air 透氣款 紅色,,,,https://cdn.shopify.com/s/files/1/1015/5950/1113/files/cycling__3060820__802407b2933fcc6e__3060820_01_1.jpg?v=1790331628,kg,,,
chiba-3060820-cycling,,,,,,,,,白色,,,XXL,,,,,3060820-WHITE-XXL,0.0,shopify,2,continue,manual,1740.00,,true,true,,,,,,https://cdn.shopify.com/s/files/1/1015/5950/1113/files/cycling__3060820__a3e1f9d9876a44c9__3060820_04_2.jpg?v=1790331628,6,CHIBA BioXCell Air 透氣款 紅色,,,,https://cdn.shopify.com/s/files/1/1015/5950/1113/files/cycling__3060820__802407b2933fcc6e__3060820_01_1.jpg?v=1790331628,kg,,,
chiba-3060820-cycling,,,,,,,,,白色,,,3XL,,,,,3060820-WHITE-3XL,0.0,shopify,2,continue,manual,1740.00,,true,true,,,,,,https://cdn.shopify.com/s/files/1/1015/5950/1113/files/cycling__3060820__f890bb1a188cd6d7__3060820_06_1.jpg?v=1790331628,7,CHIBA BioXCell Air 透氣款 寶藍色,,,,https://cdn.shopify.com/s/files/1/1015/5950/1113/files/cycling__3060820__802407b2933fcc6e__3060820_01_1.jpg?v=1790331628,kg,,,
chiba-3060820-cycling,,,,,,,,,螢光黃,,,XS,,,,,3060820-NEONYELLOW-XS,0.0,shopify,2,continue,manual,1740.00,,true,true,,,,,,https://cdn.shopify.com/s/files/1/1015/5950/1113/files/cycling__3060820__9ca44686f9e3d93c__3060820_06_2.jpg?v=1790331628,8,CHIBA BioXCell Air 透氣款 寶藍色,,,,https://cdn.shopify.com/s/files/1/1015/5950/1113/files/cycling__3060820__60dc690bdc4695bb__3060820_03-1_1.jpg?v=1790331628,kg,,,
chiba-3060820-cycling,,,,,,,,,螢光黃,,,S,,,,,3060820-NEONYELLOW-S,0.0,shopify,2,continue,manual,1740.00,,true,true,,,,,,https://cdn.shopify.com/s/files/1/1015/5950/1113/files/cycling__3060820__ce47d2a7f9778ab9__3060820_10_1.jpg?v=1790331628,9,CHIBA BioXCell Air 透氣款 黑色,,,,https://cdn.shopify.com/s/files/1/1015/5950/1113/files/cycling__3060820__60dc690bdc4695bb__3060820_03-1_1.jpg?v=1790331628,kg,,,
chiba-3060820-cycling,,,,,,,,,螢光黃,,,M,,,,,3060820-NEONYELLOW-M,0.0,shopify,2,continue,manual,1740.00,,true,true,,,,,,https://cdn.shopify.com/s/files/1/1015/5950/1113/files/cycling__3060820__0b9c28f94ba6a2fa__3060820_10_2.jpg?v=1790331628,10,CHIBA BioXCell Air 透氣款 黑色,,,,https://cdn.shopify.com/s/files/1/1015/5950/1113/files/cycling__3060820__60dc690bdc4695bb__3060820_03-1_1.jpg?v=1790331628,kg,,,
chiba-3060820-cycling,,,,,,,,,螢光黃,,,L,,,,,3060820-NEONYELLOW-L,0.0,shopify,2,continue,manual,1740.00,,true,true,,,,,,,,,,,,https://cdn.shopify.com/s/files/1/1015/5950/1113/files/cycling__3060820__60dc690bdc4695bb__3060820_03-1_1.jpg?v=1790331628,kg,,,
chiba-3060820-cycling,,,,,,,,,螢光黃,,,XL,,,,,3060820-NEONYELLOW-XL,0.0,shopify,2,continue,manual,1740.00,,true,true,,,,,,,,,,,,https://cdn.shopify.com/s/files/1/1015/5950/1113/files/cycling__3060820__60dc690bdc4695bb__3060820_03-1_1.jpg?v=1790331628,kg,,,
chiba-3060820-cycling,,,,,,,,,螢光黃,,,XXL,,,,,3060820-NEONYELLOW-XXL,0.0,shopify,2,continue,manual,1740.00,,true,true,,,,,,,,,,,,https://cdn.shopify.com/s/files/1/1015/5950/1113/files/cycling__3060820__60dc690bdc4695bb__3060820_03-1_1.jpg?v=1790331628,kg,,,
chiba-3060820-cycling,,,,,,,,,螢光黃,,,3XL,,,,,3060820-NEONYELLOW-3XL,0.0,shopify,2,continue,manual,1740.00,,true,true,,,,,,,,,,,,https://cdn.shopify.com/s/files/1/1015/5950/1113/files/cycling__3060820__60dc690bdc4695bb__3060820_03-1_1.jpg?v=1790331628,kg,,,
chiba-3060820-cycling,,,,,,,,,紅色,,,XS,,,,,3060820-RED-XS,0.0,shopify,2,continue,manual,1740.00,,true,true,,,,,,,,,,,,https://cdn.shopify.com/s/files/1/1015/5950/1113/files/cycling__3060820__4a2a74b9bc19f645__3060820_04_1.jpg?v=1790331628,kg,,,
chiba-3060820-cycling,,,,,,,,,紅色,,,S,,,,,3060820-RED-S,0.0,shopify,2,continue,manual,1740.00,,true,true,,,,,,,,,,,,https://cdn.shopify.com/s/files/1/1015/5950/1113/files/cycling__3060820__4a2a74b9bc19f645__3060820_04_1.jpg?v=1790331628,kg,,,
chiba-3060820-cycling,,,,,,,,,紅色,,,M,,,,,3060820-RED-M,0.0,shopify,2,continue,manual,1740.00,,true,true,,,,,,,,,,,,https://cdn.shopify.com/s/files/1/1015/5950/1113/files/cycling__3060820__4a2a74b9bc19f645__3060820_04_1.jpg?v=1790331628,kg,,,
chiba-3060820-cycling,,,,,,,,,紅色,,,L,,,,,3060820-RED-L,0.0,shopify,2,continue,manual,1740.00,,true,true,,,,,,,,,,,,https://cdn.shopify.com/s/files/1/1015/5950/1113/files/cycling__3060820__4a2a74b9bc19f645__3060820_04_1.jpg?v=1790331628,kg,,,
chiba-3060820-cycling,,,,,,,,,紅色,,,XL,,,,,3060820-RED-XL,0.0,shopify,2,continue,manual,1740.00,,true,true,,,,,,,,,,,,https://cdn.shopify.com/s/files/1/1015/5950/1113/files/cycling__3060820__4a2a74b9bc19f645__3060820_04_1.jpg?v=1790331628,kg,,,
chiba-3060820-cycling,,,,,,,,,紅色,,,XXL,,,,,3060820-RED-XXL,0.0,shopify,2,continue,manual,1740.00,,true,true,,,,,,,,,,,,https://cdn.shopify.com/s/files/1/1015/5950/1113/files/cycling__3060820__4a2a74b9bc19f645__3060820_04_1.jpg?v=1790331628,kg,,,
chiba-3060820-cycling,,,,,,,,,紅色,,,3XL,,,,,3060820-RED-3XL,0.0,shopify,2,continue,manual,1740.00,,true,true,,,,,,,,,,,,https://cdn.shopify.com/s/files/1/1015/5950/1113/files/cycling__3060820__4a2a74b9bc19f645__3060820_04_1.jpg?v=1790331628,kg,,,
chiba-3060820-cycling,,,,,,,,,寶藍色,,,XS,,,,,3060820-ROYAL-XS,0.0,shopify,2,continue,manual,1740.00,,true,true,,,,,,,,,,,,https://cdn.shopify.com/s/files/1/1015/5950/1113/files/cycling__3060820__f890bb1a188cd6d7__3060820_06_1.jpg?v=1790331628,kg,,,
chiba-3060820-cycling,,,,,,,,,寶藍色,,,S,,,,,3060820-ROYAL-S,0.0,shopify,2,continue,manual,1740.00,,true,true,,,,,,,,,,,,https://cdn.shopify.com/s/files/1/1015/5950/1113/files/cycling__3060820__f890bb1a188cd6d7__3060820_06_1.jpg?v=1790331628,kg,,,
chiba-3060820-cycling,,,,,,,,,寶藍色,,,M,,,,,3060820-ROYAL-M,0.0,shopify,2,continue,manual,1740.00,,true,true,,,,,,,,,,,,https://cdn.shopify.com/s/files/1/1015/5950/1113/files/cycling__3060820__f890bb1a188cd6d7__3060820_06_1.jpg?v=1790331628,kg,,,
chiba-3060820-cycling,,,,,,,,,寶藍色,,,L,,,,,3060820-ROYAL-L,0.0,shopify,2,continue,manual,1740.00,,true,true,,,,,,,,,,,,https://cdn.shopify.com/s/files/1/1015/5950/1113/files/cycling__3060820__f890bb1a188cd6d7__3060820_06_1.jpg?v=1790331628,kg,,,
chiba-3060820-cycling,,,,,,,,,寶藍色,,,XL,,,,,3060820-ROYAL-XL,0.0,shopify,2,continue,manual,1740.00,,true,true,,,,,,,,,,,,https://cdn.shopify.com/s/files/1/1015/5950/1113/files/cycling__3060820__f890bb1a188cd6d7__3060820_06_1.jpg?v=1790331628,kg,,,
chiba-3060820-cycling,,,,,,,,,寶藍色,,,XXL,,,,,3060820-ROYAL-XXL,0.0,shopify,2,continue,manual,1740.00,,true,true,,,,,,,,,,,,https://cdn.shopify.com/s/files/1/1015/5950/1113/files/cycling__3060820__f890bb1a188cd6d7__3060820_06_1.jpg?v=1790331628,kg,,,
chiba-3060820-cycling,,,,,,,,,寶藍色,,,3XL,,,,,3060820-ROYAL-3XL,0.0,shopify,2,continue,manual,1740.00,,true,true,,,,,,,,,,,,https://cdn.shopify.com/s/files/1/1015/5950/1113/files/cycling__3060820__f890bb1a188cd6d7__3060820_06_1.jpg?v=1790331628,kg,,,
chiba-3060820-cycling,,,,,,,,,黑色,,,XS,,,,,3060820-BLACK-XS,0.0,shopify,2,continue,manual,1740.00,,true,true,,,,,,,,,,,,https://cdn.shopify.com/s/files/1/1015/5950/1113/files/cycling__3060820__ce47d2a7f9778ab9__3060820_10_1.jpg?v=1790331628,kg,,,
chiba-3060820-cycling,,,,,,,,,黑色,,,S,,,,,3060820-BLACK-S,0.0,shopify,2,continue,manual,1740.00,,true,true,,,,,,,,,,,,https://cdn.shopify.com/s/files/1/1015/5950/1113/files/cycling__3060820__ce47d2a7f9778ab9__3060820_10_1.jpg?v=1790331628,kg,,,
chiba-3060820-cycling,,,,,,,,,黑色,,,M,,,,,3060820-BLACK-M,0.0,shopify,2,continue,manual,1740.00,,true,true,,,,,,,,,,,,https://cdn.shopify.com/s/files/1/1015/5950/1113/files/cycling__3060820__ce47d2a7f9778ab9__3060820_10_1.jpg?v=1790331628,kg,,,
chiba-3060820-cycling,,,,,,,,,黑色,,,L,,,,,3060820-BLACK-L,0.0,shopify,2,continue,manual,1740.00,,true,true,,,,,,,,,,,,https://cdn.shopify.com/s/files/1/1015/5950/1113/files/cycling__3060820__ce47d2a7f9778ab9__3060820_10_1.jpg?v=1790331628,kg,,,
chiba-3060820-cycling,,,,,,,,,黑色,,,XL,,,,,3060820-BLACK-XL,0.0,shopify,2,continue,manual,1740.00,,true,true,,,,,,,,,,,,https://cdn.shopify.com/s/files/1/1015/5950/1113/files/cycling__3060820__ce47d2a7f9778ab9__3060820_10_1.jpg?v=1790331628,kg,,,
chiba-3060820-cycling,,,,,,,,,黑色,,,XXL,,,,,3060820-BLACK-XXL,0.0,shopify,2,continue,manual,1740.00,,true,true,,,,,,,,,,,,https://cdn.shopify.com/s/files/1/1015/5950/1113/files/cycling__3060820__ce47d2a7f9778ab9__3060820_10_1.jpg?v=1790331628,kg,,,
chiba-3060820-cycling,,,,,,,,,黑色,,,3XL,,,,,3060820-BLACK-3XL,0.0,shopify,2,continue,manual,1740.00,,true,true,,,,,,,,,,,,https://cdn.shopify.com/s/files/1/1015/5950/1113/files/cycling__3060820__ce47d2a7f9778ab9__3060820_10_1.jpg?v=1790331628,kg,,,
chiba-3060526-cycling,CHIBA BioXCell Tan Through 透光防曬款,"<div class=""chiba-product-description"">
  <p><strong>CHIBA BioXCell Tan Through 透光防曬款</strong>｜德國百年專業工藝打造。BioXCell 防手麻搭配Lycra® Solar 透光均勻曬膚雙冠王。</p>
  <ul>
    <li>
<strong>專利 BioXCell 兩階段防手麻雙層凝膠</strong>：腕隧道懸空減壓，徹底告別長途手指刺痛與發麻。</li>
    <li>
<strong>Lycra® Solar 專利透光面料</strong>：紫外線均勻微量穿透，告別手背黑白曬痕。</li>
    <li>
<strong>Quick-Pull® 專利秒脫拉環</strong>：指尖專利拉環設計，即使騎乘後滿手汗水也能一秒輕鬆俐落脫下手套。</li>
  </ul>
  <p>
    • <strong>系列材質</strong>：BioXCell Line｜壓紋掌心、Lycra Solar曬痕萊卡、彈性面料<br>
    • <strong>洗滌保養</strong>：支援 30°C 溫和水洗，平放陰乾，請勿烘乾。
  </p>
</div>",CHIBA GLOVES GERMANY,,cycling,"BioXCell Line, cycling",true,顏色,白配黑色,,尺寸,XS,,,,,3060526-WHITEBLACK-XS,0.0,shopify,2,continue,manual,1860.00,,true,true,,,,,,https://cdn.shopify.com/s/files/1/1015/5950/1113/files/cycling__3060526__79518bba5b698954__3060526_0110_1.jpg?v=1790331625,1,CHIBA BioXCell Tan Through 透光防曬款 白配黑色,false,CHIBA BioXCell Tan Through 透光防曬款｜德國百年專業自行車手套,德國百年品牌 CHIBA 台灣官方直營：CHIBA BioXCell Tan Through 透光防曬款。腕隧道懸空減壓，徹底告別長途手指刺痛與發麻。台灣零售價現貨供應，德國原裝進口品質保證。,https://cdn.shopify.com/s/files/1/1015/5950/1113/files/cycling__3060526__79518bba5b698954__3060526_0110_1.jpg?v=1790331625,kg,,,active
chiba-3060526-cycling,,,,,,,,,白配黑色,,,S,,,,,3060526-WHITEBLACK-S,0.0,shopify,2,continue,manual,1860.00,,true,true,,,,,,https://cdn.shopify.com/s/files/1/1015/5950/1113/files/cycling__3060526__503b7941d01ca707__3060526_0110_2.jpg?v=1790331625,2,CHIBA BioXCell Tan Through 透光防曬款 白配黑色,,,,https://cdn.shopify.com/s/files/1/1015/5950/1113/files/cycling__3060526__79518bba5b698954__3060526_0110_1.jpg?v=1790331625,kg,,,
chiba-3060526-cycling,,,,,,,,,白配黑色,,,M,,,,,3060526-WHITEBLACK-M,0.0,shopify,2,continue,manual,1860.00,,true,true,,,,,,https://cdn.shopify.com/s/files/1/1015/5950/1113/files/cycling__3060526__afb63e5f0e82dd49__3060526_0410_1.jpg?v=1790331625,3,CHIBA BioXCell Tan Through 透光防曬款 紅配黑色,,,,https://cdn.shopify.com/s/files/1/1015/5950/1113/files/cycling__3060526__79518bba5b698954__3060526_0110_1.jpg?v=1790331625,kg,,,
chiba-3060526-cycling,,,,,,,,,白配黑色,,,L,,,,,3060526-WHITEBLACK-L,0.0,shopify,2,continue,manual,1860.00,,true,true,,,,,,https://cdn.shopify.com/s/files/1/1015/5950/1113/files/cycling__3060526__f1f09b8c67348a83__3060526_0410_2.jpg?v=1790331625,4,CHIBA BioXCell Tan Through 透光防曬款 紅配黑色,,,,https://cdn.shopify.com/s/files/1/1015/5950/1113/files/cycling__3060526__79518bba5b698954__3060526_0110_1.jpg?v=1790331625,kg,,,
chiba-3060526-cycling,,,,,,,,,白配黑色,,,XL,,,,,3060526-WHITEBLACK-XL,0.0,shopify,2,continue,manual,1860.00,,true,true,,,,,,https://cdn.shopify.com/s/files/1/1015/5950/1113/files/cycling__3060526__d92777171b88290e__3060526_0610_1.jpg?v=1790331625,5,CHIBA BioXCell Tan Through 透光防曬款 寶藍配黑色,,,,https://cdn.shopify.com/s/files/1/1015/5950/1113/files/cycling__3060526__79518bba5b698954__3060526_0110_1.jpg?v=1790331625,kg,,,
chiba-3060526-cycling,,,,,,,,,白配黑色,,,XXL,,,,,3060526-WHITEBLACK-XXL,0.0,shopify,2,continue,manual,1860.00,,true,true,,,,,,https://cdn.shopify.com/s/files/1/1015/5950/1113/files/cycling__3060526__a8e2aeaa62947b4b__3060526_0610_2.jpg?v=1790331625,6,CHIBA BioXCell Tan Through 透光防曬款 寶藍配黑色,,,,https://cdn.shopify.com/s/files/1/1015/5950/1113/files/cycling__3060526__79518bba5b698954__3060526_0110_1.jpg?v=1790331625,kg,,,
chiba-3060526-cycling,,,,,,,,,紅配黑色,,,XS,,,,,3060526-REDBLACK-XS,0.0,shopify,2,continue,manual,1860.00,,true,true,,,,,,https://cdn.shopify.com/s/files/1/1015/5950/1113/files/cycling__3060526__c9f4686409c78e10__3060526_1910_1.jpg?v=1790331625,7,CHIBA BioXCell Tan Through 透光防曬款 深灰配黑色,,,,https://cdn.shopify.com/s/files/1/1015/5950/1113/files/cycling__3060526__afb63e5f0e82dd49__3060526_0410_1.jpg?v=1790331625,kg,,,
chiba-3060526-cycling,,,,,,,,,紅配黑色,,,S,,,,,3060526-REDBLACK-S,0.0,shopify,2,continue,manual,1860.00,,true,true,,,,,,https://cdn.shopify.com/s/files/1/1015/5950/1113/files/cycling__3060526__f7b759f53122362e__3060526_1910_2.jpg?v=1790331625,8,CHIBA BioXCell Tan Through 透光防曬款 深灰配黑色,,,,https://cdn.shopify.com/s/files/1/1015/5950/1113/files/cycling__3060526__afb63e5f0e82dd49__3060526_0410_1.jpg?v=1790331625,kg,,,
chiba-3060526-cycling,,,,,,,,,紅配黑色,,,M,,,,,3060526-REDBLACK-M,0.0,shopify,2,continue,manual,1860.00,,true,true,,,,,,,,,,,,https://cdn.shopify.com/s/files/1/1015/5950/1113/files/cycling__3060526__afb63e5f0e82dd49__3060526_0410_1.jpg?v=1790331625,kg,,,
chiba-3060526-cycling,,,,,,,,,紅配黑色,,,L,,,,,3060526-REDBLACK-L,0.0,shopify,2,continue,manual,1860.00,,true,true,,,,,,,,,,,,https://cdn.shopify.com/s/files/1/1015/5950/1113/files/cycling__3060526__afb63e5f0e82dd49__3060526_0410_1.jpg?v=1790331625,kg,,,
chiba-3060526-cycling,,,,,,,,,紅配黑色,,,XL,,,,,3060526-REDBLACK-XL,0.0,shopify,2,continue,manual,1860.00,,true,true,,,,,,,,,,,,https://cdn.shopify.com/s/files/1/1015/5950/1113/files/cycling__3060526__afb63e5f0e82dd49__3060526_0410_1.jpg?v=1790331625,kg,,,
chiba-3060526-cycling,,,,,,,,,紅配黑色,,,XXL,,,,,3060526-REDBLACK-XXL,0.0,shopify,2,continue,manual,1860.00,,true,true,,,,,,,,,,,,https://cdn.shopify.com/s/files/1/1015/5950/1113/files/cycling__3060526__afb63e5f0e82dd49__3060526_0410_1.jpg?v=1790331625,kg,,,
chiba-3060526-cycling,,,,,,,,,寶藍配黑色,,,XS,,,,,3060526-ROYAL-XS,0.0,shopify,2,continue,manual,1860.00,,true,true,,,,,,,,,,,,https://cdn.shopify.com/s/files/1/1015/5950/1113/files/cycling__3060526__d92777171b88290e__3060526_0610_1.jpg?v=1790331625,kg,,,
chiba-3060526-cycling,,,,,,,,,寶藍配黑色,,,S,,,,,3060526-ROYAL-S,0.0,shopify,2,continue,manual,1860.00,,true,true,,,,,,,,,,,,https://cdn.shopify.com/s/files/1/1015/5950/1113/files/cycling__3060526__d92777171b88290e__3060526_0610_1.jpg?v=1790331625,kg,,,
chiba-3060526-cycling,,,,,,,,,寶藍配黑色,,,M,,,,,3060526-ROYAL-M,0.0,shopify,2,continue,manual,1860.00,,true,true,,,,,,,,,,,,https://cdn.shopify.com/s/files/1/1015/5950/1113/files/cycling__3060526__d92777171b88290e__3060526_0610_1.jpg?v=1790331625,kg,,,
chiba-3060526-cycling,,,,,,,,,寶藍配黑色,,,L,,,,,3060526-ROYAL-L,0.0,shopify,2,continue,manual,1860.00,,true,true,,,,,,,,,,,,https://cdn.shopify.com/s/files/1/1015/5950/1113/files/cycling__3060526__d92777171b88290e__3060526_0610_1.jpg?v=1790331625,kg,,,
chiba-3060526-cycling,,,,,,,,,寶藍配黑色,,,XL,,,,,3060526-ROYAL-XL,0.0,shopify,2,continue,manual,1860.00,,true,true,,,,,,,,,,,,https://cdn.shopify.com/s/files/1/1015/5950/1113/files/cycling__3060526__d92777171b88290e__3060526_0610_1.jpg?v=1790331625,kg,,,
chiba-3060526-cycling,,,,,,,,,寶藍配黑色,,,XXL,,,,,3060526-ROYAL-XXL,0.0,shopify,2,continue,manual,1860.00,,true,true,,,,,,,,,,,,https://cdn.shopify.com/s/files/1/1015/5950/1113/files/cycling__3060526__d92777171b88290e__3060526_0610_1.jpg?v=1790331625,kg,,,
chiba-3060526-cycling,,,,,,,,,深灰配黑色,,,XS,,,,,3060526-DK.GREYBLACK-XS,0.0,shopify,2,continue,manual,1860.00,,true,true,,,,,,,,,,,,https://cdn.shopify.com/s/files/1/1015/5950/1113/files/cycling__3060526__c9f4686409c78e10__3060526_1910_1.jpg?v=1790331625,kg,,,
chiba-3060526-cycling,,,,,,,,,深灰配黑色,,,S,,,,,3060526-DK.GREYBLACK-S,0.0,shopify,2,continue,manual,1860.00,,true,true,,,,,,,,,,,,https://cdn.shopify.com/s/files/1/1015/5950/1113/files/cycling__3060526__c9f4686409c78e10__3060526_1910_1.jpg?v=1790331625,kg,,,
chiba-3060526-cycling,,,,,,,,,深灰配黑色,,,M,,,,,3060526-DK.GREYBLACK-M,0.0,shopify,2,continue,manual,1860.00,,true,true,,,,,,,,,,,,https://cdn.shopify.com/s/files/1/1015/5950/1113/files/cycling__3060526__c9f4686409c78e10__3060526_1910_1.jpg?v=1790331625,kg,,,
chiba-3060526-cycling,,,,,,,,,深灰配黑色,,,L,,,,,3060526-DK.GREYBLACK-L,0.0,shopify,2,continue,manual,1860.00,,true,true,,,,,,,,,,,,https://cdn.shopify.com/s/files/1/1015/5950/1113/files/cycling__3060526__c9f4686409c78e10__3060526_1910_1.jpg?v=1790331625,kg,,,
chiba-3060526-cycling,,,,,,,,,深灰配黑色,,,XL,,,,,3060526-DK.GREYBLACK-XL,0.0,shopify,2,continue,manual,1860.00,,true,true,,,,,,,,,,,,https://cdn.shopify.com/s/files/1/1015/5950/1113/files/cycling__3060526__c9f4686409c78e10__3060526_1910_1.jpg?v=1790331625,kg,,,
chiba-3060526-cycling,,,,,,,,,深灰配黑色,,,XXL,,,,,3060526-DK.GREYBLACK-XXL,0.0,shopify,2,continue,manual,1860.00,,true,true,,,,,,,,,,,,https://cdn.shopify.com/s/files/1/1015/5950/1113/files/cycling__3060526__c9f4686409c78e10__3060526_1910_1.jpg?v=1790331625,kg,,,
chiba-3060426-cycling,CHIBA BioXCell Comfort 舒適款,"<div class=""chiba-product-description"">
  <p><strong>CHIBA BioXCell Comfort 舒適款</strong>｜德國百年專業工藝打造。BioXCell 專利防手麻搭配奢華加厚舒適軟膠。</p>
  <ul>
    <li>
<strong>BioXCell 專利雙層 0.8cm 立體外緣加厚</strong>：阻斷尺神經壓迫，釋放腕隧道正中神經，90% 消除長途手麻。</li>
    <li>
<strong>加厚奢華緩震軟膠層</strong>：全方位過濾顛簸碎震，導正人體工學握把角度。</li>
    <li>
<strong>Quick-Pull® 專利秒脫拉環</strong>：指尖專利拉環設計，即使騎乘後滿手汗水也能一秒輕鬆俐落脫下手套。</li>
  </ul>
  <p>
    • <strong>系列材質</strong>：BioXCell Line｜壓紋掌心、針織頂布、彈性纖維<br>
    • <strong>洗滌保養</strong>：支援 30°C 溫和水洗，平放陰乾，請勿烘乾。
  </p>
</div>",CHIBA GLOVES GERMANY,,cycling,"BioXCell Line, cycling",true,顏色,白色,,尺寸,XS,,,,,3060426-WHITE-XS,0.0,shopify,2,continue,manual,2080.00,,true,true,,,,,,https://cdn.shopify.com/s/files/1/1015/5950/1113/files/cycling__3060426__dc002ca59b5d6226__3060426_01_1.jpg?v=1790331623,1,CHIBA BioXCell Comfort 舒適款 白色,false,CHIBA BioXCell Comfort 舒適款｜德國百年專業自行車手套,德國百年品牌 CHIBA 台灣官方直營：CHIBA BioXCell Comfort 舒適款。阻斷尺神經壓迫，釋放腕隧道正中神經，90% 消除長途手麻。台灣零售價現貨供應，德國原裝進口品質保證。,https://cdn.shopify.com/s/files/1/1015/5950/1113/files/cycling__3060426__dc002ca59b5d6226__3060426_01_1.jpg?v=1790331623,kg,,,active
chiba-3060426-cycling,,,,,,,,,白色,,,S,,,,,3060426-WHITE-S,0.0,shopify,2,continue,manual,2080.00,,true,true,,,,,,https://cdn.shopify.com/s/files/1/1015/5950/1113/files/cycling__3060426__7958691ca0afcb03__3060426_01_2.jpg?v=1790331623,2,CHIBA BioXCell Comfort 舒適款 白色,,,,https://cdn.shopify.com/s/files/1/1015/5950/1113/files/cycling__3060426__dc002ca59b5d6226__3060426_01_1.jpg?v=1790331623,kg,,,
chiba-3060426-cycling,,,,,,,,,白色,,,M,,,,,3060426-WHITE-M,0.0,shopify,2,continue,manual,2080.00,,true,true,,,,,,https://cdn.shopify.com/s/files/1/1015/5950/1113/files/cycling__3060426__52aaef4bd189468d__3060426_04_1.jpg?v=1790331623,3,CHIBA BioXCell Comfort 舒適款 紅色,,,,https://cdn.shopify.com/s/files/1/1015/5950/1113/files/cycling__3060426__dc002ca59b5d6226__3060426_01_1.jpg?v=1790331623,kg,,,
chiba-3060426-cycling,,,,,,,,,白色,,,L,,,,,3060426-WHITE-L,0.0,shopify,2,continue,manual,2080.00,,true,true,,,,,,https://cdn.shopify.com/s/files/1/1015/5950/1113/files/cycling__3060426__827b9a2e19beb35e__3060426_04_2.jpg?v=1790331623,4,CHIBA BioXCell Comfort 舒適款 紅色,,,,https://cdn.shopify.com/s/files/1/1015/5950/1113/files/cycling__3060426__dc002ca59b5d6226__3060426_01_1.jpg?v=1790331623,kg,,,
chiba-3060426-cycling,,,,,,,,,白色,,,XL,,,,,3060426-WHITE-XL,0.0,shopify,2,continue,manual,2080.00,,true,true,,,,,,https://cdn.shopify.com/s/files/1/1015/5950/1113/files/cycling__3060426__98bc363b213cc7ad__3060426_10_1.jpg?v=1790331623,5,CHIBA BioXCell Comfort 舒適款 黑色,,,,https://cdn.shopify.com/s/files/1/1015/5950/1113/files/cycling__3060426__dc002ca59b5d6226__3060426_01_1.jpg?v=1790331623,kg,,,
chiba-3060426-cycling,,,,,,,,,白色,,,XXL,,,,,3060426-WHITE-XXL,0.0,shopify,2,continue,manual,2080.00,,true,true,,,,,,https://cdn.shopify.com/s/files/1/1015/5950/1113/files/cycling__3060426__7a26ee134017acc8__3060426_10_2.jpg?v=1790331623,6,CHIBA BioXCell Comfort 舒適款 黑色,,,,https://cdn.shopify.com/s/files/1/1015/5950/1113/files/cycling__3060426__dc002ca59b5d6226__3060426_01_1.jpg?v=1790331623,kg,,,
chiba-3060426-cycling,,,,,,,,,紅色,,,XS,,,,,3060426-RED-XS,0.0,shopify,2,continue,manual,2080.00,,true,true,,,,,,https://cdn.shopify.com/s/files/1/1015/5950/1113/files/cycling__3060426__82e36863e66dae5f__3060426_19_1.jpg?v=1790331623,7,CHIBA BioXCell Comfort 舒適款 深灰色,,,,https://cdn.shopify.com/s/files/1/1015/5950/1113/files/cycling__3060426__52aaef4bd189468d__3060426_04_1.jpg?v=1790331623,kg,,,
chiba-3060426-cycling,,,,,,,,,紅色,,,S,,,,,3060426-RED-S,0.0,shopify,2,continue,manual,2080.00,,true,true,,,,,,https://cdn.shopify.com/s/files/1/1015/5950/1113/files/cycling__3060426__4bea245181a64b4a__3060426_19_2.jpg?v=1790331623,8,CHIBA BioXCell Comfort 舒適款 深灰色,,,,https://cdn.shopify.com/s/files/1/1015/5950/1113/files/cycling__3060426__52aaef4bd189468d__3060426_04_1.jpg?v=1790331623,kg,,,
chiba-3060426-cycling,,,,,,,,,紅色,,,M,,,,,3060426-RED-M,0.0,shopify,2,continue,manual,2080.00,,true,true,,,,,,https://cdn.shopify.com/s/files/1/1015/5950/1113/files/cycling__3060426__dbeea39830fd8d12__3060426_20-1_1.jpg?v=1790331623,9,CHIBA BioXCell Comfort 舒適款 橄欖綠,,,,https://cdn.shopify.com/s/files/1/1015/5950/1113/files/cycling__3060426__52aaef4bd189468d__3060426_04_1.jpg?v=1790331623,kg,,,
chiba-3060426-cycling,,,,,,,,,紅色,,,L,,,,,3060426-RED-L,0.0,shopify,2,continue,manual,2080.00,,true,true,,,,,,https://cdn.shopify.com/s/files/1/1015/5950/1113/files/cycling__3060426__d965b3bead0fb576__3060426_20-1_2.jpg?v=1790331623,10,CHIBA BioXCell Comfort 舒適款 橄欖綠,,,,https://cdn.shopify.com/s/files/1/1015/5950/1113/files/cycling__3060426__52aaef4bd189468d__3060426_04_1.jpg?v=1790331623,kg,,,
chiba-3060426-cycling,,,,,,,,,紅色,,,XL,,,,,3060426-RED-XL,0.0,shopify,2,continue,manual,2080.00,,true,true,,,,,,,,,,,,https://cdn.shopify.com/s/files/1/1015/5950/1113/files/cycling__3060426__52aaef4bd189468d__3060426_04_1.jpg?v=1790331623,kg,,,
chiba-3060426-cycling,,,,,,,,,紅色,,,XXL,,,,,3060426-RED-XXL,0.0,shopify,2,continue,manual,2080.00,,true,true,,,,,,,,,,,,https://cdn.shopify.com/s/files/1/1015/5950/1113/files/cycling__3060426__52aaef4bd189468d__3060426_04_1.jpg?v=1790331623,kg,,,
chiba-3060426-cycling,,,,,,,,,黑色,,,XS,,,,,3060426-BLACK-XS,0.0,shopify,2,continue,manual,2080.00,,true,true,,,,,,,,,,,,https://cdn.shopify.com/s/files/1/1015/5950/1113/files/cycling__3060426__98bc363b213cc7ad__3060426_10_1.jpg?v=1790331623,kg,,,
chiba-3060426-cycling,,,,,,,,,黑色,,,S,,,,,3060426-BLACK-S,0.0,shopify,2,continue,manual,2080.00,,true,true,,,,,,,,,,,,https://cdn.shopify.com/s/files/1/1015/5950/1113/files/cycling__3060426__98bc363b213cc7ad__3060426_10_1.jpg?v=1790331623,kg,,,
chiba-3060426-cycling,,,,,,,,,黑色,,,M,,,,,3060426-BLACK-M,0.0,shopify,2,continue,manual,2080.00,,true,true,,,,,,,,,,,,https://cdn.shopify.com/s/files/1/1015/5950/1113/files/cycling__3060426__98bc363b213cc7ad__3060426_10_1.jpg?v=1790331623,kg,,,
chiba-3060426-cycling,,,,,,,,,黑色,,,L,,,,,3060426-BLACK-L,0.0,shopify,2,continue,manual,2080.00,,true,true,,,,,,,,,,,,https://cdn.shopify.com/s/files/1/1015/5950/1113/files/cycling__3060426__98bc363b213cc7ad__3060426_10_1.jpg?v=1790331623,kg,,,
chiba-3060426-cycling,,,,,,,,,黑色,,,XL,,,,,3060426-BLACK-XL,0.0,shopify,2,continue,manual,2080.00,,true,true,,,,,,,,,,,,https://cdn.shopify.com/s/files/1/1015/5950/1113/files/cycling__3060426__98bc363b213cc7ad__3060426_10_1.jpg?v=1790331623,kg,,,
chiba-3060426-cycling,,,,,,,,,黑色,,,XXL,,,,,3060426-BLACK-XXL,0.0,shopify,2,continue,manual,2080.00,,true,true,,,,,,,,,,,,https://cdn.shopify.com/s/files/1/1015/5950/1113/files/cycling__3060426__98bc363b213cc7ad__3060426_10_1.jpg?v=1790331623,kg,,,
chiba-3060426-cycling,,,,,,,,,深灰色,,,XS,,,,,3060426-DK.GREY-XS,0.0,shopify,2,continue,manual,2080.00,,true,true,,,,,,,,,,,,https://cdn.shopify.com/s/files/1/1015/5950/1113/files/cycling__3060426__82e36863e66dae5f__3060426_19_1.jpg?v=1790331623,kg,,,
chiba-3060426-cycling,,,,,,,,,深灰色,,,S,,,,,3060426-DK.GREY-S,0.0,shopify,2,continue,manual,2080.00,,true,true,,,,,,,,,,,,https://cdn.shopify.com/s/files/1/1015/5950/1113/files/cycling__3060426__82e36863e66dae5f__3060426_19_1.jpg?v=1790331623,kg,,,
chiba-3060426-cycling,,,,,,,,,深灰色,,,M,,,,,3060426-DK.GREY-M,0.0,shopify,2,continue,manual,2080.00,,true,true,,,,,,,,,,,,https://cdn.shopify.com/s/files/1/1015/5950/1113/files/cycling__3060426__82e36863e66dae5f__3060426_19_1.jpg?v=1790331623,kg,,,
chiba-3060426-cycling,,,,,,,,,深灰色,,,L,,,,,3060426-DK.GREY-L,0.0,shopify,2,continue,manual,2080.00,,true,true,,,,,,,,,,,,https://cdn.shopify.com/s/files/1/1015/5950/1113/files/cycling__3060426__82e36863e66dae5f__3060426_19_1.jpg?v=1790331623,kg,,,
chiba-3060426-cycling,,,,,,,,,深灰色,,,XL,,,,,3060426-DK.GREY-XL,0.0,shopify,2,continue,manual,2080.00,,true,true,,,,,,,,,,,,https://cdn.shopify.com/s/files/1/1015/5950/1113/files/cycling__3060426__82e36863e66dae5f__3060426_19_1.jpg?v=1790331623,kg,,,
chiba-3060426-cycling,,,,,,,,,深灰色,,,XXL,,,,,3060426-DK.GREY-XXL,0.0,shopify,2,continue,manual,2080.00,,true,true,,,,,,,,,,,,https://cdn.shopify.com/s/files/1/1015/5950/1113/files/cycling__3060426__82e36863e66dae5f__3060426_19_1.jpg?v=1790331623,kg,,,
chiba-3060426-cycling,,,,,,,,,橄欖綠,,,XS,,,,,3060426-OLIVE-XS,0.0,shopify,2,continue,manual,2080.00,,true,true,,,,,,,,,,,,https://cdn.shopify.com/s/files/1/1015/5950/1113/files/cycling__3060426__dbeea39830fd8d12__3060426_20-1_1.jpg?v=1790331623,kg,,,
chiba-3060426-cycling,,,,,,,,,橄欖綠,,,S,,,,,3060426-OLIVE-S,0.0,shopify,2,continue,manual,2080.00,,true,true,,,,,,,,,,,,https://cdn.shopify.com/s/files/1/1015/5950/1113/files/cycling__3060426__dbeea39830fd8d12__3060426_20-1_1.jpg?v=1790331623,kg,,,
chiba-3060426-cycling,,,,,,,,,橄欖綠,,,M,,,,,3060426-OLIVE-M,0.0,shopify,2,continue,manual,2080.00,,true,true,,,,,,,,,,,,https://cdn.shopify.com/s/files/1/1015/5950/1113/files/cycling__3060426__dbeea39830fd8d12__3060426_20-1_1.jpg?v=1790331623,kg,,,
chiba-3060426-cycling,,,,,,,,,橄欖綠,,,L,,,,,3060426-OLIVE-L,0.0,shopify,2,continue,manual,2080.00,,true,true,,,,,,,,,,,,https://cdn.shopify.com/s/files/1/1015/5950/1113/files/cycling__3060426__dbeea39830fd8d12__3060426_20-1_1.jpg?v=1790331623,kg,,,
chiba-3060426-cycling,,,,,,,,,橄欖綠,,,XL,,,,,3060426-OLIVE-XL,0.0,shopify,2,continue,manual,2080.00,,true,true,,,,,,,,,,,,https://cdn.shopify.com/s/files/1/1015/5950/1113/files/cycling__3060426__dbeea39830fd8d12__3060426_20-1_1.jpg?v=1790331623,kg,,,
chiba-3060426-cycling,,,,,,,,,橄欖綠,,,XXL,,,,,3060426-OLIVE-XXL,0.0,shopify,2,continue,manual,2080.00,,true,true,,,,,,,,,,,,https://cdn.shopify.com/s/files/1/1015/5950/1113/files/cycling__3060426__dbeea39830fd8d12__3060426_20-1_1.jpg?v=1790331623,kg,,,
chiba-3060324-cycling,CHIBA BioXCell Super Fly 超輕飛掠款,"<div class=""chiba-product-description"">
  <p><strong>CHIBA BioXCell Super Fly 超輕飛掠款</strong>｜德國百年專業工藝打造。BioXCell 專利防手麻搭配Super Fly 極限輕量化。</p>
  <ul>
    <li>
<strong>專利 BioXCell 腕隧道中空減壓系統</strong>：保有極致防手麻減壓能力的同時大幅降低面料重量。</li>
    <li>
<strong>Super Fly 空力極輕彈性手背</strong>：貼合無負擔，長距離爬坡手部放鬆不麻木。</li>
    <li>
<strong>Quick-Pull® 專利秒脫拉環</strong>：指尖專利拉環設計，即使騎乘後滿手汗水也能一秒輕鬆俐落脫下手套。</li>
  </ul>
  <p>
    • <strong>系列材質</strong>：BioXCell Line｜壓紋掌心、針織頂布、彈性纖維<br>
    • <strong>洗滌保養</strong>：支援 30°C 溫和水洗，平放陰乾，請勿烘乾。
  </p>
</div>",CHIBA GLOVES GERMANY,,cycling,"BioXCell Line, cycling",true,顏色,橘配黑色,,尺寸,XS,,,,,3060324-ORANGEBLACK-XS,0.0,shopify,2,continue,manual,1580.00,,true,true,,,,,,https://cdn.shopify.com/s/files/1/1015/5950/1113/files/cycling__3060324__f794410c55b184a2__3060324_0510_1.jpg?v=1790331620,1,CHIBA BioXCell Super Fly 超輕飛掠款 橘配黑色,false,CHIBA BioXCell Super Fly 超輕飛掠款｜德國百年專業自行車手套,德國百年品牌 CHIBA 台灣官方直營：CHIBA BioXCell Super Fly 超輕飛掠款。保有極致防手麻減壓能力的同時大幅降低面料重量。台灣零售價現貨供應，德國原裝進口品質保證。,https://cdn.shopify.com/s/files/1/1015/5950/1113/files/cycling__3060324__f794410c55b184a2__3060324_0510_1.jpg?v=1790331620,kg,,,active
chiba-3060324-cycling,,,,,,,,,橘配黑色,,,S,,,,,3060324-ORANGEBLACK-S,0.0,shopify,2,continue,manual,1580.00,,true,true,,,,,,https://cdn.shopify.com/s/files/1/1015/5950/1113/files/cycling__3060324__aa7c929b6294b7f1__3060324_0510_2.jpg?v=1790331620,2,CHIBA BioXCell Super Fly 超輕飛掠款 橘配黑色,,,,https://cdn.shopify.com/s/files/1/1015/5950/1113/files/cycling__3060324__f794410c55b184a2__3060324_0510_1.jpg?v=1790331620,kg,,,
chiba-3060324-cycling,,,,,,,,,橘配黑色,,,M,,,,,3060324-ORANGEBLACK-M,0.0,shopify,2,continue,manual,1580.00,,true,true,,,,,,https://cdn.shopify.com/s/files/1/1015/5950/1113/files/cycling__3060324__f441c964ff9de012__3060324_1003-1_1.jpg?v=1790331620,3,CHIBA BioXCell Super Fly 超輕飛掠款 黑配螢光黃,,,,https://cdn.shopify.com/s/files/1/1015/5950/1113/files/cycling__3060324__f794410c55b184a2__3060324_0510_1.jpg?v=1790331620,kg,,,
chiba-3060324-cycling,,,,,,,,,橘配黑色,,,L,,,,,3060324-ORANGEBLACK-L,0.0,shopify,2,continue,manual,1580.00,,true,true,,,,,,https://cdn.shopify.com/s/files/1/1015/5950/1113/files/cycling__3060324__ffd0245c98bec4bf__3060324_1003-1_2.jpg?v=1790331620,4,CHIBA BioXCell Super Fly 超輕飛掠款 黑配螢光黃,,,,https://cdn.shopify.com/s/files/1/1015/5950/1113/files/cycling__3060324__f794410c55b184a2__3060324_0510_1.jpg?v=1790331620,kg,,,
chiba-3060324-cycling,,,,,,,,,橘配黑色,,,XL,,,,,3060324-ORANGEBLACK-XL,0.0,shopify,2,continue,manual,1580.00,,true,true,,,,,,https://cdn.shopify.com/s/files/1/1015/5950/1113/files/cycling__3060324__524e1d0725f052ae__3060324_1010_1.jpg?v=1790331620,5,CHIBA BioXCell Super Fly 超輕飛掠款 極致黑,,,,https://cdn.shopify.com/s/files/1/1015/5950/1113/files/cycling__3060324__f794410c55b184a2__3060324_0510_1.jpg?v=1790331620,kg,,,
chiba-3060324-cycling,,,,,,,,,橘配黑色,,,XXL,,,,,3060324-ORANGEBLACK-XXL,0.0,shopify,2,continue,manual,1580.00,,true,true,,,,,,https://cdn.shopify.com/s/files/1/1015/5950/1113/files/cycling__3060324__236d9a8a46fd383e__3060324_1010_2.jpg?v=1790331620,6,CHIBA BioXCell Super Fly 超輕飛掠款 極致黑,,,,https://cdn.shopify.com/s/files/1/1015/5950/1113/files/cycling__3060324__f794410c55b184a2__3060324_0510_1.jpg?v=1790331620,kg,,,
chiba-3060324-cycling,,,,,,,,,橘配黑色,,,3XL,,,,,3060324-ORANGEBLACK-3XL,0.0,shopify,2,continue,manual,1580.00,,true,true,,,,,,https://cdn.shopify.com/s/files/1/1015/5950/1113/files/cycling__3060324__ece35005b6378c8b__3060324_1023-1_1.jpg?v=1790331620,7,CHIBA BioXCell Super Fly 超輕飛掠款 黑配粉紅,,,,https://cdn.shopify.com/s/files/1/1015/5950/1113/files/cycling__3060324__f794410c55b184a2__3060324_0510_1.jpg?v=1790331620,kg,,,
chiba-3060324-cycling,,,,,,,,,黑配螢光黃,,,XS,,,,,3060324-BLACKNEONYELLOW-XS,0.0,shopify,2,continue,manual,1580.00,,true,true,,,,,,https://cdn.shopify.com/s/files/1/1015/5950/1113/files/cycling__3060324__ad818f793d790d28__3060324_1023-1_2.jpg?v=1790331620,8,CHIBA BioXCell Super Fly 超輕飛掠款 黑配粉紅,,,,https://cdn.shopify.com/s/files/1/1015/5950/1113/files/cycling__3060324__f441c964ff9de012__3060324_1003-1_1.jpg?v=1790331620,kg,,,
chiba-3060324-cycling,,,,,,,,,黑配螢光黃,,,S,,,,,3060324-BLACKNEONYELLOW-S,0.0,shopify,2,continue,manual,1580.00,,true,true,,,,,,,,,,,,https://cdn.shopify.com/s/files/1/1015/5950/1113/files/cycling__3060324__f441c964ff9de012__3060324_1003-1_1.jpg?v=1790331620,kg,,,
chiba-3060324-cycling,,,,,,,,,黑配螢光黃,,,M,,,,,3060324-BLACKNEONYELLOW-M,0.0,shopify,2,continue,manual,1580.00,,true,true,,,,,,,,,,,,https://cdn.shopify.com/s/files/1/1015/5950/1113/files/cycling__3060324__f441c964ff9de012__3060324_1003-1_1.jpg?v=1790331620,kg,,,
chiba-3060324-cycling,,,,,,,,,黑配螢光黃,,,L,,,,,3060324-BLACKNEONYELLOW-L,0.0,shopify,2,continue,manual,1580.00,,true,true,,,,,,,,,,,,https://cdn.shopify.com/s/files/1/1015/5950/1113/files/cycling__3060324__f441c964ff9de012__3060324_1003-1_1.jpg?v=1790331620,kg,,,
chiba-3060324-cycling,,,,,,,,,黑配螢光黃,,,XL,,,,,3060324-BLACKNEONYELLOW-XL,0.0,shopify,2,continue,manual,1580.00,,true,true,,,,,,,,,,,,https://cdn.shopify.com/s/files/1/1015/5950/1113/files/cycling__3060324__f441c964ff9de012__3060324_1003-1_1.jpg?v=1790331620,kg,,,
chiba-3060324-cycling,,,,,,,,,黑配螢光黃,,,XXL,,,,,3060324-BLACKNEONYELLOW-XXL,0.0,shopify,2,continue,manual,1580.00,,true,true,,,,,,,,,,,,https://cdn.shopify.com/s/files/1/1015/5950/1113/files/cycling__3060324__f441c964ff9de012__3060324_1003-1_1.jpg?v=1790331620,kg,,,
chiba-3060324-cycling,,,,,,,,,黑配螢光黃,,,3XL,,,,,3060324-BLACKNEONYELLOW-3XL,0.0,shopify,2,continue,manual,1580.00,,true,true,,,,,,,,,,,,https://cdn.shopify.com/s/files/1/1015/5950/1113/files/cycling__3060324__f441c964ff9de012__3060324_1003-1_1.jpg?v=1790331620,kg,,,
chiba-3060324-cycling,,,,,,,,,極致黑,,,XS,,,,,3060324-BLACKBLACK-XS,0.0,shopify,2,continue,manual,1580.00,,true,true,,,,,,,,,,,,https://cdn.shopify.com/s/files/1/1015/5950/1113/files/cycling__3060324__524e1d0725f052ae__3060324_1010_1.jpg?v=1790331620,kg,,,
chiba-3060324-cycling,,,,,,,,,極致黑,,,S,,,,,3060324-BLACKBLACK-S,0.0,shopify,2,continue,manual,1580.00,,true,true,,,,,,,,,,,,https://cdn.shopify.com/s/files/1/1015/5950/1113/files/cycling__3060324__524e1d0725f052ae__3060324_1010_1.jpg?v=1790331620,kg,,,
chiba-3060324-cycling,,,,,,,,,極致黑,,,M,,,,,3060324-BLACKBLACK-M,0.0,shopify,2,continue,manual,1580.00,,true,true,,,,,,,,,,,,https://cdn.shopify.com/s/files/1/1015/5950/1113/files/cycling__3060324__524e1d0725f052ae__3060324_1010_1.jpg?v=1790331620,kg,,,
chiba-3060324-cycling,,,,,,,,,極致黑,,,L,,,,,3060324-BLACKBLACK-L,0.0,shopify,2,continue,manual,1580.00,,true,true,,,,,,,,,,,,https://cdn.shopify.com/s/files/1/1015/5950/1113/files/cycling__3060324__524e1d0725f052ae__3060324_1010_1.jpg?v=1790331620,kg,,,
chiba-3060324-cycling,,,,,,,,,極致黑,,,XL,,,,,3060324-BLACKBLACK-XL,0.0,shopify,2,continue,manual,1580.00,,true,true,,,,,,,,,,,,https://cdn.shopify.com/s/files/1/1015/5950/1113/files/cycling__3060324__524e1d0725f052ae__3060324_1010_1.jpg?v=1790331620,kg,,,
chiba-3060324-cycling,,,,,,,,,極致黑,,,XXL,,,,,3060324-BLACKBLACK-XXL,0.0,shopify,2,continue,manual,1580.00,,true,true,,,,,,,,,,,,https://cdn.shopify.com/s/files/1/1015/5950/1113/files/cycling__3060324__524e1d0725f052ae__3060324_1010_1.jpg?v=1790331620,kg,,,
chiba-3060324-cycling,,,,,,,,,極致黑,,,3XL,,,,,3060324-BLACKBLACK-3XL,0.0,shopify,2,continue,manual,1580.00,,true,true,,,,,,,,,,,,https://cdn.shopify.com/s/files/1/1015/5950/1113/files/cycling__3060324__524e1d0725f052ae__3060324_1010_1.jpg?v=1790331620,kg,,,
chiba-3060324-cycling,,,,,,,,,黑配粉紅,,,XS,,,,,3060324-BLACKPINK-XS,0.0,shopify,2,continue,manual,1580.00,,true,true,,,,,,,,,,,,https://cdn.shopify.com/s/files/1/1015/5950/1113/files/cycling__3060324__ece35005b6378c8b__3060324_1023-1_1.jpg?v=1790331620,kg,,,
chiba-3060324-cycling,,,,,,,,,黑配粉紅,,,S,,,,,3060324-BLACKPINK-S,0.0,shopify,2,continue,manual,1580.00,,true,true,,,,,,,,,,,,https://cdn.shopify.com/s/files/1/1015/5950/1113/files/cycling__3060324__ece35005b6378c8b__3060324_1023-1_1.jpg?v=1790331620,kg,,,
chiba-3060324-cycling,,,,,,,,,黑配粉紅,,,M,,,,,3060324-BLACKPINK-M,0.0,shopify,2,continue,manual,1580.00,,true,true,,,,,,,,,,,,https://cdn.shopify.com/s/files/1/1015/5950/1113/files/cycling__3060324__ece35005b6378c8b__3060324_1023-1_1.jpg?v=1790331620,kg,,,
chiba-3060324-cycling,,,,,,,,,黑配粉紅,,,L,,,,,3060324-BLACKPINK-L,0.0,shopify,2,continue,manual,1580.00,,true,true,,,,,,,,,,,,https://cdn.shopify.com/s/files/1/1015/5950/1113/files/cycling__3060324__ece35005b6378c8b__3060324_1023-1_1.jpg?v=1790331620,kg,,,
chiba-3060324-cycling,,,,,,,,,黑配粉紅,,,XL,,,,,3060324-BLACKPINK-XL,0.0,shopify,2,continue,manual,1580.00,,true,true,,,,,,,,,,,,https://cdn.shopify.com/s/files/1/1015/5950/1113/files/cycling__3060324__ece35005b6378c8b__3060324_1023-1_1.jpg?v=1790331620,kg,,,
chiba-3060324-cycling,,,,,,,,,黑配粉紅,,,XXL,,,,,3060324-BLACKPINK-XXL,0.0,shopify,2,continue,manual,1580.00,,true,true,,,,,,,,,,,,https://cdn.shopify.com/s/files/1/1015/5950/1113/files/cycling__3060324__ece35005b6378c8b__3060324_1023-1_1.jpg?v=1790331620,kg,,,
chiba-3060324-cycling,,,,,,,,,黑配粉紅,,,3XL,,,,,3060324-BLACKPINK-3XL,0.0,shopify,2,continue,manual,1580.00,,true,true,,,,,,,,,,,,https://cdn.shopify.com/s/files/1/1015/5950/1113/files/cycling__3060324__ece35005b6378c8b__3060324_1023-1_1.jpg?v=1790331620,kg,,,
chiba-3060224-cycling,CHIBA BioXCell Pro 專業款,"<div class=""chiba-product-description"">
  <p><strong>CHIBA BioXCell Pro 專業款</strong>｜德國百年專業工藝打造。BioXCell 專利人體工學減震，手掌外側雙層加厚。</p>
  <ul>
    <li>
<strong>專利 BioXCell 兩階段手部解剖學襯墊</strong>：科學外緣加厚 0.8cm，徹底保護尺神經通道。</li>
    <li>
<strong>立體壓紋防滑掌面</strong>：提供高水準把帶抓力，下坡急煞不滑移。</li>
    <li>
<strong>Quick-Pull® 專利秒脫拉環</strong>：指尖專利拉環設計，即使騎乘後滿手汗水也能一秒輕鬆俐落脫下手套。</li>
  </ul>
  <p>
    • <strong>系列材質</strong>：BioXCell Line｜壓紋掌心、微網布、網布<br>
    • <strong>洗滌保養</strong>：支援 30°C 溫和水洗，平放陰乾，請勿烘乾。
  </p>
</div>",CHIBA GLOVES GERMANY,,cycling,"BioXCell Line, cycling",true,顏色,白色,,尺寸,XS,,,,,3060224-WHITE-XS,0.0,shopify,2,continue,manual,1860.00,,true,true,,,,,,https://cdn.shopify.com/s/files/1/1015/5950/1113/files/cycling__3060224__513aa74604a5a0bd__3060224_01_1.jpg?v=1790331617,1,CHIBA BioXCell Pro 專業款 白色,false,CHIBA BioXCell Pro 專業款｜德國百年專業自行車手套,德國百年品牌 CHIBA 台灣官方直營：CHIBA BioXCell Pro 專業款。科學外緣加厚 0.8cm，徹底保護尺神經通道，掌心中央形成腕隧道懸空減壓槽。台灣零售價現貨供應，德國原裝進口品質保證。,https://cdn.shopify.com/s/files/1/1015/5950/1113/files/cycling__3060224__513aa74604a5a0bd__3060224_01_1.jpg?v=1790331617,kg,,,active
chiba-3060224-cycling,,,,,,,,,白色,,,S,,,,,3060224-WHITE-S,0.0,shopify,2,continue,manual,1860.00,,true,true,,,,,,https://cdn.shopify.com/s/files/1/1015/5950/1113/files/cycling__3060224__b391338cac14beb4__3060224_01_2.jpg?v=1790331617,2,CHIBA BioXCell Pro 專業款 白色,,,,https://cdn.shopify.com/s/files/1/1015/5950/1113/files/cycling__3060224__513aa74604a5a0bd__3060224_01_1.jpg?v=1790331617,kg,,,
chiba-3060224-cycling,,,,,,,,,白色,,,M,,,,,3060224-WHITE-M,0.0,shopify,2,continue,manual,1860.00,,true,true,,,,,,https://cdn.shopify.com/s/files/1/1015/5950/1113/files/cycling__3060224__05c8e11066b4aeab__3060224_03-1_1.jpg?v=1790331617,3,CHIBA BioXCell Pro 專業款 螢光黃,,,,https://cdn.shopify.com/s/files/1/1015/5950/1113/files/cycling__3060224__513aa74604a5a0bd__3060224_01_1.jpg?v=1790331617,kg,,,
chiba-3060224-cycling,,,,,,,,,白色,,,L,,,,,3060224-WHITE-L,0.0,shopify,2,continue,manual,1860.00,,true,true,,,,,,https://cdn.shopify.com/s/files/1/1015/5950/1113/files/cycling__3060224__7515b06c17b01df5__3060224_03-1_2.jpg?v=1790331617,4,CHIBA BioXCell Pro 專業款 螢光黃,,,,https://cdn.shopify.com/s/files/1/1015/5950/1113/files/cycling__3060224__513aa74604a5a0bd__3060224_01_1.jpg?v=1790331617,kg,,,
chiba-3060224-cycling,,,,,,,,,白色,,,XL,,,,,3060224-WHITE-XL,0.0,shopify,2,continue,manual,1860.00,,true,true,,,,,,https://cdn.shopify.com/s/files/1/1015/5950/1113/files/cycling__3060224__df1f4206439bdb1f__3060224_04_1.jpg?v=1790331617,5,CHIBA BioXCell Pro 專業款 紅色,,,,https://cdn.shopify.com/s/files/1/1015/5950/1113/files/cycling__3060224__513aa74604a5a0bd__3060224_01_1.jpg?v=1790331617,kg,,,
chiba-3060224-cycling,,,,,,,,,白色,,,XXL,,,,,3060224-WHITE-XXL,0.0,shopify,2,continue,manual,1860.00,,true,true,,,,,,https://cdn.shopify.com/s/files/1/1015/5950/1113/files/cycling__3060224__6d401f8fff736e5a__3060224_04_2.jpg?v=1790331617,6,CHIBA BioXCell Pro 專業款 紅色,,,,https://cdn.shopify.com/s/files/1/1015/5950/1113/files/cycling__3060224__513aa74604a5a0bd__3060224_01_1.jpg?v=1790331617,kg,,,
chiba-3060224-cycling,,,,,,,,,白色,,,3XL,,,,,3060224-WHITE-3XL,0.0,shopify,2,continue,manual,1860.00,,true,true,,,,,,https://cdn.shopify.com/s/files/1/1015/5950/1113/files/cycling__3060224__2fb5e63976f1a90e__3060224_10_1.jpg?v=1790331617,7,CHIBA BioXCell Pro 專業款 黑色,,,,https://cdn.shopify.com/s/files/1/1015/5950/1113/files/cycling__3060224__513aa74604a5a0bd__3060224_01_1.jpg?v=1790331617,kg,,,
chiba-3060224-cycling,,,,,,,,,螢光黃,,,XS,,,,,3060224-NEONYELLOW-XS,0.0,shopify,2,continue,manual,1860.00,,true,true,,,,,,https://cdn.shopify.com/s/files/1/1015/5950/1113/files/cycling__3060224__e868bfcc1508611d__3060224_10_2.jpg?v=1790331617,8,CHIBA BioXCell Pro 專業款 黑色,,,,https://cdn.shopify.com/s/files/1/1015/5950/1113/files/cycling__3060224__05c8e11066b4aeab__3060224_03-1_1.jpg?v=1790331617,kg,,,
chiba-3060224-cycling,,,,,,,,,螢光黃,,,S,,,,,3060224-NEONYELLOW-S,0.0,shopify,2,continue,manual,1860.00,,true,true,,,,,,https://cdn.shopify.com/s/files/1/1015/5950/1113/files/cycling__3060224__83301071b28db6bd__3060224_19_1.jpg?v=1790331617,9,CHIBA BioXCell Pro 專業款 深灰色,,,,https://cdn.shopify.com/s/files/1/1015/5950/1113/files/cycling__3060224__05c8e11066b4aeab__3060224_03-1_1.jpg?v=1790331617,kg,,,
chiba-3060224-cycling,,,,,,,,,螢光黃,,,M,,,,,3060224-NEONYELLOW-M,0.0,shopify,2,continue,manual,1860.00,,true,true,,,,,,https://cdn.shopify.com/s/files/1/1015/5950/1113/files/cycling__3060224__c5c31df1e391fb91__3060224_19_2.jpg?v=1790331617,10,CHIBA BioXCell Pro 專業款 深灰色,,,,https://cdn.shopify.com/s/files/1/1015/5950/1113/files/cycling__3060224__05c8e11066b4aeab__3060224_03-1_1.jpg?v=1790331617,kg,,,
chiba-3060224-cycling,,,,,,,,,螢光黃,,,L,,,,,3060224-NEONYELLOW-L,0.0,shopify,2,continue,manual,1860.00,,true,true,,,,,,,,,,,,https://cdn.shopify.com/s/files/1/1015/5950/1113/files/cycling__3060224__05c8e11066b4aeab__3060224_03-1_1.jpg?v=1790331617,kg,,,
chiba-3060224-cycling,,,,,,,,,螢光黃,,,XL,,,,,3060224-NEONYELLOW-XL,0.0,shopify,2,continue,manual,1860.00,,true,true,,,,,,,,,,,,https://cdn.shopify.com/s/files/1/1015/5950/1113/files/cycling__3060224__05c8e11066b4aeab__3060224_03-1_1.jpg?v=1790331617,kg,,,
chiba-3060224-cycling,,,,,,,,,螢光黃,,,XXL,,,,,3060224-NEONYELLOW-XXL,0.0,shopify,2,continue,manual,1860.00,,true,true,,,,,,,,,,,,https://cdn.shopify.com/s/files/1/1015/5950/1113/files/cycling__3060224__05c8e11066b4aeab__3060224_03-1_1.jpg?v=1790331617,kg,,,
chiba-3060224-cycling,,,,,,,,,螢光黃,,,3XL,,,,,3060224-NEONYELLOW-3XL,0.0,shopify,2,continue,manual,1860.00,,true,true,,,,,,,,,,,,https://cdn.shopify.com/s/files/1/1015/5950/1113/files/cycling__3060224__05c8e11066b4aeab__3060224_03-1_1.jpg?v=1790331617,kg,,,
chiba-3060224-cycling,,,,,,,,,紅色,,,XS,,,,,3060224-RED-XS,0.0,shopify,2,continue,manual,1860.00,,true,true,,,,,,,,,,,,https://cdn.shopify.com/s/files/1/1015/5950/1113/files/cycling__3060224__df1f4206439bdb1f__3060224_04_1.jpg?v=1790331617,kg,,,
chiba-3060224-cycling,,,,,,,,,紅色,,,S,,,,,3060224-RED-S,0.0,shopify,2,continue,manual,1860.00,,true,true,,,,,,,,,,,,https://cdn.shopify.com/s/files/1/1015/5950/1113/files/cycling__3060224__df1f4206439bdb1f__3060224_04_1.jpg?v=1790331617,kg,,,
chiba-3060224-cycling,,,,,,,,,紅色,,,M,,,,,3060224-RED-M,0.0,shopify,2,continue,manual,1860.00,,true,true,,,,,,,,,,,,https://cdn.shopify.com/s/files/1/1015/5950/1113/files/cycling__3060224__df1f4206439bdb1f__3060224_04_1.jpg?v=1790331617,kg,,,
chiba-3060224-cycling,,,,,,,,,紅色,,,L,,,,,3060224-RED-L,0.0,shopify,2,continue,manual,1860.00,,true,true,,,,,,,,,,,,https://cdn.shopify.com/s/files/1/1015/5950/1113/files/cycling__3060224__df1f4206439bdb1f__3060224_04_1.jpg?v=1790331617,kg,,,
chiba-3060224-cycling,,,,,,,,,紅色,,,XL,,,,,3060224-RED-XL,0.0,shopify,2,continue,manual,1860.00,,true,true,,,,,,,,,,,,https://cdn.shopify.com/s/files/1/1015/5950/1113/files/cycling__3060224__df1f4206439bdb1f__3060224_04_1.jpg?v=1790331617,kg,,,
chiba-3060224-cycling,,,,,,,,,紅色,,,XXL,,,,,3060224-RED-XXL,0.0,shopify,2,continue,manual,1860.00,,true,true,,,,,,,,,,,,https://cdn.shopify.com/s/files/1/1015/5950/1113/files/cycling__3060224__df1f4206439bdb1f__3060224_04_1.jpg?v=1790331617,kg,,,
chiba-3060224-cycling,,,,,,,,,紅色,,,3XL,,,,,3060224-RED-3XL,0.0,shopify,2,continue,manual,1860.00,,true,true,,,,,,,,,,,,https://cdn.shopify.com/s/files/1/1015/5950/1113/files/cycling__3060224__df1f4206439bdb1f__3060224_04_1.jpg?v=1790331617,kg,,,
chiba-3060224-cycling,,,,,,,,,黑色,,,XS,,,,,3060224-BLACK-XS,0.0,shopify,2,continue,manual,1860.00,,true,true,,,,,,,,,,,,https://cdn.shopify.com/s/files/1/1015/5950/1113/files/cycling__3060224__2fb5e63976f1a90e__3060224_10_1.jpg?v=1790331617,kg,,,
chiba-3060224-cycling,,,,,,,,,黑色,,,S,,,,,3060224-BLACK-S,0.0,shopify,2,continue,manual,1860.00,,true,true,,,,,,,,,,,,https://cdn.shopify.com/s/files/1/1015/5950/1113/files/cycling__3060224__2fb5e63976f1a90e__3060224_10_1.jpg?v=1790331617,kg,,,
chiba-3060224-cycling,,,,,,,,,黑色,,,M,,,,,3060224-BLACK-M,0.0,shopify,2,continue,manual,1860.00,,true,true,,,,,,,,,,,,https://cdn.shopify.com/s/files/1/1015/5950/1113/files/cycling__3060224__2fb5e63976f1a90e__3060224_10_1.jpg?v=1790331617,kg,,,
chiba-3060224-cycling,,,,,,,,,黑色,,,L,,,,,3060224-BLACK-L,0.0,shopify,2,continue,manual,1860.00,,true,true,,,,,,,,,,,,https://cdn.shopify.com/s/files/1/1015/5950/1113/files/cycling__3060224__2fb5e63976f1a90e__3060224_10_1.jpg?v=1790331617,kg,,,
chiba-3060224-cycling,,,,,,,,,黑色,,,XL,,,,,3060224-BLACK-XL,0.0,shopify,2,continue,manual,1860.00,,true,true,,,,,,,,,,,,https://cdn.shopify.com/s/files/1/1015/5950/1113/files/cycling__3060224__2fb5e63976f1a90e__3060224_10_1.jpg?v=1790331617,kg,,,
chiba-3060224-cycling,,,,,,,,,黑色,,,XXL,,,,,3060224-BLACK-XXL,0.0,shopify,2,continue,manual,1860.00,,true,true,,,,,,,,,,,,https://cdn.shopify.com/s/files/1/1015/5950/1113/files/cycling__3060224__2fb5e63976f1a90e__3060224_10_1.jpg?v=1790331617,kg,,,
chiba-3060224-cycling,,,,,,,,,黑色,,,3XL,,,,,3060224-BLACK-3XL,0.0,shopify,2,continue,manual,1860.00,,true,true,,,,,,,,,,,,https://cdn.shopify.com/s/files/1/1015/5950/1113/files/cycling__3060224__2fb5e63976f1a90e__3060224_10_1.jpg?v=1790331617,kg,,,
chiba-3060224-cycling,,,,,,,,,黑色,,,4XL,,,,,3060224-BLACK-4XL,0.0,shopify,2,continue,manual,1860.00,,true,true,,,,,,,,,,,,https://cdn.shopify.com/s/files/1/1015/5950/1113/files/cycling__3060224__2fb5e63976f1a90e__3060224_10_1.jpg?v=1790331617,kg,,,
chiba-3060224-cycling,,,,,,,,,深灰色,,,XS,,,,,3060224-DK.GREY-XS,0.0,shopify,2,continue,manual,1860.00,,true,true,,,,,,,,,,,,https://cdn.shopify.com/s/files/1/1015/5950/1113/files/cycling__3060224__83301071b28db6bd__3060224_19_1.jpg?v=1790331617,kg,,,
chiba-3060224-cycling,,,,,,,,,深灰色,,,S,,,,,3060224-DK.GREY-S,0.0,shopify,2,continue,manual,1860.00,,true,true,,,,,,,,,,,,https://cdn.shopify.com/s/files/1/1015/5950/1113/files/cycling__3060224__83301071b28db6bd__3060224_19_1.jpg?v=1790331617,kg,,,
chiba-3060224-cycling,,,,,,,,,深灰色,,,M,,,,,3060224-DK.GREY-M,0.0,shopify,2,continue,manual,1860.00,,true,true,,,,,,,,,,,,https://cdn.shopify.com/s/files/1/1015/5950/1113/files/cycling__3060224__83301071b28db6bd__3060224_19_1.jpg?v=1790331617,kg,,,
chiba-3060224-cycling,,,,,,,,,深灰色,,,L,,,,,3060224-DK.GREY-L,0.0,shopify,2,continue,manual,1860.00,,true,true,,,,,,,,,,,,https://cdn.shopify.com/s/files/1/1015/5950/1113/files/cycling__3060224__83301071b28db6bd__3060224_19_1.jpg?v=1790331617,kg,,,
chiba-3060224-cycling,,,,,,,,,深灰色,,,XL,,,,,3060224-DK.GREY-XL,0.0,shopify,2,continue,manual,1860.00,,true,true,,,,,,,,,,,,https://cdn.shopify.com/s/files/1/1015/5950/1113/files/cycling__3060224__83301071b28db6bd__3060224_19_1.jpg?v=1790331617,kg,,,
chiba-3060224-cycling,,,,,,,,,深灰色,,,XXL,,,,,3060224-DK.GREY-XXL,0.0,shopify,2,continue,manual,1860.00,,true,true,,,,,,,,,,,,https://cdn.shopify.com/s/files/1/1015/5950/1113/files/cycling__3060224__83301071b28db6bd__3060224_19_1.jpg?v=1790331617,kg,,,
chiba-3060224-cycling,,,,,,,,,深灰色,,,3XL,,,,,3060224-DK.GREY-3XL,0.0,shopify,2,continue,manual,1860.00,,true,true,,,,,,,,,,,,https://cdn.shopify.com/s/files/1/1015/5950/1113/files/cycling__3060224__83301071b28db6bd__3060224_19_1.jpg?v=1790331617,kg,,,
chiba-3060125-cycling,CHIBA BioXCell Eco Pro 環保專業款,"<div class=""chiba-product-description"">
  <p><strong>CHIBA BioXCell Eco Pro 環保專業款</strong>｜德國百年專業工藝打造。專利 BioXCell 兩階段防手麻搭配Econyl® 海洋再生尼龍。</p>
  <ul>
    <li>
<strong>專利 BioXCell 兩階段雙層凝膠</strong>：手掌外側配置加厚雙層凝膠墊，將支撐點外移墊高。</li>
    <li>
<strong>腕隧道中央中空懸空減壓</strong>：外側墊高使掌心正中神經形成生理懸空間隙。</li>
    <li>
<strong>Quick-Pull® 專利秒脫拉環</strong>：指尖專利拉環設計，即使騎乘後滿手汗水也能一秒輕鬆俐落脫下手套。</li>
  </ul>
  <p>
    • <strong>系列材質</strong>：BioXCell Line｜Econyl再生尼龍、Clarino人造皮、乳膠<br>
    • <strong>洗滌保養</strong>：支援 30°C 溫和水洗，平放陰乾，請勿烘乾。
  </p>
</div>",CHIBA GLOVES GERMANY,,cycling,"BioXCell Line, cycling",true,顏色,黑色,,尺寸,XS,,,,,3060125-BLACK-XS,0.0,shopify,2,continue,manual,1650.00,,true,true,,,,,,https://cdn.shopify.com/s/files/1/1015/5950/1113/files/cycling__3060125__14b7bd36f9ab9268__3060125_10_1.jpg?v=1790331615,1,CHIBA BioXCell Eco Pro 環保專業款 黑色,false,CHIBA BioXCell Eco Pro 環保專業款｜德國百年專業自行車手套,德國百年品牌 CHIBA 台灣官方直營：CHIBA BioXCell Eco Pro 環保專業款。手掌外側配置加厚雙層凝膠墊，將支撐點外移墊高，阻斷車把對尺神經通道的重壓。台灣零售價現貨供應，德國原裝進口品質保證。,https://cdn.shopify.com/s/files/1/1015/5950/1113/files/cycling__3060125__14b7bd36f9ab9268__3060125_10_1.jpg?v=1790331615,kg,,,active
chiba-3060125-cycling,,,,,,,,,黑色,,,S,,,,,3060125-BLACK-S,0.0,shopify,2,continue,manual,1650.00,,true,true,,,,,,https://cdn.shopify.com/s/files/1/1015/5950/1113/files/cycling__3060125__d5f20b2572e9cd42__3060125_10_2.jpg?v=1790331615,2,CHIBA BioXCell Eco Pro 環保專業款 黑色,,,,https://cdn.shopify.com/s/files/1/1015/5950/1113/files/cycling__3060125__14b7bd36f9ab9268__3060125_10_1.jpg?v=1790331615,kg,,,
chiba-3060125-cycling,,,,,,,,,黑色,,,M,,,,,3060125-BLACK-M,0.0,shopify,2,continue,manual,1650.00,,true,true,,,,,,https://cdn.shopify.com/s/files/1/1015/5950/1113/files/cycling__3060125__b1f7fc8ece0a3728__3060125_19_1.jpg?v=1790331615,3,CHIBA BioXCell Eco Pro 環保專業款 深灰色,,,,https://cdn.shopify.com/s/files/1/1015/5950/1113/files/cycling__3060125__14b7bd36f9ab9268__3060125_10_1.jpg?v=1790331615,kg,,,
chiba-3060125-cycling,,,,,,,,,黑色,,,L,,,,,3060125-BLACK-L,0.0,shopify,2,continue,manual,1650.00,,true,true,,,,,,https://cdn.shopify.com/s/files/1/1015/5950/1113/files/cycling__3060125__009bce60f51be6a2__3060125_19_2.jpg?v=1790331615,4,CHIBA BioXCell Eco Pro 環保專業款 深灰色,,,,https://cdn.shopify.com/s/files/1/1015/5950/1113/files/cycling__3060125__14b7bd36f9ab9268__3060125_10_1.jpg?v=1790331615,kg,,,
chiba-3060125-cycling,,,,,,,,,黑色,,,XL,,,,,3060125-BLACK-XL,0.0,shopify,2,continue,manual,1650.00,,true,true,,,,,,https://cdn.shopify.com/s/files/1/1015/5950/1113/files/cycling__3060125__7ac9bd53ff1d4595__3060125_20-1_1.jpg?v=1790331615,5,CHIBA BioXCell Eco Pro 環保專業款 橄欖綠,,,,https://cdn.shopify.com/s/files/1/1015/5950/1113/files/cycling__3060125__14b7bd36f9ab9268__3060125_10_1.jpg?v=1790331615,kg,,,
chiba-3060125-cycling,,,,,,,,,黑色,,,XXL,,,,,3060125-BLACK-XXL,0.0,shopify,2,continue,manual,1650.00,,true,true,,,,,,https://cdn.shopify.com/s/files/1/1015/5950/1113/files/cycling__3060125__dfadc668928200c9__3060125_20-1_2.jpg?v=1790331615,6,CHIBA BioXCell Eco Pro 環保專業款 橄欖綠,,,,https://cdn.shopify.com/s/files/1/1015/5950/1113/files/cycling__3060125__14b7bd36f9ab9268__3060125_10_1.jpg?v=1790331615,kg,,,
chiba-3060125-cycling,,,,,,,,,深灰色,,,XS,,,,,3060125-DK.GREY-XS,0.0,shopify,2,continue,manual,1650.00,,true,true,,,,,,,,,,,,https://cdn.shopify.com/s/files/1/1015/5950/1113/files/cycling__3060125__b1f7fc8ece0a3728__3060125_19_1.jpg?v=1790331615,kg,,,
chiba-3060125-cycling,,,,,,,,,深灰色,,,S,,,,,3060125-DK.GREY-S,0.0,shopify,2,continue,manual,1650.00,,true,true,,,,,,,,,,,,https://cdn.shopify.com/s/files/1/1015/5950/1113/files/cycling__3060125__b1f7fc8ece0a3728__3060125_19_1.jpg?v=1790331615,kg,,,
chiba-3060125-cycling,,,,,,,,,深灰色,,,M,,,,,3060125-DK.GREY-M,0.0,shopify,2,continue,manual,1650.00,,true,true,,,,,,,,,,,,https://cdn.shopify.com/s/files/1/1015/5950/1113/files/cycling__3060125__b1f7fc8ece0a3728__3060125_19_1.jpg?v=1790331615,kg,,,
chiba-3060125-cycling,,,,,,,,,深灰色,,,L,,,,,3060125-DK.GREY-L,0.0,shopify,2,continue,manual,1650.00,,true,true,,,,,,,,,,,,https://cdn.shopify.com/s/files/1/1015/5950/1113/files/cycling__3060125__b1f7fc8ece0a3728__3060125_19_1.jpg?v=1790331615,kg,,,
chiba-3060125-cycling,,,,,,,,,深灰色,,,XL,,,,,3060125-DK.GREY-XL,0.0,shopify,2,continue,manual,1650.00,,true,true,,,,,,,,,,,,https://cdn.shopify.com/s/files/1/1015/5950/1113/files/cycling__3060125__b1f7fc8ece0a3728__3060125_19_1.jpg?v=1790331615,kg,,,
chiba-3060125-cycling,,,,,,,,,深灰色,,,XXL,,,,,3060125-DK.GREY-XXL,0.0,shopify,2,continue,manual,1650.00,,true,true,,,,,,,,,,,,https://cdn.shopify.com/s/files/1/1015/5950/1113/files/cycling__3060125__b1f7fc8ece0a3728__3060125_19_1.jpg?v=1790331615,kg,,,
chiba-3060125-cycling,,,,,,,,,橄欖綠,,,XS,,,,,3060125-OLIVE-XS,0.0,shopify,2,continue,manual,1650.00,,true,true,,,,,,,,,,,,https://cdn.shopify.com/s/files/1/1015/5950/1113/files/cycling__3060125__7ac9bd53ff1d4595__3060125_20-1_1.jpg?v=1790331615,kg,,,
chiba-3060125-cycling,,,,,,,,,橄欖綠,,,S,,,,,3060125-OLIVE-S,0.0,shopify,2,continue,manual,1650.00,,true,true,,,,,,,,,,,,https://cdn.shopify.com/s/files/1/1015/5950/1113/files/cycling__3060125__7ac9bd53ff1d4595__3060125_20-1_1.jpg?v=1790331615,kg,,,
chiba-3060125-cycling,,,,,,,,,橄欖綠,,,M,,,,,3060125-OLIVE-M,0.0,shopify,2,continue,manual,1650.00,,true,true,,,,,,,,,,,,https://cdn.shopify.com/s/files/1/1015/5950/1113/files/cycling__3060125__7ac9bd53ff1d4595__3060125_20-1_1.jpg?v=1790331615,kg,,,
chiba-3060125-cycling,,,,,,,,,橄欖綠,,,L,,,,,3060125-OLIVE-L,0.0,shopify,2,continue,manual,1650.00,,true,true,,,,,,,,,,,,https://cdn.shopify.com/s/files/1/1015/5950/1113/files/cycling__3060125__7ac9bd53ff1d4595__3060125_20-1_1.jpg?v=1790331615,kg,,,
chiba-3060125-cycling,,,,,,,,,橄欖綠,,,XL,,,,,3060125-OLIVE-XL,0.0,shopify,2,continue,manual,1650.00,,true,true,,,,,,,,,,,,https://cdn.shopify.com/s/files/1/1015/5950/1113/files/cycling__3060125__7ac9bd53ff1d4595__3060125_20-1_1.jpg?v=1790331615,kg,,,
chiba-3060125-cycling,,,,,,,,,橄欖綠,,,XXL,,,,,3060125-OLIVE-XXL,0.0,shopify,2,continue,manual,1650.00,,true,true,,,,,,,,,,,,https://cdn.shopify.com/s/files/1/1015/5950/1113/files/cycling__3060125__7ac9bd53ff1d4595__3060125_20-1_1.jpg?v=1790331615,kg,,,
chiba-3050224-cycling,CHIBA Kids 兒童款,"<div class=""chiba-product-description"">
  <p><strong>CHIBA Kids 兒童款</strong>｜德國百年專業工藝打造。守護孩子每一次冒險，兒童專屬防護手套，柔軟舒適不勒手。</p>
  <ul>
    <li>
<strong>兒童專屬防摔耐磨掌心</strong>：柔軟減震耐磨，保護幼童細嫩掌心肌膚。</li>
    <li>
<strong>大開口快速穿脫魔鬼氈</strong>：幼童可自行輕鬆黏貼固定，繽紛色彩激發騎乘興趣。</li>
    <li>
<strong>Quick-Pull® 專利秒脫拉環</strong>：指尖專利拉環設計，即使騎乘後滿手汗水也能一秒輕鬆俐落脫下手套。</li>
  </ul>
  <p>
    • <strong>系列材質</strong>：Kids｜Econyl再生尼龍、HY 32N面料<br>
    • <strong>洗滌保養</strong>：支援 30°C 溫和水洗，平放陰乾，請勿烘乾。
  </p>
</div>",CHIBA GLOVES GERMANY,,cycling,"cycling, Kids",true,顏色,紅色,,尺寸,XS,,,,,3050224-RED-XS,0.0,shopify,2,continue,manual,540.00,,true,true,,,,,,https://cdn.shopify.com/s/files/1/1015/5950/1113/files/cycling__3050224__d3e5eafdc702ce7a__3050224_04_1.jpg?v=1790331613,1,CHIBA Kids 兒童款 紅色,false,CHIBA Kids 兒童款｜德國百年專業自行車手套,德國百年品牌 CHIBA 台灣官方直營：CHIBA Kids 兒童款。柔軟減震耐磨，保護幼童細嫩掌心肌膚。台灣零售價現貨供應，德國原裝進口品質保證。,https://cdn.shopify.com/s/files/1/1015/5950/1113/files/cycling__3050224__d3e5eafdc702ce7a__3050224_04_1.jpg?v=1790331613,kg,,,active
chiba-3050224-cycling,,,,,,,,,紅色,,,S,,,,,3050224-RED-S,0.0,shopify,2,continue,manual,540.00,,true,true,,,,,,https://cdn.shopify.com/s/files/1/1015/5950/1113/files/cycling__3050224__1edb44dfc531edaf__3050224_04_2.jpg?v=1790331613,2,CHIBA Kids 兒童款 紅色,,,,https://cdn.shopify.com/s/files/1/1015/5950/1113/files/cycling__3050224__d3e5eafdc702ce7a__3050224_04_1.jpg?v=1790331613,kg,,,
chiba-3050224-cycling,,,,,,,,,紅色,,,M,,,,,3050224-RED-M,0.0,shopify,2,continue,manual,540.00,,true,true,,,,,,https://cdn.shopify.com/s/files/1/1015/5950/1113/files/cycling__3050224__30d3418dac5b9999__3050224_06_1.jpg?v=1790331612,3,CHIBA Kids 兒童款 寶藍色,,,,https://cdn.shopify.com/s/files/1/1015/5950/1113/files/cycling__3050224__d3e5eafdc702ce7a__3050224_04_1.jpg?v=1790331613,kg,,,
chiba-3050224-cycling,,,,,,,,,紅色,,,L,,,,,3050224-RED-L,0.0,shopify,2,continue,manual,540.00,,true,true,,,,,,https://cdn.shopify.com/s/files/1/1015/5950/1113/files/cycling__3050224__27f6a26e4f6170c3__3050224_06_2.jpg?v=1790331612,4,CHIBA Kids 兒童款 寶藍色,,,,https://cdn.shopify.com/s/files/1/1015/5950/1113/files/cycling__3050224__d3e5eafdc702ce7a__3050224_04_1.jpg?v=1790331613,kg,,,
chiba-3050224-cycling,,,,,,,,,寶藍色,,,XS,,,,,3050224-ROYAL-XS,0.0,shopify,2,continue,manual,540.00,,true,true,,,,,,https://cdn.shopify.com/s/files/1/1015/5950/1113/files/cycling__3050224__619c62dab8320cbd__3050224_18_1.jpg?v=1790331613,5,CHIBA Kids 兒童款 綠松石藍,,,,https://cdn.shopify.com/s/files/1/1015/5950/1113/files/cycling__3050224__30d3418dac5b9999__3050224_06_1.jpg?v=1790331612,kg,,,
chiba-3050224-cycling,,,,,,,,,寶藍色,,,S,,,,,3050224-ROYAL-S,0.0,shopify,2,continue,manual,540.00,,true,true,,,,,,https://cdn.shopify.com/s/files/1/1015/5950/1113/files/cycling__3050224__03abd3d53a32b448__3050224_18_2.jpg?v=1790331613,6,CHIBA Kids 兒童款 綠松石藍,,,,https://cdn.shopify.com/s/files/1/1015/5950/1113/files/cycling__3050224__30d3418dac5b9999__3050224_06_1.jpg?v=1790331612,kg,,,
chiba-3050224-cycling,,,,,,,,,寶藍色,,,M,,,,,3050224-ROYAL-M,0.0,shopify,2,continue,manual,540.00,,true,true,,,,,,https://cdn.shopify.com/s/files/1/1015/5950/1113/files/cycling__3050224__48081204c363354f__3050224_23_1.jpg?v=1790331612,7,CHIBA Kids 兒童款 粉紅色,,,,https://cdn.shopify.com/s/files/1/1015/5950/1113/files/cycling__3050224__30d3418dac5b9999__3050224_06_1.jpg?v=1790331612,kg,,,
chiba-3050224-cycling,,,,,,,,,寶藍色,,,L,,,,,3050224-ROYAL-L,0.0,shopify,2,continue,manual,540.00,,true,true,,,,,,https://cdn.shopify.com/s/files/1/1015/5950/1113/files/cycling__3050224__a60c88e1611f4a49__3050224_23_2.jpg?v=1790331612,8,CHIBA Kids 兒童款 粉紅色,,,,https://cdn.shopify.com/s/files/1/1015/5950/1113/files/cycling__3050224__30d3418dac5b9999__3050224_06_1.jpg?v=1790331612,kg,,,
chiba-3050224-cycling,,,,,,,,,綠松石藍,,,XS,,,,,3050224-TOURQUISE-XS,0.0,shopify,2,continue,manual,540.00,,true,true,,,,,,,,,,,,https://cdn.shopify.com/s/files/1/1015/5950/1113/files/cycling__3050224__619c62dab8320cbd__3050224_18_1.jpg?v=1790331613,kg,,,
chiba-3050224-cycling,,,,,,,,,綠松石藍,,,S,,,,,3050224-TOURQUISE-S,0.0,shopify,2,continue,manual,540.00,,true,true,,,,,,,,,,,,https://cdn.shopify.com/s/files/1/1015/5950/1113/files/cycling__3050224__619c62dab8320cbd__3050224_18_1.jpg?v=1790331613,kg,,,
chiba-3050224-cycling,,,,,,,,,綠松石藍,,,M,,,,,3050224-TOURQUISE-M,0.0,shopify,2,continue,manual,540.00,,true,true,,,,,,,,,,,,https://cdn.shopify.com/s/files/1/1015/5950/1113/files/cycling__3050224__619c62dab8320cbd__3050224_18_1.jpg?v=1790331613,kg,,,
chiba-3050224-cycling,,,,,,,,,綠松石藍,,,L,,,,,3050224-TOURQUISE-L,0.0,shopify,2,continue,manual,540.00,,true,true,,,,,,,,,,,,https://cdn.shopify.com/s/files/1/1015/5950/1113/files/cycling__3050224__619c62dab8320cbd__3050224_18_1.jpg?v=1790331613,kg,,,
chiba-3050224-cycling,,,,,,,,,粉紅色,,,XS,,,,,3050224-PINK-XS,0.0,shopify,2,continue,manual,540.00,,true,true,,,,,,,,,,,,https://cdn.shopify.com/s/files/1/1015/5950/1113/files/cycling__3050224__48081204c363354f__3050224_23_1.jpg?v=1790331612,kg,,,
chiba-3050224-cycling,,,,,,,,,粉紅色,,,S,,,,,3050224-PINK-S,0.0,shopify,2,continue,manual,540.00,,true,true,,,,,,,,,,,,https://cdn.shopify.com/s/files/1/1015/5950/1113/files/cycling__3050224__48081204c363354f__3050224_23_1.jpg?v=1790331612,kg,,,
chiba-3050224-cycling,,,,,,,,,粉紅色,,,M,,,,,3050224-PINK-M,0.0,shopify,2,continue,manual,540.00,,true,true,,,,,,,,,,,,https://cdn.shopify.com/s/files/1/1015/5950/1113/files/cycling__3050224__48081204c363354f__3050224_23_1.jpg?v=1790331612,kg,,,
chiba-3050224-cycling,,,,,,,,,粉紅色,,,L,,,,,3050224-PINK-L,0.0,shopify,2,continue,manual,540.00,,true,true,,,,,,,,,,,,https://cdn.shopify.com/s/files/1/1015/5950/1113/files/cycling__3050224__48081204c363354f__3050224_23_1.jpg?v=1790331612,kg,,,
chiba-3050122-cycling,CHIBA Youth 青少年款,"<div class=""chiba-product-description"">
  <p><strong>CHIBA Youth 青少年款</strong>｜德國百年專業工藝打造。青少年專屬人體工學，依據青少年手骨比例打版。</p>
  <ul>
    <li>
<strong>青少年專屬黃金比例剪裁</strong>：告別成人手套縮小版的鬆垮不適，完美貼合青少年手型。</li>
    <li>
<strong>掌心加厚耐磨防摔層</strong>：有效防護意外跌倒手掌擦傷，騎行安全升級。</li>
    <li>
<strong>Quick-Pull® 專利秒脫拉環</strong>：指尖專利拉環設計，即使騎乘後滿手汗水也能一秒輕鬆俐落脫下手套。</li>
  </ul>
  <p>
    • <strong>系列材質</strong>：Youth｜微網布、Econyl再生尼龍、透氣網布、Vitel面料<br>
    • <strong>洗滌保養</strong>：支援 30°C 溫和水洗，平放陰乾，請勿烘乾。
  </p>
</div>",CHIBA GLOVES GERMANY,,cycling,"cycling, Youth",true,顏色,螢光黃,,尺寸,XS,,,,,3050122-NEONYELLOW-XS,0.0,shopify,2,continue,manual,750.00,,true,true,,,,,,https://cdn.shopify.com/s/files/1/1015/5950/1113/files/cycling__3050122__c10eb903945dcbb3__3050122_03-1_1.jpg?v=1790331610,1,CHIBA Youth 青少年款 螢光黃,false,CHIBA Youth 青少年款｜德國百年專業自行車手套,德國百年品牌 CHIBA 台灣官方直營：CHIBA Youth 青少年款。告別成人手套縮小版的鬆垮不適，完美貼合青少年手型。台灣零售價現貨供應，德國原裝進口品質保證。,https://cdn.shopify.com/s/files/1/1015/5950/1113/files/cycling__3050122__c10eb903945dcbb3__3050122_03-1_1.jpg?v=1790331610,kg,,,active
chiba-3050122-cycling,,,,,,,,,螢光黃,,,XS/S,,,,,3050122-NEONYELLOW-XS/S,0.0,shopify,2,continue,manual,750.00,,true,true,,,,,,https://cdn.shopify.com/s/files/1/1015/5950/1113/files/cycling__3050122__dd12d44f73fd3fc3__3050122_03-1_2.jpg?v=1790331610,2,CHIBA Youth 青少年款 螢光黃,,,,https://cdn.shopify.com/s/files/1/1015/5950/1113/files/cycling__3050122__c10eb903945dcbb3__3050122_03-1_1.jpg?v=1790331610,kg,,,
chiba-3050122-cycling,,,,,,,,,螢光黃,,,S,,,,,3050122-NEONYELLOW-S,0.0,shopify,2,continue,manual,750.00,,true,true,,,,,,https://cdn.shopify.com/s/files/1/1015/5950/1113/files/cycling__3050122__a7e6e5ea08084a13__3050122_04_1.jpg?v=1790331610,3,CHIBA Youth 青少年款 紅色,,,,https://cdn.shopify.com/s/files/1/1015/5950/1113/files/cycling__3050122__c10eb903945dcbb3__3050122_03-1_1.jpg?v=1790331610,kg,,,
chiba-3050122-cycling,,,,,,,,,螢光黃,,,S/M,,,,,3050122-NEONYELLOW-S/M,0.0,shopify,2,continue,manual,750.00,,true,true,,,,,,https://cdn.shopify.com/s/files/1/1015/5950/1113/files/cycling__3050122__9b81862ca9c91244__3050122_04_2.jpg?v=1790331610,4,CHIBA Youth 青少年款 紅色,,,,https://cdn.shopify.com/s/files/1/1015/5950/1113/files/cycling__3050122__c10eb903945dcbb3__3050122_03-1_1.jpg?v=1790331610,kg,,,
chiba-3050122-cycling,,,,,,,,,紅色,,,XS,,,,,3050122-RED-XS,0.0,shopify,2,continue,manual,750.00,,true,true,,,,,,https://cdn.shopify.com/s/files/1/1015/5950/1113/files/cycling__3050122__b0539cd154466f13__3050122_06_1.jpg?v=1790331610,5,CHIBA Youth 青少年款 寶藍色,,,,https://cdn.shopify.com/s/files/1/1015/5950/1113/files/cycling__3050122__a7e6e5ea08084a13__3050122_04_1.jpg?v=1790331610,kg,,,
chiba-3050122-cycling,,,,,,,,,紅色,,,XS/S,,,,,3050122-RED-XS/S,0.0,shopify,2,continue,manual,750.00,,true,true,,,,,,https://cdn.shopify.com/s/files/1/1015/5950/1113/files/cycling__3050122__8a3f1091c8c56b14__3050122_06_2.jpg?v=1790331610,6,CHIBA Youth 青少年款 寶藍色,,,,https://cdn.shopify.com/s/files/1/1015/5950/1113/files/cycling__3050122__a7e6e5ea08084a13__3050122_04_1.jpg?v=1790331610,kg,,,
chiba-3050122-cycling,,,,,,,,,紅色,,,S,,,,,3050122-RED-S,0.0,shopify,2,continue,manual,750.00,,true,true,,,,,,https://cdn.shopify.com/s/files/1/1015/5950/1113/files/cycling__3050122__1bbc355098b1df46__3050122_10_1.jpg?v=1790331610,7,CHIBA Youth 青少年款 黑色,,,,https://cdn.shopify.com/s/files/1/1015/5950/1113/files/cycling__3050122__a7e6e5ea08084a13__3050122_04_1.jpg?v=1790331610,kg,,,
chiba-3050122-cycling,,,,,,,,,紅色,,,S/M,,,,,3050122-RED-S/M,0.0,shopify,2,continue,manual,750.00,,true,true,,,,,,https://cdn.shopify.com/s/files/1/1015/5950/1113/files/cycling__3050122__2d5401fd1b235ed4__3050122_10_2.jpg?v=1790331610,8,CHIBA Youth 青少年款 黑色,,,,https://cdn.shopify.com/s/files/1/1015/5950/1113/files/cycling__3050122__a7e6e5ea08084a13__3050122_04_1.jpg?v=1790331610,kg,,,
chiba-3050122-cycling,,,,,,,,,寶藍色,,,XS,,,,,3050122-ROYAL-XS,0.0,shopify,2,continue,manual,750.00,,true,true,,,,,,,,,,,,https://cdn.shopify.com/s/files/1/1015/5950/1113/files/cycling__3050122__b0539cd154466f13__3050122_06_1.jpg?v=1790331610,kg,,,
chiba-3050122-cycling,,,,,,,,,寶藍色,,,XS/S,,,,,3050122-ROYAL-XS/S,0.0,shopify,2,continue,manual,750.00,,true,true,,,,,,,,,,,,https://cdn.shopify.com/s/files/1/1015/5950/1113/files/cycling__3050122__b0539cd154466f13__3050122_06_1.jpg?v=1790331610,kg,,,
chiba-3050122-cycling,,,,,,,,,寶藍色,,,S,,,,,3050122-ROYAL-S,0.0,shopify,2,continue,manual,750.00,,true,true,,,,,,,,,,,,https://cdn.shopify.com/s/files/1/1015/5950/1113/files/cycling__3050122__b0539cd154466f13__3050122_06_1.jpg?v=1790331610,kg,,,
chiba-3050122-cycling,,,,,,,,,寶藍色,,,S/M,,,,,3050122-ROYAL-S/M,0.0,shopify,2,continue,manual,750.00,,true,true,,,,,,,,,,,,https://cdn.shopify.com/s/files/1/1015/5950/1113/files/cycling__3050122__b0539cd154466f13__3050122_06_1.jpg?v=1790331610,kg,,,
chiba-3050122-cycling,,,,,,,,,黑色,,,XS,,,,,3050122-BLACK-XS,0.0,shopify,2,continue,manual,750.00,,true,true,,,,,,,,,,,,https://cdn.shopify.com/s/files/1/1015/5950/1113/files/cycling__3050122__1bbc355098b1df46__3050122_10_1.jpg?v=1790331610,kg,,,
chiba-3050122-cycling,,,,,,,,,黑色,,,XS/S,,,,,3050122-BLACK-XS/S,0.0,shopify,2,continue,manual,750.00,,true,true,,,,,,,,,,,,https://cdn.shopify.com/s/files/1/1015/5950/1113/files/cycling__3050122__1bbc355098b1df46__3050122_10_1.jpg?v=1790331610,kg,,,
chiba-3050122-cycling,,,,,,,,,黑色,,,S,,,,,3050122-BLACK-S,0.0,shopify,2,continue,manual,750.00,,true,true,,,,,,,,,,,,https://cdn.shopify.com/s/files/1/1015/5950/1113/files/cycling__3050122__1bbc355098b1df46__3050122_10_1.jpg?v=1790331610,kg,,,
chiba-3050122-cycling,,,,,,,,,黑色,,,S/M,,,,,3050122-BLACK-S/M,0.0,shopify,2,continue,manual,750.00,,true,true,,,,,,,,,,,,https://cdn.shopify.com/s/files/1/1015/5950/1113/files/cycling__3050122__1bbc355098b1df46__3050122_10_1.jpg?v=1790331610,kg,,,
chiba-30410-cycling,CHIBA Athletic 鉤織棉透氣款,"<div class=""chiba-product-description"">
  <p><strong>CHIBA Athletic 鉤織棉透氣款</strong>｜德國百年專業工藝打造。100% 天然純棉手織網背，吸汗親膚無塑料悶熱感。</p>
  <ul>
    <li>
<strong>100% 純天然棉質手織網背</strong>：親膚天然吸汗，徹底告別化纖塑料悶熱感。</li>
    <li>
<strong>超細纖維止滑耐磨手掌</strong>：日常休閒騎乘、健身房運動皆適宜。</li>
    <li>
<strong>Quick-Pull® 專利秒脫拉環</strong>：指尖專利拉環設計，即使騎乘後滿手汗水也能一秒輕鬆俐落脫下手套。</li>
  </ul>
  <p>
    • <strong>系列材質</strong>：Allround Line｜鉤織棉、超細纖維<br>
    • <strong>洗滌保養</strong>：支援 30°C 溫和水洗，平放陰乾，請勿烘乾。
  </p>
</div>",CHIBA GLOVES GERMANY,,cycling,"Comfort Line, cycling",true,顏色,純黑色,,尺寸,XS,,,,,30410-BLACK-XS,0.0,shopify,2,continue,manual,550.00,,true,true,,,,,,https://cdn.shopify.com/s/files/1/1015/5950/1113/files/fitness__30410__black-uni-101__5e1d85e7e7700a8d__30410-101-1.jpg?v=1790331607,1,CHIBA Athletic 鉤織棉透氣款 純黑色,false,CHIBA Athletic 鉤織棉透氣款｜德國百年專業自行車手套,德國百年品牌 CHIBA 台灣官方直營：CHIBA Athletic 鉤織棉透氣款。親膚天然吸汗，徹底告別化纖塑料悶熱感。台灣零售價現貨供應，德國原裝進口品質保證。,https://cdn.shopify.com/s/files/1/1015/5950/1113/files/fitness__30410__black-uni-101__5e1d85e7e7700a8d__30410-101-1.jpg?v=1790331607,kg,,,active
chiba-30410-cycling,,,,,,,,,純黑色,,,S,,,,,30410-BLACK-S,0.0,shopify,2,continue,manual,550.00,,true,true,,,,,,https://cdn.shopify.com/s/files/1/1015/5950/1113/files/fitness__30410__black-uni-101__f14d6e96108f4275__30410-101-2.jpg?v=1790331607,2,CHIBA Athletic 鉤織棉透氣款 純黑色,,,,https://cdn.shopify.com/s/files/1/1015/5950/1113/files/fitness__30410__black-uni-101__5e1d85e7e7700a8d__30410-101-1.jpg?v=1790331607,kg,,,
chiba-30410-cycling,,,,,,,,,純黑色,,,M,,,,,30410-BLACK-M,0.0,shopify,2,continue,manual,550.00,,true,true,,,,,,https://cdn.shopify.com/s/files/1/1015/5950/1113/files/fitness__30410__black-white-1001__5dea917d1af210f4__30410-1001-1.jpg?v=1790331607,3,CHIBA Athletic 鉤織棉透氣款 黑配白色,,,,https://cdn.shopify.com/s/files/1/1015/5950/1113/files/fitness__30410__black-uni-101__5e1d85e7e7700a8d__30410-101-1.jpg?v=1790331607,kg,,,
chiba-30410-cycling,,,,,,,,,純黑色,,,L,,,,,30410-BLACK-L,0.0,shopify,2,continue,manual,550.00,,true,true,,,,,,https://cdn.shopify.com/s/files/1/1015/5950/1113/files/fitness__30410__black-white-1001__5a4acd31b1d12225__30410-1001-2.jpg?v=1790331607,4,CHIBA Athletic 鉤織棉透氣款 黑配白色,,,,https://cdn.shopify.com/s/files/1/1015/5950/1113/files/fitness__30410__black-uni-101__5e1d85e7e7700a8d__30410-101-1.jpg?v=1790331607,kg,,,
chiba-30410-cycling,,,,,,,,,純黑色,,,XL,,,,,30410-BLACK-XL,0.0,shopify,2,continue,manual,550.00,,true,true,,,,,,,,,,,,https://cdn.shopify.com/s/files/1/1015/5950/1113/files/fitness__30410__black-uni-101__5e1d85e7e7700a8d__30410-101-1.jpg?v=1790331607,kg,,,
chiba-30410-cycling,,,,,,,,,純黑色,,,XXL,,,,,30410-BLACK-XXL,0.0,shopify,2,continue,manual,550.00,,true,true,,,,,,,,,,,,https://cdn.shopify.com/s/files/1/1015/5950/1113/files/fitness__30410__black-uni-101__5e1d85e7e7700a8d__30410-101-1.jpg?v=1790331607,kg,,,
chiba-30410-cycling,,,,,,,,,黑配白色,,,XS,,,,,30410-BLACKWHITE1001-XS,0.0,shopify,2,continue,manual,550.00,,true,true,,,,,,,,,,,,https://cdn.shopify.com/s/files/1/1015/5950/1113/files/fitness__30410__black-white-1001__5dea917d1af210f4__30410-1001-1.jpg?v=1790331607,kg,,,
chiba-30410-cycling,,,,,,,,,黑配白色,,,S,,,,,30410-BLACKWHITE1001-S,0.0,shopify,2,continue,manual,550.00,,true,true,,,,,,,,,,,,https://cdn.shopify.com/s/files/1/1015/5950/1113/files/fitness__30410__black-white-1001__5dea917d1af210f4__30410-1001-1.jpg?v=1790331607,kg,,,
chiba-30410-cycling,,,,,,,,,黑配白色,,,M,,,,,30410-BLACKWHITE1001-M,0.0,shopify,2,continue,manual,550.00,,true,true,,,,,,,,,,,,https://cdn.shopify.com/s/files/1/1015/5950/1113/files/fitness__30410__black-white-1001__5dea917d1af210f4__30410-1001-1.jpg?v=1790331607,kg,,,
chiba-30410-cycling,,,,,,,,,黑配白色,,,L,,,,,30410-BLACKWHITE1001-L,0.0,shopify,2,continue,manual,550.00,,true,true,,,,,,,,,,,,https://cdn.shopify.com/s/files/1/1015/5950/1113/files/fitness__30410__black-white-1001__5dea917d1af210f4__30410-1001-1.jpg?v=1790331607,kg,,,
chiba-30410-cycling,,,,,,,,,黑配白色,,,XL,,,,,30410-BLACKWHITE1001-XL,0.0,shopify,2,continue,manual,550.00,,true,true,,,,,,,,,,,,https://cdn.shopify.com/s/files/1/1015/5950/1113/files/fitness__30410__black-white-1001__5dea917d1af210f4__30410-1001-1.jpg?v=1790331607,kg,,,
chiba-30410-cycling,,,,,,,,,黑配白色,,,XXL,,,,,30410-BLACKWHITE1001-XXL,0.0,shopify,2,continue,manual,550.00,,true,true,,,,,,,,,,,,https://cdn.shopify.com/s/files/1/1015/5950/1113/files/fitness__30410__black-white-1001__5dea917d1af210f4__30410-1001-1.jpg?v=1790331607,kg,,,
chiba-3040518-cycling,CHIBA Gel Comfort 凝膠舒適款,"<div class=""chiba-product-description"">
  <p><strong>CHIBA Gel Comfort 凝膠舒適款</strong>｜德國百年專業工藝打造。雙層凝膠舒適護航，大面積加厚毛巾布擦汗區與微網布。</p>
  <ul>
    <li>
<strong>雙層立體緩震凝膠</strong>：平均分散掌骨受壓，過濾微震，騎行雙手更輕鬆。</li>
    <li>
<strong>加厚大面積雙圈毛巾布</strong>：大拇指大面積吸水棉布，隨時擦拭額頭臉部汗水。</li>
    <li>
<strong>Quick-Pull® 專利秒脫拉環</strong>：指尖專利拉環設計，即使騎乘後滿手汗水也能一秒輕鬆俐落脫下手套。</li>
  </ul>
  <p>
    • <strong>系列材質</strong>：Comfort Line｜微網布、彈性纖維、雙圈毛巾布、透氣網布<br>
    • <strong>洗滌保養</strong>：支援 30°C 溫和水洗，平放陰乾，請勿烘乾。
  </p>
</div>",CHIBA GLOVES GERMANY,,cycling,"Comfort Line, cycling",true,顏色,紅色,,尺寸,XS,,,,,3040518-RED-XS,0.0,shopify,2,continue,manual,1160.00,,true,true,,,,,,https://cdn.shopify.com/s/files/1/1015/5950/1113/files/cycling__3040518__ffda842fd1fbc89c__3040518_04_1.jpg?v=1790331605,1,CHIBA Gel Comfort 凝膠舒適款 紅色,false,CHIBA Gel Comfort 凝膠舒適款｜德國百年專業自行車手套,德國百年品牌 CHIBA 台灣官方直營：CHIBA Gel Comfort 凝膠舒適款。平均分散掌骨受壓，過濾微震，騎行雙手更輕鬆。台灣零售價現貨供應，德國原裝進口品質保證。,https://cdn.shopify.com/s/files/1/1015/5950/1113/files/cycling__3040518__ffda842fd1fbc89c__3040518_04_1.jpg?v=1790331605,kg,,,active
chiba-3040518-cycling,,,,,,,,,紅色,,,S,,,,,3040518-RED-S,0.0,shopify,2,continue,manual,1160.00,,true,true,,,,,,https://cdn.shopify.com/s/files/1/1015/5950/1113/files/cycling__3040518__faa0022f1e4c1147__3040518_04_2.jpg?v=1790331605,2,CHIBA Gel Comfort 凝膠舒適款 紅色,,,,https://cdn.shopify.com/s/files/1/1015/5950/1113/files/cycling__3040518__ffda842fd1fbc89c__3040518_04_1.jpg?v=1790331605,kg,,,
chiba-3040518-cycling,,,,,,,,,紅色,,,M,,,,,3040518-RED-M,0.0,shopify,2,continue,manual,1160.00,,true,true,,,,,,https://cdn.shopify.com/s/files/1/1015/5950/1113/files/cycling__3040518__5f74bebab3655bb8__3040518_06_1.jpg?v=1790331605,3,CHIBA Gel Comfort 凝膠舒適款 寶藍色,,,,https://cdn.shopify.com/s/files/1/1015/5950/1113/files/cycling__3040518__ffda842fd1fbc89c__3040518_04_1.jpg?v=1790331605,kg,,,
chiba-3040518-cycling,,,,,,,,,紅色,,,L,,,,,3040518-RED-L,0.0,shopify,2,continue,manual,1160.00,,true,true,,,,,,https://cdn.shopify.com/s/files/1/1015/5950/1113/files/cycling__3040518__a03a4d1b44e213bd__3040518_06_2.jpg?v=1790331604,4,CHIBA Gel Comfort 凝膠舒適款 寶藍色,,,,https://cdn.shopify.com/s/files/1/1015/5950/1113/files/cycling__3040518__ffda842fd1fbc89c__3040518_04_1.jpg?v=1790331605,kg,,,
chiba-3040518-cycling,,,,,,,,,紅色,,,XL,,,,,3040518-RED-XL,0.0,shopify,2,continue,manual,1160.00,,true,true,,,,,,https://cdn.shopify.com/s/files/1/1015/5950/1113/files/cycling__3040518__1bf27fc6c920eff7__3040518_10_1.jpg?v=1790331604,5,CHIBA Gel Comfort 凝膠舒適款 黑色,,,,https://cdn.shopify.com/s/files/1/1015/5950/1113/files/cycling__3040518__ffda842fd1fbc89c__3040518_04_1.jpg?v=1790331605,kg,,,
chiba-3040518-cycling,,,,,,,,,紅色,,,XXL,,,,,3040518-RED-XXL,0.0,shopify,2,continue,manual,1160.00,,true,true,,,,,,https://cdn.shopify.com/s/files/1/1015/5950/1113/files/cycling__3040518__8a89960f6d162475__3040518_10_2.jpg?v=1790331605,6,CHIBA Gel Comfort 凝膠舒適款 黑色,,,,https://cdn.shopify.com/s/files/1/1015/5950/1113/files/cycling__3040518__ffda842fd1fbc89c__3040518_04_1.jpg?v=1790331605,kg,,,
chiba-3040518-cycling,,,,,,,,,紅色,,,3XL,,,,,3040518-RED-3XL,0.0,shopify,2,continue,manual,1160.00,,true,true,,,,,,https://cdn.shopify.com/s/files/1/1015/5950/1113/files/cycling__3040518__150831fdf1866e81__3040518_1005_1.jpg?v=1790331604,7,CHIBA Gel Comfort 凝膠舒適款 黑配橘色,,,,https://cdn.shopify.com/s/files/1/1015/5950/1113/files/cycling__3040518__ffda842fd1fbc89c__3040518_04_1.jpg?v=1790331605,kg,,,
chiba-3040518-cycling,,,,,,,,,寶藍色,,,XS,,,,,3040518-ROYAL-XS,0.0,shopify,2,continue,manual,1160.00,,true,true,,,,,,https://cdn.shopify.com/s/files/1/1015/5950/1113/files/cycling__3040518__2151028a84c646b8__3040518_1005_2.jpg?v=1790331604,8,CHIBA Gel Comfort 凝膠舒適款 黑配橘色,,,,https://cdn.shopify.com/s/files/1/1015/5950/1113/files/cycling__3040518__5f74bebab3655bb8__3040518_06_1.jpg?v=1790331605,kg,,,
chiba-3040518-cycling,,,,,,,,,寶藍色,,,S,,,,,3040518-ROYAL-S,0.0,shopify,2,continue,manual,1160.00,,true,true,,,,,,https://cdn.shopify.com/s/files/1/1015/5950/1113/files/cycling__3040518__127d8ea4147635fc__3040518_19_1.jpg?v=1790331604,9,CHIBA Gel Comfort 凝膠舒適款 深灰色,,,,https://cdn.shopify.com/s/files/1/1015/5950/1113/files/cycling__3040518__5f74bebab3655bb8__3040518_06_1.jpg?v=1790331605,kg,,,
chiba-3040518-cycling,,,,,,,,,寶藍色,,,M,,,,,3040518-ROYAL-M,0.0,shopify,2,continue,manual,1160.00,,true,true,,,,,,https://cdn.shopify.com/s/files/1/1015/5950/1113/files/cycling__3040518__a550a09491d6cb5a__3040518_19_2.jpg?v=1790331604,10,CHIBA Gel Comfort 凝膠舒適款 深灰色,,,,https://cdn.shopify.com/s/files/1/1015/5950/1113/files/cycling__3040518__5f74bebab3655bb8__3040518_06_1.jpg?v=1790331605,kg,,,
chiba-3040518-cycling,,,,,,,,,寶藍色,,,L,,,,,3040518-ROYAL-L,0.0,shopify,2,continue,manual,1160.00,,true,true,,,,,,https://cdn.shopify.com/s/files/1/1015/5950/1113/files/cycling__3040518__3c0a3b4011bb31ac__3040518_20-1_1.jpg?v=1790331605,11,CHIBA Gel Comfort 凝膠舒適款 橄欖綠,,,,https://cdn.shopify.com/s/files/1/1015/5950/1113/files/cycling__3040518__5f74bebab3655bb8__3040518_06_1.jpg?v=1790331605,kg,,,
chiba-3040518-cycling,,,,,,,,,寶藍色,,,XL,,,,,3040518-ROYAL-XL,0.0,shopify,2,continue,manual,1160.00,,true,true,,,,,,https://cdn.shopify.com/s/files/1/1015/5950/1113/files/cycling__3040518__e99ff5a26063325c__3040518_20-1_2.jpg?v=1790331604,12,CHIBA Gel Comfort 凝膠舒適款 橄欖綠,,,,https://cdn.shopify.com/s/files/1/1015/5950/1113/files/cycling__3040518__5f74bebab3655bb8__3040518_06_1.jpg?v=1790331605,kg,,,
chiba-3040518-cycling,,,,,,,,,寶藍色,,,XXL,,,,,3040518-ROYAL-XXL,0.0,shopify,2,continue,manual,1160.00,,true,true,,,,,,,,,,,,https://cdn.shopify.com/s/files/1/1015/5950/1113/files/cycling__3040518__5f74bebab3655bb8__3040518_06_1.jpg?v=1790331605,kg,,,
chiba-3040518-cycling,,,,,,,,,寶藍色,,,3XL,,,,,3040518-ROYAL-3XL,0.0,shopify,2,continue,manual,1160.00,,true,true,,,,,,,,,,,,https://cdn.shopify.com/s/files/1/1015/5950/1113/files/cycling__3040518__5f74bebab3655bb8__3040518_06_1.jpg?v=1790331605,kg,,,
chiba-3040518-cycling,,,,,,,,,黑色,,,XS,,,,,3040518-BLACK-XS,0.0,shopify,2,continue,manual,1160.00,,true,true,,,,,,,,,,,,https://cdn.shopify.com/s/files/1/1015/5950/1113/files/cycling__3040518__1bf27fc6c920eff7__3040518_10_1.jpg?v=1790331604,kg,,,
chiba-3040518-cycling,,,,,,,,,黑色,,,S,,,,,3040518-BLACK-S,0.0,shopify,2,continue,manual,1160.00,,true,true,,,,,,,,,,,,https://cdn.shopify.com/s/files/1/1015/5950/1113/files/cycling__3040518__1bf27fc6c920eff7__3040518_10_1.jpg?v=1790331604,kg,,,
chiba-3040518-cycling,,,,,,,,,黑色,,,M,,,,,3040518-BLACK-M,0.0,shopify,2,continue,manual,1160.00,,true,true,,,,,,,,,,,,https://cdn.shopify.com/s/files/1/1015/5950/1113/files/cycling__3040518__1bf27fc6c920eff7__3040518_10_1.jpg?v=1790331604,kg,,,
chiba-3040518-cycling,,,,,,,,,黑色,,,L,,,,,3040518-BLACK-L,0.0,shopify,2,continue,manual,1160.00,,true,true,,,,,,,,,,,,https://cdn.shopify.com/s/files/1/1015/5950/1113/files/cycling__3040518__1bf27fc6c920eff7__3040518_10_1.jpg?v=1790331604,kg,,,
chiba-3040518-cycling,,,,,,,,,黑色,,,XL,,,,,3040518-BLACK-XL,0.0,shopify,2,continue,manual,1160.00,,true,true,,,,,,,,,,,,https://cdn.shopify.com/s/files/1/1015/5950/1113/files/cycling__3040518__1bf27fc6c920eff7__3040518_10_1.jpg?v=1790331604,kg,,,
chiba-3040518-cycling,,,,,,,,,黑色,,,XXL,,,,,3040518-BLACK-XXL,0.0,shopify,2,continue,manual,1160.00,,true,true,,,,,,,,,,,,https://cdn.shopify.com/s/files/1/1015/5950/1113/files/cycling__3040518__1bf27fc6c920eff7__3040518_10_1.jpg?v=1790331604,kg,,,
chiba-3040518-cycling,,,,,,,,,黑色,,,3XL,,,,,3040518-BLACK-3XL,0.0,shopify,2,continue,manual,1160.00,,true,true,,,,,,,,,,,,https://cdn.shopify.com/s/files/1/1015/5950/1113/files/cycling__3040518__1bf27fc6c920eff7__3040518_10_1.jpg?v=1790331604,kg,,,
chiba-3040518-cycling,,,,,,,,,黑色,,,4XL,,,,,3040518-BLACK-4XL,0.0,shopify,2,continue,manual,1160.00,,true,true,,,,,,,,,,,,https://cdn.shopify.com/s/files/1/1015/5950/1113/files/cycling__3040518__1bf27fc6c920eff7__3040518_10_1.jpg?v=1790331604,kg,,,
chiba-3040518-cycling,,,,,,,,,黑配橘色,,,XS,,,,,3040518-BLACKORANGE-XS,0.0,shopify,2,continue,manual,1160.00,,true,true,,,,,,,,,,,,https://cdn.shopify.com/s/files/1/1015/5950/1113/files/cycling__3040518__150831fdf1866e81__3040518_1005_1.jpg?v=1790331604,kg,,,
chiba-3040518-cycling,,,,,,,,,黑配橘色,,,S,,,,,3040518-BLACKORANGE-S,0.0,shopify,2,continue,manual,1160.00,,true,true,,,,,,,,,,,,https://cdn.shopify.com/s/files/1/1015/5950/1113/files/cycling__3040518__150831fdf1866e81__3040518_1005_1.jpg?v=1790331604,kg,,,
chiba-3040518-cycling,,,,,,,,,黑配橘色,,,M,,,,,3040518-BLACKORANGE-M,0.0,shopify,2,continue,manual,1160.00,,true,true,,,,,,,,,,,,https://cdn.shopify.com/s/files/1/1015/5950/1113/files/cycling__3040518__150831fdf1866e81__3040518_1005_1.jpg?v=1790331604,kg,,,
chiba-3040518-cycling,,,,,,,,,黑配橘色,,,L,,,,,3040518-BLACKORANGE-L,0.0,shopify,2,continue,manual,1160.00,,true,true,,,,,,,,,,,,https://cdn.shopify.com/s/files/1/1015/5950/1113/files/cycling__3040518__150831fdf1866e81__3040518_1005_1.jpg?v=1790331604,kg,,,
chiba-3040518-cycling,,,,,,,,,黑配橘色,,,XL,,,,,3040518-BLACKORANGE-XL,0.0,shopify,2,continue,manual,1160.00,,true,true,,,,,,,,,,,,https://cdn.shopify.com/s/files/1/1015/5950/1113/files/cycling__3040518__150831fdf1866e81__3040518_1005_1.jpg?v=1790331604,kg,,,
chiba-3040518-cycling,,,,,,,,,黑配橘色,,,XXL,,,,,3040518-BLACKORANGE-XXL,0.0,shopify,2,continue,manual,1160.00,,true,true,,,,,,,,,,,,https://cdn.shopify.com/s/files/1/1015/5950/1113/files/cycling__3040518__150831fdf1866e81__3040518_1005_1.jpg?v=1790331604,kg,,,
chiba-3040518-cycling,,,,,,,,,黑配橘色,,,3XL,,,,,3040518-BLACKORANGE-3XL,0.0,shopify,2,continue,manual,1160.00,,true,true,,,,,,,,,,,,https://cdn.shopify.com/s/files/1/1015/5950/1113/files/cycling__3040518__150831fdf1866e81__3040518_1005_1.jpg?v=1790331604,kg,,,
chiba-3040518-cycling,,,,,,,,,深灰色,,,XS,,,,,3040518-DK.GREY-XS,0.0,shopify,2,continue,manual,1160.00,,true,true,,,,,,,,,,,,https://cdn.shopify.com/s/files/1/1015/5950/1113/files/cycling__3040518__127d8ea4147635fc__3040518_19_1.jpg?v=1790331604,kg,,,
chiba-3040518-cycling,,,,,,,,,深灰色,,,S,,,,,3040518-DK.GREY-S,0.0,shopify,2,continue,manual,1160.00,,true,true,,,,,,,,,,,,https://cdn.shopify.com/s/files/1/1015/5950/1113/files/cycling__3040518__127d8ea4147635fc__3040518_19_1.jpg?v=1790331604,kg,,,
chiba-3040518-cycling,,,,,,,,,深灰色,,,M,,,,,3040518-DK.GREY-M,0.0,shopify,2,continue,manual,1160.00,,true,true,,,,,,,,,,,,https://cdn.shopify.com/s/files/1/1015/5950/1113/files/cycling__3040518__127d8ea4147635fc__3040518_19_1.jpg?v=1790331604,kg,,,
chiba-3040518-cycling,,,,,,,,,深灰色,,,L,,,,,3040518-DK.GREY-L,0.0,shopify,2,continue,manual,1160.00,,true,true,,,,,,,,,,,,https://cdn.shopify.com/s/files/1/1015/5950/1113/files/cycling__3040518__127d8ea4147635fc__3040518_19_1.jpg?v=1790331604,kg,,,
chiba-3040518-cycling,,,,,,,,,深灰色,,,XL,,,,,3040518-DK.GREY-XL,0.0,shopify,2,continue,manual,1160.00,,true,true,,,,,,,,,,,,https://cdn.shopify.com/s/files/1/1015/5950/1113/files/cycling__3040518__127d8ea4147635fc__3040518_19_1.jpg?v=1790331604,kg,,,
chiba-3040518-cycling,,,,,,,,,深灰色,,,XXL,,,,,3040518-DK.GREY-XXL,0.0,shopify,2,continue,manual,1160.00,,true,true,,,,,,,,,,,,https://cdn.shopify.com/s/files/1/1015/5950/1113/files/cycling__3040518__127d8ea4147635fc__3040518_19_1.jpg?v=1790331604,kg,,,
chiba-3040518-cycling,,,,,,,,,深灰色,,,3XL,,,,,3040518-DK.GREY-3XL,0.0,shopify,2,continue,manual,1160.00,,true,true,,,,,,,,,,,,https://cdn.shopify.com/s/files/1/1015/5950/1113/files/cycling__3040518__127d8ea4147635fc__3040518_19_1.jpg?v=1790331604,kg,,,
chiba-3040518-cycling,,,,,,,,,橄欖綠,,,XS,,,,,3040518-OLIVE-XS,0.0,shopify,2,continue,manual,1160.00,,true,true,,,,,,,,,,,,https://cdn.shopify.com/s/files/1/1015/5950/1113/files/cycling__3040518__3c0a3b4011bb31ac__3040518_20-1_1.jpg?v=1790331605,kg,,,
chiba-3040518-cycling,,,,,,,,,橄欖綠,,,S,,,,,3040518-OLIVE-S,0.0,shopify,2,continue,manual,1160.00,,true,true,,,,,,,,,,,,https://cdn.shopify.com/s/files/1/1015/5950/1113/files/cycling__3040518__3c0a3b4011bb31ac__3040518_20-1_1.jpg?v=1790331605,kg,,,
chiba-3040518-cycling,,,,,,,,,橄欖綠,,,M,,,,,3040518-OLIVE-M,0.0,shopify,2,continue,manual,1160.00,,true,true,,,,,,,,,,,,https://cdn.shopify.com/s/files/1/1015/5950/1113/files/cycling__3040518__3c0a3b4011bb31ac__3040518_20-1_1.jpg?v=1790331605,kg,,,
chiba-3040518-cycling,,,,,,,,,橄欖綠,,,L,,,,,3040518-OLIVE-L,0.0,shopify,2,continue,manual,1160.00,,true,true,,,,,,,,,,,,https://cdn.shopify.com/s/files/1/1015/5950/1113/files/cycling__3040518__3c0a3b4011bb31ac__3040518_20-1_1.jpg?v=1790331605,kg,,,
chiba-3040518-cycling,,,,,,,,,橄欖綠,,,XL,,,,,3040518-OLIVE-XL,0.0,shopify,2,continue,manual,1160.00,,true,true,,,,,,,,,,,,https://cdn.shopify.com/s/files/1/1015/5950/1113/files/cycling__3040518__3c0a3b4011bb31ac__3040518_20-1_1.jpg?v=1790331605,kg,,,
chiba-3040518-cycling,,,,,,,,,橄欖綠,,,XXL,,,,,3040518-OLIVE-XXL,0.0,shopify,2,continue,manual,1160.00,,true,true,,,,,,,,,,,,https://cdn.shopify.com/s/files/1/1015/5950/1113/files/cycling__3040518__3c0a3b4011bb31ac__3040518_20-1_1.jpg?v=1790331605,kg,,,
chiba-3040518-cycling,,,,,,,,,橄欖綠,,,3XL,,,,,3040518-OLIVE-3XL,0.0,shopify,2,continue,manual,1160.00,,true,true,,,,,,,,,,,,https://cdn.shopify.com/s/files/1/1015/5950/1113/files/cycling__3040518__3c0a3b4011bb31ac__3040518_20-1_1.jpg?v=1790331605,kg,,,
chiba-3040018-cycling,CHIBA Retro 經典復古款,"<div class=""chiba-product-description"">
  <p><strong>CHIBA Retro 經典復古款</strong>｜德國百年專業工藝打造。絕版收藏級古典工藝，手工鉤織純白手背與超細纖維掌心。</p>
  <ul>
    <li>
<strong>純手工純棉鉤織手背</strong>：傳承德意志古典工藝手織網眼，天然透氣吸汗。</li>
    <li>
<strong>超細纖維耐磨防滑掌面</strong>：提供現代水準的耐磨與吸震舒適度。</li>
    <li>
<strong>Quick-Pull® 專利秒脫拉環</strong>：指尖專利拉環設計，即使騎乘後滿手汗水也能一秒輕鬆俐落脫下手套。</li>
  </ul>
  <p>
    • <strong>系列材質</strong>：Allround Line｜超細纖維、鉤織手背<br>
    • <strong>洗滌保養</strong>：支援 30°C 溫和水洗，平放陰乾，請勿烘乾。
  </p>
</div>",CHIBA GLOVES GERMANY,,cycling,"Active Line, cycling",true,顏色,米配棕色,,尺寸,XS,,,,,3040018-BEIGEBROWN-XS,0.0,shopify,2,continue,manual,850.00,,true,true,,,,,,https://cdn.shopify.com/s/files/1/1015/5950/1113/files/fitness__3040018__beige-brown-0222__2587e7ec888852f7__3040018-0222-1.jpg?v=1790331601,1,CHIBA Retro 經典復古款 米配棕色,false,CHIBA Retro 經典復古款｜德國百年專業自行車手套,德國百年品牌 CHIBA 台灣官方直營：CHIBA Retro 經典復古款。傳承德意志古典工藝手織網眼，天然透氣吸汗，極具復古情懷。台灣零售價現貨供應，德國原裝進口品質保證。,https://cdn.shopify.com/s/files/1/1015/5950/1113/files/fitness__3040018__beige-brown-0222__2587e7ec888852f7__3040018-0222-1.jpg?v=1790331601,kg,,,active
chiba-3040018-cycling,,,,,,,,,米配棕色,,,S,,,,,3040018-BEIGEBROWN-S,0.0,shopify,2,continue,manual,850.00,,true,true,,,,,,https://cdn.shopify.com/s/files/1/1015/5950/1113/files/fitness__3040018__beige-brown-0222__73dfe1c926c6bb32__3040018-0222-2.jpg?v=1790331601,2,CHIBA Retro 經典復古款 米配棕色,,,,https://cdn.shopify.com/s/files/1/1015/5950/1113/files/fitness__3040018__beige-brown-0222__2587e7ec888852f7__3040018-0222-1.jpg?v=1790331601,kg,,,
chiba-3040018-cycling,,,,,,,,,米配棕色,,,M,,,,,3040018-BEIGEBROWN-M,0.0,shopify,2,continue,manual,850.00,,true,true,,,,,,https://cdn.shopify.com/s/files/1/1015/5950/1113/files/fitness__3040018__black-brown-1022__7effa2cb245ad899__3040018-1022-1.jpg?v=1790331601,3,CHIBA Retro 經典復古款 黑配棕色,,,,https://cdn.shopify.com/s/files/1/1015/5950/1113/files/fitness__3040018__beige-brown-0222__2587e7ec888852f7__3040018-0222-1.jpg?v=1790331601,kg,,,
chiba-3040018-cycling,,,,,,,,,米配棕色,,,L,,,,,3040018-BEIGEBROWN-L,0.0,shopify,2,continue,manual,850.00,,true,true,,,,,,https://cdn.shopify.com/s/files/1/1015/5950/1113/files/fitness__3040018__black-brown-1022__134d3196f3cffc44__3040018-1022-2.jpg?v=1790331601,4,CHIBA Retro 經典復古款 黑配棕色,,,,https://cdn.shopify.com/s/files/1/1015/5950/1113/files/fitness__3040018__beige-brown-0222__2587e7ec888852f7__3040018-0222-1.jpg?v=1790331601,kg,,,
chiba-3040018-cycling,,,,,,,,,米配棕色,,,XL,,,,,3040018-BEIGEBROWN-XL,0.0,shopify,2,continue,manual,850.00,,true,true,,,,,,,,,,,,https://cdn.shopify.com/s/files/1/1015/5950/1113/files/fitness__3040018__beige-brown-0222__2587e7ec888852f7__3040018-0222-1.jpg?v=1790331601,kg,,,
chiba-3040018-cycling,,,,,,,,,米配棕色,,,XXL,,,,,3040018-BEIGEBROWN-XXL,0.0,shopify,2,continue,manual,850.00,,true,true,,,,,,,,,,,,https://cdn.shopify.com/s/files/1/1015/5950/1113/files/fitness__3040018__beige-brown-0222__2587e7ec888852f7__3040018-0222-1.jpg?v=1790331601,kg,,,
chiba-3040018-cycling,,,,,,,,,黑配棕色,,,XS,,,,,3040018-BLACKBROWN-XS,0.0,shopify,2,continue,manual,850.00,,true,true,,,,,,,,,,,,https://cdn.shopify.com/s/files/1/1015/5950/1113/files/fitness__3040018__black-brown-1022__7effa2cb245ad899__3040018-1022-1.jpg?v=1790331601,kg,,,
chiba-3040018-cycling,,,,,,,,,黑配棕色,,,S,,,,,3040018-BLACKBROWN-S,0.0,shopify,2,continue,manual,850.00,,true,true,,,,,,,,,,,,https://cdn.shopify.com/s/files/1/1015/5950/1113/files/fitness__3040018__black-brown-1022__7effa2cb245ad899__3040018-1022-1.jpg?v=1790331601,kg,,,
chiba-3040018-cycling,,,,,,,,,黑配棕色,,,M,,,,,3040018-BLACKBROWN-M,0.0,shopify,2,continue,manual,850.00,,true,true,,,,,,,,,,,,https://cdn.shopify.com/s/files/1/1015/5950/1113/files/fitness__3040018__black-brown-1022__7effa2cb245ad899__3040018-1022-1.jpg?v=1790331601,kg,,,
chiba-3040018-cycling,,,,,,,,,黑配棕色,,,L,,,,,3040018-BLACKBROWN-L,0.0,shopify,2,continue,manual,850.00,,true,true,,,,,,,,,,,,https://cdn.shopify.com/s/files/1/1015/5950/1113/files/fitness__3040018__black-brown-1022__7effa2cb245ad899__3040018-1022-1.jpg?v=1790331601,kg,,,
chiba-3040018-cycling,,,,,,,,,黑配棕色,,,XL,,,,,3040018-BLACKBROWN-XL,0.0,shopify,2,continue,manual,850.00,,true,true,,,,,,,,,,,,https://cdn.shopify.com/s/files/1/1015/5950/1113/files/fitness__3040018__black-brown-1022__7effa2cb245ad899__3040018-1022-1.jpg?v=1790331601,kg,,,
chiba-3040018-cycling,,,,,,,,,黑配棕色,,,XXL,,,,,3040018-BLACKBROWN-XXL,0.0,shopify,2,continue,manual,850.00,,true,true,,,,,,,,,,,,https://cdn.shopify.com/s/files/1/1015/5950/1113/files/fitness__3040018__black-brown-1022__7effa2cb245ad899__3040018-1022-1.jpg?v=1790331601,kg,,,
chiba-3037225-cycling,CHIBA Double Six 雙六款,"<div class=""chiba-product-description"">
  <p><strong>CHIBA Double Six 雙六款</strong>｜德國百年專業工藝打造。旗艦破風競技版型，AW 95-383 空力面料與 Clarino 掌面。</p>
  <ul>
    <li>
<strong>AW 95-383 空氣力學面料</strong>：低風阻表面處理，高速巡航暢快俐落。</li>
    <li>
<strong>Clarino 高抗拉防滑手掌</strong>：緊咬車把不打滑，轉向精準。</li>
    <li>
<strong>Quick-Pull® 專利秒脫拉環</strong>：指尖專利拉環設計，即使騎乘後滿手汗水也能一秒輕鬆俐落脫下手套。</li>
  </ul>
  <p>
    • <strong>系列材質</strong>：Race Line｜AW 95-383面料、Clarino人造皮<br>
    • <strong>洗滌保養</strong>：支援 30°C 溫和水洗，平放陰乾，請勿烘乾。
  </p>
</div>",CHIBA GLOVES GERMANY,,cycling,"cycling, Race Line",true,顏色,黑色,,尺寸,XS,,,,,3037225-BLACK-XS,0.0,shopify,2,continue,manual,1240.00,,true,true,,,,,,https://cdn.shopify.com/s/files/1/1015/5950/1113/files/cycling__3037225__be949f853ed5003e__3037225_10_1.jpg?v=1790331599,1,CHIBA Double Six 雙六款 黑色,false,CHIBA Double Six 雙六款｜德國百年專業自行車手套,德國百年品牌 CHIBA 台灣官方直營：CHIBA Double Six 雙六款。低風阻表面處理，高速巡航暢快俐落。台灣零售價現貨供應，德國原裝進口品質保證。,https://cdn.shopify.com/s/files/1/1015/5950/1113/files/cycling__3037225__be949f853ed5003e__3037225_10_1.jpg?v=1790331599,kg,,,active
chiba-3037225-cycling,,,,,,,,,黑色,,,S,,,,,3037225-BLACK-S,0.0,shopify,2,continue,manual,1240.00,,true,true,,,,,,https://cdn.shopify.com/s/files/1/1015/5950/1113/files/cycling__3037225__f923a5403f9aa6c5__3037225_10_2.jpg?v=1790331599,2,CHIBA Double Six 雙六款 黑色,,,,https://cdn.shopify.com/s/files/1/1015/5950/1113/files/cycling__3037225__be949f853ed5003e__3037225_10_1.jpg?v=1790331599,kg,,,
chiba-3037225-cycling,,,,,,,,,黑色,,,M,,,,,3037225-BLACK-M,0.0,shopify,2,continue,manual,1240.00,,true,true,,,,,,https://cdn.shopify.com/s/files/1/1015/5950/1113/files/cycling__3037225__18983a53cb8bc993__3037225_19_1.jpg?v=1790331599,3,CHIBA Double Six 雙六款 深灰色,,,,https://cdn.shopify.com/s/files/1/1015/5950/1113/files/cycling__3037225__be949f853ed5003e__3037225_10_1.jpg?v=1790331599,kg,,,
chiba-3037225-cycling,,,,,,,,,黑色,,,L,,,,,3037225-BLACK-L,0.0,shopify,2,continue,manual,1240.00,,true,true,,,,,,https://cdn.shopify.com/s/files/1/1015/5950/1113/files/cycling__3037225__f15408e187872aeb__3037225_19_2.jpg?v=1790331599,4,CHIBA Double Six 雙六款 深灰色,,,,https://cdn.shopify.com/s/files/1/1015/5950/1113/files/cycling__3037225__be949f853ed5003e__3037225_10_1.jpg?v=1790331599,kg,,,
chiba-3037225-cycling,,,,,,,,,黑色,,,XL,,,,,3037225-BLACK-XL,0.0,shopify,2,continue,manual,1240.00,,true,true,,,,,,https://cdn.shopify.com/s/files/1/1015/5950/1113/files/cycling__3037225__1326a9c87f73c926__3037225_20-1_1.jpg?v=1790331599,5,CHIBA Double Six 雙六款 橄欖綠,,,,https://cdn.shopify.com/s/files/1/1015/5950/1113/files/cycling__3037225__be949f853ed5003e__3037225_10_1.jpg?v=1790331599,kg,,,
chiba-3037225-cycling,,,,,,,,,黑色,,,XXL,,,,,3037225-BLACK-XXL,0.0,shopify,2,continue,manual,1240.00,,true,true,,,,,,https://cdn.shopify.com/s/files/1/1015/5950/1113/files/cycling__3037225__87dc572ef22f5935__3037225_20-1_2.jpg?v=1790331599,6,CHIBA Double Six 雙六款 橄欖綠,,,,https://cdn.shopify.com/s/files/1/1015/5950/1113/files/cycling__3037225__be949f853ed5003e__3037225_10_1.jpg?v=1790331599,kg,,,
chiba-3037225-cycling,,,,,,,,,黑色,,,3XL,,,,,3037225-BLACK-3XL,0.0,shopify,2,continue,manual,1240.00,,true,true,,,,,,,,,,,,https://cdn.shopify.com/s/files/1/1015/5950/1113/files/cycling__3037225__be949f853ed5003e__3037225_10_1.jpg?v=1790331599,kg,,,
chiba-3037225-cycling,,,,,,,,,深灰色,,,XS,,,,,3037225-DK.GREY-XS,0.0,shopify,2,continue,manual,1240.00,,true,true,,,,,,,,,,,,https://cdn.shopify.com/s/files/1/1015/5950/1113/files/cycling__3037225__18983a53cb8bc993__3037225_19_1.jpg?v=1790331599,kg,,,
chiba-3037225-cycling,,,,,,,,,深灰色,,,S,,,,,3037225-DK.GREY-S,0.0,shopify,2,continue,manual,1240.00,,true,true,,,,,,,,,,,,https://cdn.shopify.com/s/files/1/1015/5950/1113/files/cycling__3037225__18983a53cb8bc993__3037225_19_1.jpg?v=1790331599,kg,,,
chiba-3037225-cycling,,,,,,,,,深灰色,,,M,,,,,3037225-DK.GREY-M,0.0,shopify,2,continue,manual,1240.00,,true,true,,,,,,,,,,,,https://cdn.shopify.com/s/files/1/1015/5950/1113/files/cycling__3037225__18983a53cb8bc993__3037225_19_1.jpg?v=1790331599,kg,,,
chiba-3037225-cycling,,,,,,,,,深灰色,,,L,,,,,3037225-DK.GREY-L,0.0,shopify,2,continue,manual,1240.00,,true,true,,,,,,,,,,,,https://cdn.shopify.com/s/files/1/1015/5950/1113/files/cycling__3037225__18983a53cb8bc993__3037225_19_1.jpg?v=1790331599,kg,,,
chiba-3037225-cycling,,,,,,,,,深灰色,,,XL,,,,,3037225-DK.GREY-XL,0.0,shopify,2,continue,manual,1240.00,,true,true,,,,,,,,,,,,https://cdn.shopify.com/s/files/1/1015/5950/1113/files/cycling__3037225__18983a53cb8bc993__3037225_19_1.jpg?v=1790331599,kg,,,
chiba-3037225-cycling,,,,,,,,,深灰色,,,XXL,,,,,3037225-DK.GREY-XXL,0.0,shopify,2,continue,manual,1240.00,,true,true,,,,,,,,,,,,https://cdn.shopify.com/s/files/1/1015/5950/1113/files/cycling__3037225__18983a53cb8bc993__3037225_19_1.jpg?v=1790331599,kg,,,
chiba-3037225-cycling,,,,,,,,,深灰色,,,3XL,,,,,3037225-DK.GREY-3XL,0.0,shopify,2,continue,manual,1240.00,,true,true,,,,,,,,,,,,https://cdn.shopify.com/s/files/1/1015/5950/1113/files/cycling__3037225__18983a53cb8bc993__3037225_19_1.jpg?v=1790331599,kg,,,
chiba-3037225-cycling,,,,,,,,,橄欖綠,,,XS,,,,,3037225-OLIVE-XS,0.0,shopify,2,continue,manual,1240.00,,true,true,,,,,,,,,,,,https://cdn.shopify.com/s/files/1/1015/5950/1113/files/cycling__3037225__1326a9c87f73c926__3037225_20-1_1.jpg?v=1790331599,kg,,,
chiba-3037225-cycling,,,,,,,,,橄欖綠,,,S,,,,,3037225-OLIVE-S,0.0,shopify,2,continue,manual,1240.00,,true,true,,,,,,,,,,,,https://cdn.shopify.com/s/files/1/1015/5950/1113/files/cycling__3037225__1326a9c87f73c926__3037225_20-1_1.jpg?v=1790331599,kg,,,
chiba-3037225-cycling,,,,,,,,,橄欖綠,,,M,,,,,3037225-OLIVE-M,0.0,shopify,2,continue,manual,1240.00,,true,true,,,,,,,,,,,,https://cdn.shopify.com/s/files/1/1015/5950/1113/files/cycling__3037225__1326a9c87f73c926__3037225_20-1_1.jpg?v=1790331599,kg,,,
chiba-3037225-cycling,,,,,,,,,橄欖綠,,,L,,,,,3037225-OLIVE-L,0.0,shopify,2,continue,manual,1240.00,,true,true,,,,,,,,,,,,https://cdn.shopify.com/s/files/1/1015/5950/1113/files/cycling__3037225__1326a9c87f73c926__3037225_20-1_1.jpg?v=1790331599,kg,,,
chiba-3037225-cycling,,,,,,,,,橄欖綠,,,XL,,,,,3037225-OLIVE-XL,0.0,shopify,2,continue,manual,1240.00,,true,true,,,,,,,,,,,,https://cdn.shopify.com/s/files/1/1015/5950/1113/files/cycling__3037225__1326a9c87f73c926__3037225_20-1_1.jpg?v=1790331599,kg,,,
chiba-3037225-cycling,,,,,,,,,橄欖綠,,,XXL,,,,,3037225-OLIVE-XXL,0.0,shopify,2,continue,manual,1240.00,,true,true,,,,,,,,,,,,https://cdn.shopify.com/s/files/1/1015/5950/1113/files/cycling__3037225__1326a9c87f73c926__3037225_20-1_1.jpg?v=1790331599,kg,,,
chiba-3037225-cycling,,,,,,,,,橄欖綠,,,3XL,,,,,3037225-OLIVE-3XL,0.0,shopify,2,continue,manual,1240.00,,true,true,,,,,,,,,,,,https://cdn.shopify.com/s/files/1/1015/5950/1113/files/cycling__3037225__1326a9c87f73c926__3037225_20-1_1.jpg?v=1790331599,kg,,,
chiba-3037124-cycling,CHIBA Viper 毒蛇款,"<div class=""chiba-product-description"">
  <p><strong>CHIBA Viper 毒蛇款</strong>｜德國百年專業工藝打造。精準如毒蛇出擊，Clarino 超薄高耐磨皮革帶來超靈敏操控反饋。</p>
  <ul>
    <li>
<strong>Clarino 超薄高感度皮革掌心</strong>：超高韌性皮革將手感與握把零距離結合，極佳回饋變速煞車路感。</li>
    <li>
<strong>HY32m 導流散熱紗線</strong>：手背迅速散熱排汗，戰鬥風格塗裝外觀。</li>
    <li>
<strong>Quick-Pull® 專利秒脫拉環</strong>：指尖專利拉環設計，即使騎乘後滿手汗水也能一秒輕鬆俐落脫下手套。</li>
  </ul>
  <p>
    • <strong>系列材質</strong>：Race Line｜針織面料、Clarino人造皮、HY32m面料<br>
    • <strong>洗滌保養</strong>：支援 30°C 溫和水洗，平放陰乾，請勿烘乾。
  </p>
</div>",CHIBA GLOVES GERMANY,,cycling,"cycling, Race Line",true,顏色,黑色,,尺寸,XS,,,,,3037124-BLACK-XS,0.0,shopify,2,continue,manual,1660.00,,true,true,,,,,,https://cdn.shopify.com/s/files/1/1015/5950/1113/files/cycling__3037124__aba400fda894793f__3037124_10_1.jpg?v=1790331597,1,CHIBA Viper 毒蛇款 黑色,false,CHIBA Viper 毒蛇款｜德國百年專業自行車手套,德國百年品牌 CHIBA 台灣官方直營：CHIBA Viper 毒蛇款。超高韌性皮革將手感與握把零距離結合，極佳回饋變速煞車路感。台灣零售價現貨供應，德國原裝進口品質保證。,https://cdn.shopify.com/s/files/1/1015/5950/1113/files/cycling__3037124__aba400fda894793f__3037124_10_1.jpg?v=1790331597,kg,,,active
chiba-3037124-cycling,,,,,,,,,黑色,,,S,,,,,3037124-BLACK-S,0.0,shopify,2,continue,manual,1660.00,,true,true,,,,,,https://cdn.shopify.com/s/files/1/1015/5950/1113/files/cycling__3037124__ae6c7e4340c2d815__3037124_10_2.jpg?v=1790331597,2,CHIBA Viper 毒蛇款 黑色,,,,https://cdn.shopify.com/s/files/1/1015/5950/1113/files/cycling__3037124__aba400fda894793f__3037124_10_1.jpg?v=1790331597,kg,,,
chiba-3037124-cycling,,,,,,,,,黑色,,,M,,,,,3037124-BLACK-M,0.0,shopify,2,continue,manual,1660.00,,true,true,,,,,,https://cdn.shopify.com/s/files/1/1015/5950/1113/files/cycling__3037124__833c531420b436cf__3037124_19_1.jpg?v=1790331597,3,CHIBA Viper 毒蛇款 深灰色,,,,https://cdn.shopify.com/s/files/1/1015/5950/1113/files/cycling__3037124__aba400fda894793f__3037124_10_1.jpg?v=1790331597,kg,,,
chiba-3037124-cycling,,,,,,,,,黑色,,,L,,,,,3037124-BLACK-L,0.0,shopify,2,continue,manual,1660.00,,true,true,,,,,,https://cdn.shopify.com/s/files/1/1015/5950/1113/files/cycling__3037124__b4b138c660daa56f__3037124_19_2.jpg?v=1790331597,4,CHIBA Viper 毒蛇款 深灰色,,,,https://cdn.shopify.com/s/files/1/1015/5950/1113/files/cycling__3037124__aba400fda894793f__3037124_10_1.jpg?v=1790331597,kg,,,
chiba-3037124-cycling,,,,,,,,,黑色,,,XL,,,,,3037124-BLACK-XL,0.0,shopify,2,continue,manual,1660.00,,true,true,,,,,,https://cdn.shopify.com/s/files/1/1015/5950/1113/files/cycling__3037124__aff3dc4430780819__3037124_20-1_1.jpg?v=1790331597,5,CHIBA Viper 毒蛇款 橄欖綠,,,,https://cdn.shopify.com/s/files/1/1015/5950/1113/files/cycling__3037124__aba400fda894793f__3037124_10_1.jpg?v=1790331597,kg,,,
chiba-3037124-cycling,,,,,,,,,黑色,,,XXL,,,,,3037124-BLACK-XXL,0.0,shopify,2,continue,manual,1660.00,,true,true,,,,,,https://cdn.shopify.com/s/files/1/1015/5950/1113/files/cycling__3037124__595c1f9b4670f190__3037124_20-1_2.jpg?v=1790331597,6,CHIBA Viper 毒蛇款 橄欖綠,,,,https://cdn.shopify.com/s/files/1/1015/5950/1113/files/cycling__3037124__aba400fda894793f__3037124_10_1.jpg?v=1790331597,kg,,,
chiba-3037124-cycling,,,,,,,,,深灰色,,,XS,,,,,3037124-DK.GREY-XS,0.0,shopify,2,continue,manual,1660.00,,true,true,,,,,,,,,,,,https://cdn.shopify.com/s/files/1/1015/5950/1113/files/cycling__3037124__833c531420b436cf__3037124_19_1.jpg?v=1790331597,kg,,,
chiba-3037124-cycling,,,,,,,,,深灰色,,,S,,,,,3037124-DK.GREY-S,0.0,shopify,2,continue,manual,1660.00,,true,true,,,,,,,,,,,,https://cdn.shopify.com/s/files/1/1015/5950/1113/files/cycling__3037124__833c531420b436cf__3037124_19_1.jpg?v=1790331597,kg,,,
chiba-3037124-cycling,,,,,,,,,深灰色,,,M,,,,,3037124-DK.GREY-M,0.0,shopify,2,continue,manual,1660.00,,true,true,,,,,,,,,,,,https://cdn.shopify.com/s/files/1/1015/5950/1113/files/cycling__3037124__833c531420b436cf__3037124_19_1.jpg?v=1790331597,kg,,,
chiba-3037124-cycling,,,,,,,,,深灰色,,,L,,,,,3037124-DK.GREY-L,0.0,shopify,2,continue,manual,1660.00,,true,true,,,,,,,,,,,,https://cdn.shopify.com/s/files/1/1015/5950/1113/files/cycling__3037124__833c531420b436cf__3037124_19_1.jpg?v=1790331597,kg,,,
chiba-3037124-cycling,,,,,,,,,深灰色,,,XL,,,,,3037124-DK.GREY-XL,0.0,shopify,2,continue,manual,1660.00,,true,true,,,,,,,,,,,,https://cdn.shopify.com/s/files/1/1015/5950/1113/files/cycling__3037124__833c531420b436cf__3037124_19_1.jpg?v=1790331597,kg,,,
chiba-3037124-cycling,,,,,,,,,深灰色,,,XXL,,,,,3037124-DK.GREY-XXL,0.0,shopify,2,continue,manual,1660.00,,true,true,,,,,,,,,,,,https://cdn.shopify.com/s/files/1/1015/5950/1113/files/cycling__3037124__833c531420b436cf__3037124_19_1.jpg?v=1790331597,kg,,,
chiba-3037124-cycling,,,,,,,,,橄欖綠,,,XS,,,,,3037124-OLIVE-XS,0.0,shopify,2,continue,manual,1660.00,,true,true,,,,,,,,,,,,https://cdn.shopify.com/s/files/1/1015/5950/1113/files/cycling__3037124__aff3dc4430780819__3037124_20-1_1.jpg?v=1790331597,kg,,,
chiba-3037124-cycling,,,,,,,,,橄欖綠,,,S,,,,,3037124-OLIVE-S,0.0,shopify,2,continue,manual,1660.00,,true,true,,,,,,,,,,,,https://cdn.shopify.com/s/files/1/1015/5950/1113/files/cycling__3037124__aff3dc4430780819__3037124_20-1_1.jpg?v=1790331597,kg,,,
chiba-3037124-cycling,,,,,,,,,橄欖綠,,,M,,,,,3037124-OLIVE-M,0.0,shopify,2,continue,manual,1660.00,,true,true,,,,,,,,,,,,https://cdn.shopify.com/s/files/1/1015/5950/1113/files/cycling__3037124__aff3dc4430780819__3037124_20-1_1.jpg?v=1790331597,kg,,,
chiba-3037124-cycling,,,,,,,,,橄欖綠,,,L,,,,,3037124-OLIVE-L,0.0,shopify,2,continue,manual,1660.00,,true,true,,,,,,,,,,,,https://cdn.shopify.com/s/files/1/1015/5950/1113/files/cycling__3037124__aff3dc4430780819__3037124_20-1_1.jpg?v=1790331597,kg,,,
chiba-3037124-cycling,,,,,,,,,橄欖綠,,,XL,,,,,3037124-OLIVE-XL,0.0,shopify,2,continue,manual,1660.00,,true,true,,,,,,,,,,,,https://cdn.shopify.com/s/files/1/1015/5950/1113/files/cycling__3037124__aff3dc4430780819__3037124_20-1_1.jpg?v=1790331597,kg,,,
chiba-3037124-cycling,,,,,,,,,橄欖綠,,,XXL,,,,,3037124-OLIVE-XXL,0.0,shopify,2,continue,manual,1660.00,,true,true,,,,,,,,,,,,https://cdn.shopify.com/s/files/1/1015/5950/1113/files/cycling__3037124__aff3dc4430780819__3037124_20-1_1.jpg?v=1790331597,kg,,,
chiba-3030524-cycling,CHIBA Team Glove Pro 車隊專業款,"<div class=""chiba-product-description"">
  <p><strong>CHIBA Team Glove Pro 車隊專業款</strong>｜德國百年專業工藝打造。職業車隊指定選用標準，極輕貼合低風阻細格紋布。</p>
  <ul>
    <li>
<strong>歐美職業車隊御用版型</strong>：輕薄緊密包覆，高強度拉爆團練與聯賽競技必備。</li>
    <li>
<strong>Econyl® 彈性再生面料</strong>：耐磨抗撕裂，經久耐用。</li>
    <li>
<strong>Quick-Pull® 專利秒脫拉環</strong>：指尖專利拉環設計，即使騎乘後滿手汗水也能一秒輕鬆俐落脫下手套。</li>
  </ul>
  <p>
    • <strong>系列材質</strong>：Race Line｜細格紋布、Econyl再生尼龍、壓紋掌心<br>
    • <strong>洗滌保養</strong>：支援 30°C 溫和水洗，平放陰乾，請勿烘乾。
  </p>
</div>",CHIBA GLOVES GERMANY,,cycling,"cycling, Race Line",true,顏色,螢光黃,,尺寸,XS,,,,,3030524-NEONYELLOW-XS,0.0,shopify,2,continue,manual,1120.00,,true,true,,,,,,https://cdn.shopify.com/s/files/1/1015/5950/1113/files/cycling__3030524__e1ae472330ffc325__3030524_03-1_1.jpg?v=1790331595,1,CHIBA Team Glove Pro 車隊專業款 螢光黃,false,CHIBA Team Glove Pro 車隊專業款｜德國百年專業自行車手套,德國百年品牌 CHIBA 台灣官方直營：CHIBA Team Glove Pro 車隊專業款。輕薄緊密包覆，高強度拉爆團練與聯賽競技必備。台灣零售價現貨供應，德國原裝進口品質保證。,https://cdn.shopify.com/s/files/1/1015/5950/1113/files/cycling__3030524__e1ae472330ffc325__3030524_03-1_1.jpg?v=1790331595,kg,,,active
chiba-3030524-cycling,,,,,,,,,螢光黃,,,S,,,,,3030524-NEONYELLOW-S,0.0,shopify,2,continue,manual,1120.00,,true,true,,,,,,https://cdn.shopify.com/s/files/1/1015/5950/1113/files/cycling__3030524__973738518579b99b__3030524_03-1_2.jpg?v=1790331595,2,CHIBA Team Glove Pro 車隊專業款 螢光黃,,,,https://cdn.shopify.com/s/files/1/1015/5950/1113/files/cycling__3030524__e1ae472330ffc325__3030524_03-1_1.jpg?v=1790331595,kg,,,
chiba-3030524-cycling,,,,,,,,,螢光黃,,,M,,,,,3030524-NEONYELLOW-M,0.0,shopify,2,continue,manual,1120.00,,true,true,,,,,,https://cdn.shopify.com/s/files/1/1015/5950/1113/files/cycling__3030524__e60fd99f5fd3d2f1__3030524_04_1.jpg?v=1790331595,3,CHIBA Team Glove Pro 車隊專業款 紅色,,,,https://cdn.shopify.com/s/files/1/1015/5950/1113/files/cycling__3030524__e1ae472330ffc325__3030524_03-1_1.jpg?v=1790331595,kg,,,
chiba-3030524-cycling,,,,,,,,,螢光黃,,,L,,,,,3030524-NEONYELLOW-L,0.0,shopify,2,continue,manual,1120.00,,true,true,,,,,,https://cdn.shopify.com/s/files/1/1015/5950/1113/files/cycling__3030524__7fd7f77551a92cc7__3030524_04_2.jpg?v=1790331594,4,CHIBA Team Glove Pro 車隊專業款 紅色,,,,https://cdn.shopify.com/s/files/1/1015/5950/1113/files/cycling__3030524__e1ae472330ffc325__3030524_03-1_1.jpg?v=1790331595,kg,,,
chiba-3030524-cycling,,,,,,,,,螢光黃,,,XL,,,,,3030524-NEONYELLOW-XL,0.0,shopify,2,continue,manual,1120.00,,true,true,,,,,,https://cdn.shopify.com/s/files/1/1015/5950/1113/files/cycling__3030524__70a50672e411e5b7__3030524_10_1.jpg?v=1790331594,5,CHIBA Team Glove Pro 車隊專業款 黑色,,,,https://cdn.shopify.com/s/files/1/1015/5950/1113/files/cycling__3030524__e1ae472330ffc325__3030524_03-1_1.jpg?v=1790331595,kg,,,
chiba-3030524-cycling,,,,,,,,,螢光黃,,,XXL,,,,,3030524-NEONYELLOW-XXL,0.0,shopify,2,continue,manual,1120.00,,true,true,,,,,,https://cdn.shopify.com/s/files/1/1015/5950/1113/files/cycling__3030524__b0e7bfb84fd66fef__3030524_10_2.jpg?v=1790331595,6,CHIBA Team Glove Pro 車隊專業款 黑色,,,,https://cdn.shopify.com/s/files/1/1015/5950/1113/files/cycling__3030524__e1ae472330ffc325__3030524_03-1_1.jpg?v=1790331595,kg,,,
chiba-3030524-cycling,,,,,,,,,螢光黃,,,3XL,,,,,3030524-NEONYELLOW-3XL,0.0,shopify,2,continue,manual,1120.00,,true,true,,,,,,,,,,,,https://cdn.shopify.com/s/files/1/1015/5950/1113/files/cycling__3030524__e1ae472330ffc325__3030524_03-1_1.jpg?v=1790331595,kg,,,
chiba-3030524-cycling,,,,,,,,,紅色,,,XS,,,,,3030524-RED-XS,0.0,shopify,2,continue,manual,1120.00,,true,true,,,,,,,,,,,,https://cdn.shopify.com/s/files/1/1015/5950/1113/files/cycling__3030524__e60fd99f5fd3d2f1__3030524_04_1.jpg?v=1790331595,kg,,,
chiba-3030524-cycling,,,,,,,,,紅色,,,S,,,,,3030524-RED-S,0.0,shopify,2,continue,manual,1120.00,,true,true,,,,,,,,,,,,https://cdn.shopify.com/s/files/1/1015/5950/1113/files/cycling__3030524__e60fd99f5fd3d2f1__3030524_04_1.jpg?v=1790331595,kg,,,
chiba-3030524-cycling,,,,,,,,,紅色,,,M,,,,,3030524-RED-M,0.0,shopify,2,continue,manual,1120.00,,true,true,,,,,,,,,,,,https://cdn.shopify.com/s/files/1/1015/5950/1113/files/cycling__3030524__e60fd99f5fd3d2f1__3030524_04_1.jpg?v=1790331595,kg,,,
chiba-3030524-cycling,,,,,,,,,紅色,,,L,,,,,3030524-RED-L,0.0,shopify,2,continue,manual,1120.00,,true,true,,,,,,,,,,,,https://cdn.shopify.com/s/files/1/1015/5950/1113/files/cycling__3030524__e60fd99f5fd3d2f1__3030524_04_1.jpg?v=1790331595,kg,,,
chiba-3030524-cycling,,,,,,,,,紅色,,,XL,,,,,3030524-RED-XL,0.0,shopify,2,continue,manual,1120.00,,true,true,,,,,,,,,,,,https://cdn.shopify.com/s/files/1/1015/5950/1113/files/cycling__3030524__e60fd99f5fd3d2f1__3030524_04_1.jpg?v=1790331595,kg,,,
chiba-3030524-cycling,,,,,,,,,紅色,,,XXL,,,,,3030524-RED-XXL,0.0,shopify,2,continue,manual,1120.00,,true,true,,,,,,,,,,,,https://cdn.shopify.com/s/files/1/1015/5950/1113/files/cycling__3030524__e60fd99f5fd3d2f1__3030524_04_1.jpg?v=1790331595,kg,,,
chiba-3030524-cycling,,,,,,,,,紅色,,,3XL,,,,,3030524-RED-3XL,0.0,shopify,2,continue,manual,1120.00,,true,true,,,,,,,,,,,,https://cdn.shopify.com/s/files/1/1015/5950/1113/files/cycling__3030524__e60fd99f5fd3d2f1__3030524_04_1.jpg?v=1790331595,kg,,,
chiba-3030524-cycling,,,,,,,,,黑色,,,XS,,,,,3030524-BLACK-XS,0.0,shopify,2,continue,manual,1120.00,,true,true,,,,,,,,,,,,https://cdn.shopify.com/s/files/1/1015/5950/1113/files/cycling__3030524__70a50672e411e5b7__3030524_10_1.jpg?v=1790331594,kg,,,
chiba-3030524-cycling,,,,,,,,,黑色,,,S,,,,,3030524-BLACK-S,0.0,shopify,2,continue,manual,1120.00,,true,true,,,,,,,,,,,,https://cdn.shopify.com/s/files/1/1015/5950/1113/files/cycling__3030524__70a50672e411e5b7__3030524_10_1.jpg?v=1790331594,kg,,,
chiba-3030524-cycling,,,,,,,,,黑色,,,M,,,,,3030524-BLACK-M,0.0,shopify,2,continue,manual,1120.00,,true,true,,,,,,,,,,,,https://cdn.shopify.com/s/files/1/1015/5950/1113/files/cycling__3030524__70a50672e411e5b7__3030524_10_1.jpg?v=1790331594,kg,,,
chiba-3030524-cycling,,,,,,,,,黑色,,,L,,,,,3030524-BLACK-L,0.0,shopify,2,continue,manual,1120.00,,true,true,,,,,,,,,,,,https://cdn.shopify.com/s/files/1/1015/5950/1113/files/cycling__3030524__70a50672e411e5b7__3030524_10_1.jpg?v=1790331594,kg,,,
chiba-3030524-cycling,,,,,,,,,黑色,,,XL,,,,,3030524-BLACK-XL,0.0,shopify,2,continue,manual,1120.00,,true,true,,,,,,,,,,,,https://cdn.shopify.com/s/files/1/1015/5950/1113/files/cycling__3030524__70a50672e411e5b7__3030524_10_1.jpg?v=1790331594,kg,,,
chiba-3030524-cycling,,,,,,,,,黑色,,,XXL,,,,,3030524-BLACK-XXL,0.0,shopify,2,continue,manual,1120.00,,true,true,,,,,,,,,,,,https://cdn.shopify.com/s/files/1/1015/5950/1113/files/cycling__3030524__70a50672e411e5b7__3030524_10_1.jpg?v=1790331594,kg,,,
chiba-3030524-cycling,,,,,,,,,黑色,,,3XL,,,,,3030524-BLACK-3XL,0.0,shopify,2,continue,manual,1120.00,,true,true,,,,,,,,,,,,https://cdn.shopify.com/s/files/1/1015/5950/1113/files/cycling__3030524__70a50672e411e5b7__3030524_10_1.jpg?v=1790331594,kg,,,
chiba-3030224-cycling,CHIBA Evolution 進化款,"<div class=""chiba-product-description"">
  <p><strong>CHIBA Evolution 進化款</strong>｜德國百年專業工藝打造。極速空氣力學進化，無袖口一體化空力包覆，如第二層肌膚般貼合。</p>
  <ul>
    <li>
<strong>無袖口空力無縫包覆</strong>：手腕無多餘魔鬼氈束縛，一體延伸破風，風阻係數極低。</li>
    <li>
<strong>掌心壓紋清晰路感</strong>：直覺傳遞路面細節，衝刺與變速反應零延遲。</li>
    <li>
<strong>Quick-Pull® 專利秒脫拉環</strong>：指尖專利拉環設計，即使騎乘後滿手汗水也能一秒輕鬆俐落脫下手套。</li>
  </ul>
  <p>
    • <strong>系列材質</strong>：Race Line｜壓紋掌心、針織面料<br>
    • <strong>洗滌保養</strong>：支援 30°C 溫和水洗，平放陰乾，請勿烘乾。
  </p>
</div>",CHIBA GLOVES GERMANY,,cycling,"cycling, Race Line",true,顏色,白色,,尺寸,XS,,,,,3030224-WHITE-XS,0.0,shopify,2,continue,manual,1580.00,,true,true,,,,,,https://cdn.shopify.com/s/files/1/1015/5950/1113/files/cycling__3030224__ddf6dc18945c6385__3030224_01_1.jpg?v=1790331592,1,CHIBA Evolution 進化款 白色,false,CHIBA Evolution 進化款｜德國百年專業自行車手套,德國百年品牌 CHIBA 台灣官方直營：CHIBA Evolution 進化款。手腕無多餘魔鬼氈束縛，一體延伸破風，風阻係數極低。台灣零售價現貨供應，德國原裝進口品質保證。,https://cdn.shopify.com/s/files/1/1015/5950/1113/files/cycling__3030224__ddf6dc18945c6385__3030224_01_1.jpg?v=1790331592,kg,,,active
chiba-3030224-cycling,,,,,,,,,白色,,,S,,,,,3030224-WHITE-S,0.0,shopify,2,continue,manual,1580.00,,true,true,,,,,,https://cdn.shopify.com/s/files/1/1015/5950/1113/files/cycling__3030224__432594f6bdab6661__3030224_01_2.jpg?v=1790331592,2,CHIBA Evolution 進化款 白色,,,,https://cdn.shopify.com/s/files/1/1015/5950/1113/files/cycling__3030224__ddf6dc18945c6385__3030224_01_1.jpg?v=1790331592,kg,,,
chiba-3030224-cycling,,,,,,,,,白色,,,M,,,,,3030224-WHITE-M,0.0,shopify,2,continue,manual,1580.00,,true,true,,,,,,https://cdn.shopify.com/s/files/1/1015/5950/1113/files/cycling__3030224__3f15ebb920660144__3030224_10_1.jpg?v=1790331592,3,CHIBA Evolution 進化款 黑色,,,,https://cdn.shopify.com/s/files/1/1015/5950/1113/files/cycling__3030224__ddf6dc18945c6385__3030224_01_1.jpg?v=1790331592,kg,,,
chiba-3030224-cycling,,,,,,,,,白色,,,L,,,,,3030224-WHITE-L,0.0,shopify,2,continue,manual,1580.00,,true,true,,,,,,https://cdn.shopify.com/s/files/1/1015/5950/1113/files/cycling__3030224__85240fd4af472533__3030224_10_2.jpg?v=1790331592,4,CHIBA Evolution 進化款 黑色,,,,https://cdn.shopify.com/s/files/1/1015/5950/1113/files/cycling__3030224__ddf6dc18945c6385__3030224_01_1.jpg?v=1790331592,kg,,,
chiba-3030224-cycling,,,,,,,,,白色,,,XL,,,,,3030224-WHITE-XL,0.0,shopify,2,continue,manual,1580.00,,true,true,,,,,,https://cdn.shopify.com/s/files/1/1015/5950/1113/files/cycling__3030224__b8fb7f31da9a9749__3030224_19_1.jpg?v=1790331592,5,CHIBA Evolution 進化款 深灰色,,,,https://cdn.shopify.com/s/files/1/1015/5950/1113/files/cycling__3030224__ddf6dc18945c6385__3030224_01_1.jpg?v=1790331592,kg,,,
chiba-3030224-cycling,,,,,,,,,白色,,,XXL,,,,,3030224-WHITE-XXL,0.0,shopify,2,continue,manual,1580.00,,true,true,,,,,,https://cdn.shopify.com/s/files/1/1015/5950/1113/files/cycling__3030224__ce9b1fea17097afa__3030224_19_2.jpg?v=1790331592,6,CHIBA Evolution 進化款 深灰色,,,,https://cdn.shopify.com/s/files/1/1015/5950/1113/files/cycling__3030224__ddf6dc18945c6385__3030224_01_1.jpg?v=1790331592,kg,,,
chiba-3030224-cycling,,,,,,,,,黑色,,,XS,,,,,3030224-BLACK-XS,0.0,shopify,2,continue,manual,1580.00,,true,true,,,,,,,,,,,,https://cdn.shopify.com/s/files/1/1015/5950/1113/files/cycling__3030224__3f15ebb920660144__3030224_10_1.jpg?v=1790331592,kg,,,
chiba-3030224-cycling,,,,,,,,,黑色,,,S,,,,,3030224-BLACK-S,0.0,shopify,2,continue,manual,1580.00,,true,true,,,,,,,,,,,,https://cdn.shopify.com/s/files/1/1015/5950/1113/files/cycling__3030224__3f15ebb920660144__3030224_10_1.jpg?v=1790331592,kg,,,
chiba-3030224-cycling,,,,,,,,,黑色,,,M,,,,,3030224-BLACK-M,0.0,shopify,2,continue,manual,1580.00,,true,true,,,,,,,,,,,,https://cdn.shopify.com/s/files/1/1015/5950/1113/files/cycling__3030224__3f15ebb920660144__3030224_10_1.jpg?v=1790331592,kg,,,
chiba-3030224-cycling,,,,,,,,,黑色,,,L,,,,,3030224-BLACK-L,0.0,shopify,2,continue,manual,1580.00,,true,true,,,,,,,,,,,,https://cdn.shopify.com/s/files/1/1015/5950/1113/files/cycling__3030224__3f15ebb920660144__3030224_10_1.jpg?v=1790331592,kg,,,
chiba-3030224-cycling,,,,,,,,,黑色,,,XL,,,,,3030224-BLACK-XL,0.0,shopify,2,continue,manual,1580.00,,true,true,,,,,,,,,,,,https://cdn.shopify.com/s/files/1/1015/5950/1113/files/cycling__3030224__3f15ebb920660144__3030224_10_1.jpg?v=1790331592,kg,,,
chiba-3030224-cycling,,,,,,,,,黑色,,,XXL,,,,,3030224-BLACK-XXL,0.0,shopify,2,continue,manual,1580.00,,true,true,,,,,,,,,,,,https://cdn.shopify.com/s/files/1/1015/5950/1113/files/cycling__3030224__3f15ebb920660144__3030224_10_1.jpg?v=1790331592,kg,,,
chiba-3030224-cycling,,,,,,,,,深灰色,,,XS,,,,,3030224-DK.GREY-XS,0.0,shopify,2,continue,manual,1580.00,,true,true,,,,,,,,,,,,https://cdn.shopify.com/s/files/1/1015/5950/1113/files/cycling__3030224__b8fb7f31da9a9749__3030224_19_1.jpg?v=1790331592,kg,,,
chiba-3030224-cycling,,,,,,,,,深灰色,,,S,,,,,3030224-DK.GREY-S,0.0,shopify,2,continue,manual,1580.00,,true,true,,,,,,,,,,,,https://cdn.shopify.com/s/files/1/1015/5950/1113/files/cycling__3030224__b8fb7f31da9a9749__3030224_19_1.jpg?v=1790331592,kg,,,
chiba-3030224-cycling,,,,,,,,,深灰色,,,M,,,,,3030224-DK.GREY-M,0.0,shopify,2,continue,manual,1580.00,,true,true,,,,,,,,,,,,https://cdn.shopify.com/s/files/1/1015/5950/1113/files/cycling__3030224__b8fb7f31da9a9749__3030224_19_1.jpg?v=1790331592,kg,,,
chiba-3030224-cycling,,,,,,,,,深灰色,,,L,,,,,3030224-DK.GREY-L,0.0,shopify,2,continue,manual,1580.00,,true,true,,,,,,,,,,,,https://cdn.shopify.com/s/files/1/1015/5950/1113/files/cycling__3030224__b8fb7f31da9a9749__3030224_19_1.jpg?v=1790331592,kg,,,
chiba-3030224-cycling,,,,,,,,,深灰色,,,XL,,,,,3030224-DK.GREY-XL,0.0,shopify,2,continue,manual,1580.00,,true,true,,,,,,,,,,,,https://cdn.shopify.com/s/files/1/1015/5950/1113/files/cycling__3030224__b8fb7f31da9a9749__3030224_19_1.jpg?v=1790331592,kg,,,
chiba-3030224-cycling,,,,,,,,,深灰色,,,XXL,,,,,3030224-DK.GREY-XXL,0.0,shopify,2,continue,manual,1580.00,,true,true,,,,,,,,,,,,https://cdn.shopify.com/s/files/1/1015/5950/1113/files/cycling__3030224__b8fb7f31da9a9749__3030224_19_1.jpg?v=1790331592,kg,,,
chiba-3030122-cycling,CHIBA Solar II 陽光 II,"<div class=""chiba-product-description"">
  <p><strong>CHIBA Solar II 陽光 II</strong>｜德國百年專業工藝打造。告別手背黑白曬痕，Lycra® Solar 專利透光均勻曬膚科技。</p>
  <ul>
    <li>
<strong>Lycra® Solar 專利透光科技</strong>：特殊織造微孔允許紫外線均勻微量穿透，手背自然均勻曬黑。</li>
    <li>
<strong>極速排汗涼爽觸感</strong>：高彈性輕薄布料，導流排熱，炎夏長途巡航無悶熱感。</li>
    <li>
<strong>Quick-Pull® 專利秒脫拉環</strong>：指尖專利拉環設計，即使騎乘後滿手汗水也能一秒輕鬆俐落脫下手套。</li>
  </ul>
  <p>
    • <strong>系列材質</strong>：Race Line｜Lycra Solar曬痕萊卡、51025面料<br>
    • <strong>洗滌保養</strong>：支援 30°C 溫和水洗，平放陰乾，請勿烘乾。
  </p>
</div>",CHIBA GLOVES GERMANY,,cycling,"cycling, Race Line",true,顏色,黑配螢光黃,,尺寸,XS,,,,,3030122-BLACKNEONYELLOW-XS,0.0,shopify,2,continue,manual,1160.00,,true,true,,,,,,https://cdn.shopify.com/s/files/1/1015/5950/1113/files/cycling__3030122__58ef654e3f0975e6__3030122_1003-1-9.jpg?v=1790331590,1,CHIBA Solar II 陽光 II 黑配螢光黃,false,CHIBA Solar II 陽光 II｜德國百年專業自行車手套,德國百年品牌 CHIBA 台灣官方直營：CHIBA Solar II 陽光 II。特殊織造微孔允許紫外線均勻微量穿透，手背自然均勻曬黑，徹底消除尷尬手套截斷曬痕！。台灣零售價現貨供應，德國原裝進口品質保證。,https://cdn.shopify.com/s/files/1/1015/5950/1113/files/cycling__3030122__58ef654e3f0975e6__3030122_1003-1-9.jpg?v=1790331590,kg,,,active
chiba-3030122-cycling,,,,,,,,,黑配螢光黃,,,S,,,,,3030122-BLACKNEONYELLOW-S,0.0,shopify,2,continue,manual,1160.00,,true,true,,,,,,https://cdn.shopify.com/s/files/1/1015/5950/1113/files/cycling__3030122__fd1791db0c13e7e4__3030122_1004_1.jpg?v=1790331590,2,CHIBA Solar II 陽光 II 黑配紅色,,,,https://cdn.shopify.com/s/files/1/1015/5950/1113/files/cycling__3030122__58ef654e3f0975e6__3030122_1003-1-9.jpg?v=1790331590,kg,,,
chiba-3030122-cycling,,,,,,,,,黑配螢光黃,,,M,,,,,3030122-BLACKNEONYELLOW-M,0.0,shopify,2,continue,manual,1160.00,,true,true,,,,,,https://cdn.shopify.com/s/files/1/1015/5950/1113/files/cycling__3030122__29d3714419e6e6e7__3030122_1004_2.jpg?v=1790331590,3,CHIBA Solar II 陽光 II 黑配紅色,,,,https://cdn.shopify.com/s/files/1/1015/5950/1113/files/cycling__3030122__58ef654e3f0975e6__3030122_1003-1-9.jpg?v=1790331590,kg,,,
chiba-3030122-cycling,,,,,,,,,黑配螢光黃,,,L,,,,,3030122-BLACKNEONYELLOW-L,0.0,shopify,2,continue,manual,1160.00,,true,true,,,,,,https://cdn.shopify.com/s/files/1/1015/5950/1113/files/cycling__3030122__2751c77559baf654__3030122_1010_1.jpg?v=1790331590,4,CHIBA Solar II 陽光 II 極致黑,,,,https://cdn.shopify.com/s/files/1/1015/5950/1113/files/cycling__3030122__58ef654e3f0975e6__3030122_1003-1-9.jpg?v=1790331590,kg,,,
chiba-3030122-cycling,,,,,,,,,黑配螢光黃,,,XL,,,,,3030122-BLACKNEONYELLOW-XL,0.0,shopify,2,continue,manual,1160.00,,true,true,,,,,,https://cdn.shopify.com/s/files/1/1015/5950/1113/files/cycling__3030122__17f6c1d198f89e56__3030122_1010_2.jpg?v=1790331590,5,CHIBA Solar II 陽光 II 極致黑,,,,https://cdn.shopify.com/s/files/1/1015/5950/1113/files/cycling__3030122__58ef654e3f0975e6__3030122_1003-1-9.jpg?v=1790331590,kg,,,
chiba-3030122-cycling,,,,,,,,,黑配螢光黃,,,XXL,,,,,3030122-BLACKNEONYELLOW-XXL,0.0,shopify,2,continue,manual,1160.00,,true,true,,,,,,https://cdn.shopify.com/s/files/1/1015/5950/1113/files/cycling__3030122__d98664250ba19d67__3030122_1028_1.jpg?v=1790331590,6,CHIBA Solar II 陽光 II 黑配藍綠,,,,https://cdn.shopify.com/s/files/1/1015/5950/1113/files/cycling__3030122__58ef654e3f0975e6__3030122_1003-1-9.jpg?v=1790331590,kg,,,
chiba-3030122-cycling,,,,,,,,,黑配紅色,,,XS,,,,,3030122-BLACKRED-XS,0.0,shopify,2,continue,manual,1160.00,,true,true,,,,,,https://cdn.shopify.com/s/files/1/1015/5950/1113/files/cycling__3030122__42d14dd7c69ec38e__3030122_1028_2.jpg?v=1790331590,7,CHIBA Solar II 陽光 II 黑配藍綠,,,,https://cdn.shopify.com/s/files/1/1015/5950/1113/files/cycling__3030122__fd1791db0c13e7e4__3030122_1004_1.jpg?v=1790331590,kg,,,
chiba-3030122-cycling,,,,,,,,,黑配紅色,,,S,,,,,3030122-BLACKRED-S,0.0,shopify,2,continue,manual,1160.00,,true,true,,,,,,,,,,,,https://cdn.shopify.com/s/files/1/1015/5950/1113/files/cycling__3030122__fd1791db0c13e7e4__3030122_1004_1.jpg?v=1790331590,kg,,,
chiba-3030122-cycling,,,,,,,,,黑配紅色,,,M,,,,,3030122-BLACKRED-M,0.0,shopify,2,continue,manual,1160.00,,true,true,,,,,,,,,,,,https://cdn.shopify.com/s/files/1/1015/5950/1113/files/cycling__3030122__fd1791db0c13e7e4__3030122_1004_1.jpg?v=1790331590,kg,,,
chiba-3030122-cycling,,,,,,,,,黑配紅色,,,L,,,,,3030122-BLACKRED-L,0.0,shopify,2,continue,manual,1160.00,,true,true,,,,,,,,,,,,https://cdn.shopify.com/s/files/1/1015/5950/1113/files/cycling__3030122__fd1791db0c13e7e4__3030122_1004_1.jpg?v=1790331590,kg,,,
chiba-3030122-cycling,,,,,,,,,黑配紅色,,,XL,,,,,3030122-BLACKRED-XL,0.0,shopify,2,continue,manual,1160.00,,true,true,,,,,,,,,,,,https://cdn.shopify.com/s/files/1/1015/5950/1113/files/cycling__3030122__fd1791db0c13e7e4__3030122_1004_1.jpg?v=1790331590,kg,,,
chiba-3030122-cycling,,,,,,,,,黑配紅色,,,XXL,,,,,3030122-BLACKRED-XXL,0.0,shopify,2,continue,manual,1160.00,,true,true,,,,,,,,,,,,https://cdn.shopify.com/s/files/1/1015/5950/1113/files/cycling__3030122__fd1791db0c13e7e4__3030122_1004_1.jpg?v=1790331590,kg,,,
chiba-3030122-cycling,,,,,,,,,極致黑,,,XS,,,,,3030122-BLACKBLACK-XS,0.0,shopify,2,continue,manual,1160.00,,true,true,,,,,,,,,,,,https://cdn.shopify.com/s/files/1/1015/5950/1113/files/cycling__3030122__2751c77559baf654__3030122_1010_1.jpg?v=1790331590,kg,,,
chiba-3030122-cycling,,,,,,,,,極致黑,,,S,,,,,3030122-BLACKBLACK-S,0.0,shopify,2,continue,manual,1160.00,,true,true,,,,,,,,,,,,https://cdn.shopify.com/s/files/1/1015/5950/1113/files/cycling__3030122__2751c77559baf654__3030122_1010_1.jpg?v=1790331590,kg,,,
chiba-3030122-cycling,,,,,,,,,極致黑,,,M,,,,,3030122-BLACKBLACK-M,0.0,shopify,2,continue,manual,1160.00,,true,true,,,,,,,,,,,,https://cdn.shopify.com/s/files/1/1015/5950/1113/files/cycling__3030122__2751c77559baf654__3030122_1010_1.jpg?v=1790331590,kg,,,
chiba-3030122-cycling,,,,,,,,,極致黑,,,L,,,,,3030122-BLACKBLACK-L,0.0,shopify,2,continue,manual,1160.00,,true,true,,,,,,,,,,,,https://cdn.shopify.com/s/files/1/1015/5950/1113/files/cycling__3030122__2751c77559baf654__3030122_1010_1.jpg?v=1790331590,kg,,,
chiba-3030122-cycling,,,,,,,,,極致黑,,,XL,,,,,3030122-BLACKBLACK-XL,0.0,shopify,2,continue,manual,1160.00,,true,true,,,,,,,,,,,,https://cdn.shopify.com/s/files/1/1015/5950/1113/files/cycling__3030122__2751c77559baf654__3030122_1010_1.jpg?v=1790331590,kg,,,
chiba-3030122-cycling,,,,,,,,,極致黑,,,XXL,,,,,3030122-BLACKBLACK-XXL,0.0,shopify,2,continue,manual,1160.00,,true,true,,,,,,,,,,,,https://cdn.shopify.com/s/files/1/1015/5950/1113/files/cycling__3030122__2751c77559baf654__3030122_1010_1.jpg?v=1790331590,kg,,,
chiba-3030122-cycling,,,,,,,,,黑配藍綠,,,XS,,,,,3030122-BLACKPETROL-XS,0.0,shopify,2,continue,manual,1160.00,,true,true,,,,,,,,,,,,https://cdn.shopify.com/s/files/1/1015/5950/1113/files/cycling__3030122__d98664250ba19d67__3030122_1028_1.jpg?v=1790331590,kg,,,
chiba-3030122-cycling,,,,,,,,,黑配藍綠,,,S,,,,,3030122-BLACKPETROL-S,0.0,shopify,2,continue,manual,1160.00,,true,true,,,,,,,,,,,,https://cdn.shopify.com/s/files/1/1015/5950/1113/files/cycling__3030122__d98664250ba19d67__3030122_1028_1.jpg?v=1790331590,kg,,,
chiba-3030122-cycling,,,,,,,,,黑配藍綠,,,M,,,,,3030122-BLACKPETROL-M,0.0,shopify,2,continue,manual,1160.00,,true,true,,,,,,,,,,,,https://cdn.shopify.com/s/files/1/1015/5950/1113/files/cycling__3030122__d98664250ba19d67__3030122_1028_1.jpg?v=1790331590,kg,,,
chiba-3030122-cycling,,,,,,,,,黑配藍綠,,,L,,,,,3030122-BLACKPETROL-L,0.0,shopify,2,continue,manual,1160.00,,true,true,,,,,,,,,,,,https://cdn.shopify.com/s/files/1/1015/5950/1113/files/cycling__3030122__d98664250ba19d67__3030122_1028_1.jpg?v=1790331590,kg,,,
chiba-3030122-cycling,,,,,,,,,黑配藍綠,,,XL,,,,,3030122-BLACKPETROL-XL,0.0,shopify,2,continue,manual,1160.00,,true,true,,,,,,,,,,,,https://cdn.shopify.com/s/files/1/1015/5950/1113/files/cycling__3030122__d98664250ba19d67__3030122_1028_1.jpg?v=1790331590,kg,,,
chiba-3030122-cycling,,,,,,,,,黑配藍綠,,,XXL,,,,,3030122-BLACKPETROL-XXL,0.0,shopify,2,continue,manual,1160.00,,true,true,,,,,,,,,,,,https://cdn.shopify.com/s/files/1/1015/5950/1113/files/cycling__3030122__d98664250ba19d67__3030122_1028_1.jpg?v=1790331590,kg,,,
chiba-3029125-cycling,CHIBA Lady Air Plus 女款進階透氣手套,"<div class=""chiba-product-description"">
  <p><strong>CHIBA Lady Air Plus 女款進階透氣手套</strong>｜德國百年專業工藝打造。女性進階透氣美型，Econyl 再生環保纖維與立體壓紋防滑掌心。</p>
  <ul>
    <li>
<strong>女性手掌黃金比例剪裁</strong>：輕盈貼合無負擔，展現修長手部線條。</li>
    <li>
<strong>立體壓紋防滑手掌</strong>：強化抓把摩擦阻力，煞車轉向靈活穩定。</li>
    <li>
<strong>Quick-Pull® 專利秒脫拉環</strong>：指尖專利拉環設計，即使騎乘後滿手汗水也能一秒輕鬆俐落脫下手套。</li>
  </ul>
  <p>
    • <strong>系列材質</strong>：Active Line｜微網布、Econyl再生尼龍、壓紋掌心<br>
    • <strong>洗滌保養</strong>：支援 30°C 溫和水洗，平放陰乾，請勿烘乾。
  </p>
</div>",CHIBA GLOVES GERMANY,,cycling,"Active Line, cycling",true,顏色,黑配白色,,尺寸,XS,,,,,3029125-BLACKWHITE-XS,0.0,shopify,2,continue,manual,1240.00,,true,true,,,,,,https://cdn.shopify.com/s/files/1/1015/5950/1113/files/cycling__3029125__178ea47e27f1a6a6__3029125_1001_catalog_p32_Im7.png?v=1790331587,1,CHIBA Lady Air Plus 女款進階透氣手套 黑配粉紅,false,CHIBA Lady Air Plus 女款進階透氣手套｜德國百年專業自行車手套,德國百年品牌 CHIBA 台灣官方直營：CHIBA Lady Air Plus 女款進階透氣手套。輕盈貼合無負擔，展現修長手部線條。台灣零售價現貨供應，德國原裝進口品質保證。,https://cdn.shopify.com/s/files/1/1015/5950/1113/files/cycling__3029125__178ea47e27f1a6a6__3029125_1001_catalog_p32_Im7.png?v=1790331587,kg,,,active
chiba-3029125-cycling,,,,,,,,,黑配白色,,,S,,,,,3029125-BLACKWHITE-S,0.0,shopify,2,continue,manual,1240.00,,true,true,,,,,,,,,,,,https://cdn.shopify.com/s/files/1/1015/5950/1113/files/cycling__3029125__178ea47e27f1a6a6__3029125_1001_catalog_p32_Im7.png?v=1790331587,kg,,,
chiba-3029125-cycling,,,,,,,,,黑配白色,,,M,,,,,3029125-BLACKWHITE-M,0.0,shopify,2,continue,manual,1240.00,,true,true,,,,,,,,,,,,https://cdn.shopify.com/s/files/1/1015/5950/1113/files/cycling__3029125__178ea47e27f1a6a6__3029125_1001_catalog_p32_Im7.png?v=1790331587,kg,,,
chiba-3029125-cycling,,,,,,,,,黑配白色,,,L,,,,,3029125-BLACKWHITE-L,0.0,shopify,2,continue,manual,1240.00,,true,true,,,,,,,,,,,,https://cdn.shopify.com/s/files/1/1015/5950/1113/files/cycling__3029125__178ea47e27f1a6a6__3029125_1001_catalog_p32_Im7.png?v=1790331587,kg,,,
chiba-3029125-cycling,,,,,,,,,極致黑,,,XS,,,,,3029125-BLACKBLACK-XS,0.0,shopify,2,continue,manual,1240.00,,true,true,,,,,,,,,,,,https://cdn.shopify.com/s/files/1/1015/5950/1113/files/cycling__3029125__178ea47e27f1a6a6__3029125_1001_catalog_p32_Im7.png?v=1790331587,kg,,,
chiba-3029125-cycling,,,,,,,,,極致黑,,,S,,,,,3029125-BLACKBLACK-S,0.0,shopify,2,continue,manual,1240.00,,true,true,,,,,,,,,,,,https://cdn.shopify.com/s/files/1/1015/5950/1113/files/cycling__3029125__178ea47e27f1a6a6__3029125_1001_catalog_p32_Im7.png?v=1790331587,kg,,,
chiba-3029125-cycling,,,,,,,,,極致黑,,,M,,,,,3029125-BLACKBLACK-M,0.0,shopify,2,continue,manual,1240.00,,true,true,,,,,,,,,,,,https://cdn.shopify.com/s/files/1/1015/5950/1113/files/cycling__3029125__178ea47e27f1a6a6__3029125_1001_catalog_p32_Im7.png?v=1790331587,kg,,,
chiba-3029125-cycling,,,,,,,,,極致黑,,,L,,,,,3029125-BLACKBLACK-L,0.0,shopify,2,continue,manual,1240.00,,true,true,,,,,,,,,,,,https://cdn.shopify.com/s/files/1/1015/5950/1113/files/cycling__3029125__178ea47e27f1a6a6__3029125_1001_catalog_p32_Im7.png?v=1790331587,kg,,,
chiba-3029125-cycling,,,,,,,,,黑配綠松石藍,,,XS,,,,,3029125-BLACKTOURQUISE-XS,0.0,shopify,2,continue,manual,1240.00,,true,true,,,,,,,,,,,,https://cdn.shopify.com/s/files/1/1015/5950/1113/files/cycling__3029125__178ea47e27f1a6a6__3029125_1001_catalog_p32_Im7.png?v=1790331587,kg,,,
chiba-3029125-cycling,,,,,,,,,黑配綠松石藍,,,S,,,,,3029125-BLACKTOURQUISE-S,0.0,shopify,2,continue,manual,1240.00,,true,true,,,,,,,,,,,,https://cdn.shopify.com/s/files/1/1015/5950/1113/files/cycling__3029125__178ea47e27f1a6a6__3029125_1001_catalog_p32_Im7.png?v=1790331587,kg,,,
chiba-3029125-cycling,,,,,,,,,黑配綠松石藍,,,M,,,,,3029125-BLACKTOURQUISE-M,0.0,shopify,2,continue,manual,1240.00,,true,true,,,,,,,,,,,,https://cdn.shopify.com/s/files/1/1015/5950/1113/files/cycling__3029125__178ea47e27f1a6a6__3029125_1001_catalog_p32_Im7.png?v=1790331587,kg,,,
chiba-3029125-cycling,,,,,,,,,黑配綠松石藍,,,L,,,,,3029125-BLACKTOURQUISE-L,0.0,shopify,2,continue,manual,1240.00,,true,true,,,,,,,,,,,,https://cdn.shopify.com/s/files/1/1015/5950/1113/files/cycling__3029125__178ea47e27f1a6a6__3029125_1001_catalog_p32_Im7.png?v=1790331587,kg,,,
chiba-3029125-cycling,,,,,,,,,黑配粉紅,,,XS,,,,,3029125-BLACKPINK-XS,0.0,shopify,2,continue,manual,1240.00,,true,true,,,,,,,,,,,,https://cdn.shopify.com/s/files/1/1015/5950/1113/files/cycling__3029125__178ea47e27f1a6a6__3029125_1001_catalog_p32_Im7.png?v=1790331587,kg,,,
chiba-3029125-cycling,,,,,,,,,黑配粉紅,,,S,,,,,3029125-BLACKPINK-S,0.0,shopify,2,continue,manual,1240.00,,true,true,,,,,,,,,,,,https://cdn.shopify.com/s/files/1/1015/5950/1113/files/cycling__3029125__178ea47e27f1a6a6__3029125_1001_catalog_p32_Im7.png?v=1790331587,kg,,,
chiba-3029125-cycling,,,,,,,,,黑配粉紅,,,M,,,,,3029125-BLACKPINK-M,0.0,shopify,2,continue,manual,1240.00,,true,true,,,,,,,,,,,,https://cdn.shopify.com/s/files/1/1015/5950/1113/files/cycling__3029125__178ea47e27f1a6a6__3029125_1001_catalog_p32_Im7.png?v=1790331587,kg,,,
chiba-3029125-cycling,,,,,,,,,黑配粉紅,,,L,,,,,3029125-BLACKPINK-L,0.0,shopify,2,continue,manual,1240.00,,true,true,,,,,,,,,,,,https://cdn.shopify.com/s/files/1/1015/5950/1113/files/cycling__3029125__178ea47e27f1a6a6__3029125_1001_catalog_p32_Im7.png?v=1790331587,kg,,,
chiba-3027423-cycling,CHIBA ECO Glove Pro touring 環保長途巡航手套,"<div class=""chiba-product-description"">
  <p><strong>CHIBA ECO Glove Pro touring 環保長途巡航手套</strong>｜德國百年專業工藝打造。長途巡航環保旗艦，天然軟木複合緩震與 Econyl 再生尼龍。</p>
  <ul>
    <li>
<strong>天然軟木</strong>：利用軟木微孔細胞天然減震與吸濕抑菌特性。</li>
    <li>
<strong>Econyl® 再生海洋尼龍</strong>：綠色環保高耐磨紗線，為跨日長途旅行提供可靠保障。</li>
    <li>
<strong>Quick-Pull® 專利秒脫拉環</strong>：指尖專利拉環設計，即使騎乘後滿手汗水也能一秒輕鬆俐落脫下手套。</li>
  </ul>
  <p>
    • <strong>系列材質</strong>：Active Line｜Econyl再生尼龍、麂皮布、軟木<br>
    • <strong>洗滌保養</strong>：支援 30°C 溫和水洗，平放陰乾，請勿烘乾。
  </p>
</div>",CHIBA GLOVES GERMANY,,cycling,"Active Line, cycling",true,顏色,黑色,,尺寸,XS,,,,,3027423-BLACK-XS,0.0,shopify,2,continue,manual,1420.00,,true,true,,,,,,https://cdn.shopify.com/s/files/1/1015/5950/1113/files/cycling__3027423__7a0c4bf81ee88ec2__3027423_10_1.jpg?v=1790331585,1,CHIBA ECO Glove Pro touring 環保長途巡航手套 黑色,false,CHIBA ECO Glove Pro touring 環保長途巡航手套｜德國百年專業自行車手套,德國百年品牌 CHIBA 台灣官方直營：CHIBA ECO Glove Pro touring 環保長途巡航手套。利用軟木微孔細胞天然減震與吸濕抑菌特性，提供長途巡航極佳支撐。台灣零售價現貨供應，德國原裝進口品質保證。,https://cdn.shopify.com/s/files/1/1015/5950/1113/files/cycling__3027423__7a0c4bf81ee88ec2__3027423_10_1.jpg?v=1790331585,kg,,,active
chiba-3027423-cycling,,,,,,,,,黑色,,,S,,,,,3027423-BLACK-S,0.0,shopify,2,continue,manual,1420.00,,true,true,,,,,,https://cdn.shopify.com/s/files/1/1015/5950/1113/files/cycling__3027423__688dfb34a42eb641__3027423_10_2.jpg?v=1790331586,2,CHIBA ECO Glove Pro touring 環保長途巡航手套 黑色,,,,https://cdn.shopify.com/s/files/1/1015/5950/1113/files/cycling__3027423__7a0c4bf81ee88ec2__3027423_10_1.jpg?v=1790331585,kg,,,
chiba-3027423-cycling,,,,,,,,,黑色,,,M,,,,,3027423-BLACK-M,0.0,shopify,2,continue,manual,1420.00,,true,true,,,,,,https://cdn.shopify.com/s/files/1/1015/5950/1113/files/cycling__3027423__f740bbfa25e77df4__3027423_19_1.jpg?v=1790331585,3,CHIBA ECO Glove Pro touring 環保長途巡航手套 深灰色,,,,https://cdn.shopify.com/s/files/1/1015/5950/1113/files/cycling__3027423__7a0c4bf81ee88ec2__3027423_10_1.jpg?v=1790331585,kg,,,
chiba-3027423-cycling,,,,,,,,,黑色,,,L,,,,,3027423-BLACK-L,0.0,shopify,2,continue,manual,1420.00,,true,true,,,,,,https://cdn.shopify.com/s/files/1/1015/5950/1113/files/cycling__3027423__ad2c01196278462f__3027423_19_2.jpg?v=1790331585,4,CHIBA ECO Glove Pro touring 環保長途巡航手套 深灰色,,,,https://cdn.shopify.com/s/files/1/1015/5950/1113/files/cycling__3027423__7a0c4bf81ee88ec2__3027423_10_1.jpg?v=1790331585,kg,,,
chiba-3027423-cycling,,,,,,,,,黑色,,,XL,,,,,3027423-BLACK-XL,0.0,shopify,2,continue,manual,1420.00,,true,true,,,,,,https://cdn.shopify.com/s/files/1/1015/5950/1113/files/cycling__3027423__bf0b9884657ba268__3027423_20-1_1.jpg?v=1790331586,5,CHIBA ECO Glove Pro touring 環保長途巡航手套 橄欖綠,,,,https://cdn.shopify.com/s/files/1/1015/5950/1113/files/cycling__3027423__7a0c4bf81ee88ec2__3027423_10_1.jpg?v=1790331585,kg,,,
chiba-3027423-cycling,,,,,,,,,黑色,,,XXL,,,,,3027423-BLACK-XXL,0.0,shopify,2,continue,manual,1420.00,,true,true,,,,,,https://cdn.shopify.com/s/files/1/1015/5950/1113/files/cycling__3027423__cdcb7aa995fdf113__3027423_20-1_2.jpg?v=1790331585,6,CHIBA ECO Glove Pro touring 環保長途巡航手套 橄欖綠,,,,https://cdn.shopify.com/s/files/1/1015/5950/1113/files/cycling__3027423__7a0c4bf81ee88ec2__3027423_10_1.jpg?v=1790331585,kg,,,
chiba-3027423-cycling,,,,,,,,,深灰色,,,XS,,,,,3027423-DK.GREY-XS,0.0,shopify,2,continue,manual,1420.00,,true,true,,,,,,,,,,,,https://cdn.shopify.com/s/files/1/1015/5950/1113/files/cycling__3027423__f740bbfa25e77df4__3027423_19_1.jpg?v=1790331585,kg,,,
chiba-3027423-cycling,,,,,,,,,深灰色,,,S,,,,,3027423-DK.GREY-S,0.0,shopify,2,continue,manual,1420.00,,true,true,,,,,,,,,,,,https://cdn.shopify.com/s/files/1/1015/5950/1113/files/cycling__3027423__f740bbfa25e77df4__3027423_19_1.jpg?v=1790331585,kg,,,
chiba-3027423-cycling,,,,,,,,,深灰色,,,M,,,,,3027423-DK.GREY-M,0.0,shopify,2,continue,manual,1420.00,,true,true,,,,,,,,,,,,https://cdn.shopify.com/s/files/1/1015/5950/1113/files/cycling__3027423__f740bbfa25e77df4__3027423_19_1.jpg?v=1790331585,kg,,,
chiba-3027423-cycling,,,,,,,,,深灰色,,,L,,,,,3027423-DK.GREY-L,0.0,shopify,2,continue,manual,1420.00,,true,true,,,,,,,,,,,,https://cdn.shopify.com/s/files/1/1015/5950/1113/files/cycling__3027423__f740bbfa25e77df4__3027423_19_1.jpg?v=1790331585,kg,,,
chiba-3027423-cycling,,,,,,,,,深灰色,,,XL,,,,,3027423-DK.GREY-XL,0.0,shopify,2,continue,manual,1420.00,,true,true,,,,,,,,,,,,https://cdn.shopify.com/s/files/1/1015/5950/1113/files/cycling__3027423__f740bbfa25e77df4__3027423_19_1.jpg?v=1790331585,kg,,,
chiba-3027423-cycling,,,,,,,,,深灰色,,,XXL,,,,,3027423-DK.GREY-XXL,0.0,shopify,2,continue,manual,1420.00,,true,true,,,,,,,,,,,,https://cdn.shopify.com/s/files/1/1015/5950/1113/files/cycling__3027423__f740bbfa25e77df4__3027423_19_1.jpg?v=1790331585,kg,,,
chiba-3027423-cycling,,,,,,,,,橄欖綠,,,XS,,,,,3027423-OLIVE-XS,0.0,shopify,2,continue,manual,1420.00,,true,true,,,,,,,,,,,,https://cdn.shopify.com/s/files/1/1015/5950/1113/files/cycling__3027423__bf0b9884657ba268__3027423_20-1_1.jpg?v=1790331586,kg,,,
chiba-3027423-cycling,,,,,,,,,橄欖綠,,,S,,,,,3027423-OLIVE-S,0.0,shopify,2,continue,manual,1420.00,,true,true,,,,,,,,,,,,https://cdn.shopify.com/s/files/1/1015/5950/1113/files/cycling__3027423__bf0b9884657ba268__3027423_20-1_1.jpg?v=1790331586,kg,,,
chiba-3027423-cycling,,,,,,,,,橄欖綠,,,M,,,,,3027423-OLIVE-M,0.0,shopify,2,continue,manual,1420.00,,true,true,,,,,,,,,,,,https://cdn.shopify.com/s/files/1/1015/5950/1113/files/cycling__3027423__bf0b9884657ba268__3027423_20-1_1.jpg?v=1790331586,kg,,,
chiba-3027423-cycling,,,,,,,,,橄欖綠,,,L,,,,,3027423-OLIVE-L,0.0,shopify,2,continue,manual,1420.00,,true,true,,,,,,,,,,,,https://cdn.shopify.com/s/files/1/1015/5950/1113/files/cycling__3027423__bf0b9884657ba268__3027423_20-1_1.jpg?v=1790331586,kg,,,
chiba-3027423-cycling,,,,,,,,,橄欖綠,,,XL,,,,,3027423-OLIVE-XL,0.0,shopify,2,continue,manual,1420.00,,true,true,,,,,,,,,,,,https://cdn.shopify.com/s/files/1/1015/5950/1113/files/cycling__3027423__bf0b9884657ba268__3027423_20-1_1.jpg?v=1790331586,kg,,,
chiba-3027423-cycling,,,,,,,,,橄欖綠,,,XXL,,,,,3027423-OLIVE-XXL,0.0,shopify,2,continue,manual,1420.00,,true,true,,,,,,,,,,,,https://cdn.shopify.com/s/files/1/1015/5950/1113/files/cycling__3027423__bf0b9884657ba268__3027423_20-1_1.jpg?v=1790331586,kg,,,
chiba-3027126-cycling,CHIBA Blade II 刀鋒 II,"<div class=""chiba-product-description"">
  <p><strong>CHIBA Blade II 刀鋒 II</strong>｜德國百年專業工藝打造。俐落破風疾速馳騁，刀鋒流線剪裁與潛水布防磨腕口。</p>
  <ul>
    <li>
<strong>刀鋒空氣力學流線剪裁</strong>：低風阻貼合結構，外觀俐落帥氣。</li>
    <li>
<strong>Neoprene 潛水布彈性腕口</strong>：服貼手腕不咬手，防風防磨。</li>
    <li>
<strong>Quick-Pull® 專利秒脫拉環</strong>：指尖專利拉環設計，即使騎乘後滿手汗水也能一秒輕鬆俐落脫下手套。</li>
  </ul>
  <p>
    • <strong>系列材質</strong>：Active Line｜微網布、潛水布、Verde面料<br>
    • <strong>洗滌保養</strong>：支援 30°C 溫和水洗，平放陰乾，請勿烘乾。
  </p>
</div>",CHIBA GLOVES GERMANY,,cycling,"Active Line, cycling",true,顏色,紅色,,尺寸,XS,,,,,3027126-RED-XS,0.0,shopify,2,continue,manual,1240.00,,true,true,,,,,,https://cdn.shopify.com/s/files/1/1015/5950/1113/files/cycling__3027126__c1a9aca84e8860e1__3027126_04_1.jpg?v=1790331583,1,CHIBA Blade II 刀鋒 II 紅色,false,CHIBA Blade II 刀鋒 II｜德國百年專業自行車手套,德國百年品牌 CHIBA 台灣官方直營：CHIBA Blade II 刀鋒 II。低風阻貼合結構，外觀俐落帥氣。台灣零售價現貨供應，德國原裝進口品質保證。,https://cdn.shopify.com/s/files/1/1015/5950/1113/files/cycling__3027126__c1a9aca84e8860e1__3027126_04_1.jpg?v=1790331583,kg,,,active
chiba-3027126-cycling,,,,,,,,,紅色,,,S,,,,,3027126-RED-S,0.0,shopify,2,continue,manual,1240.00,,true,true,,,,,,https://cdn.shopify.com/s/files/1/1015/5950/1113/files/cycling__3027126__2c4a6d75e8f2d7a5__3027126_04_2.jpg?v=1790331583,2,CHIBA Blade II 刀鋒 II 紅色,,,,https://cdn.shopify.com/s/files/1/1015/5950/1113/files/cycling__3027126__c1a9aca84e8860e1__3027126_04_1.jpg?v=1790331583,kg,,,
chiba-3027126-cycling,,,,,,,,,紅色,,,M,,,,,3027126-RED-M,0.0,shopify,2,continue,manual,1240.00,,true,true,,,,,,https://cdn.shopify.com/s/files/1/1015/5950/1113/files/cycling__3027126__eb0dde8adfa0c3f1__3027126_10_1.jpg?v=1790331583,3,CHIBA Blade II 刀鋒 II 黑色,,,,https://cdn.shopify.com/s/files/1/1015/5950/1113/files/cycling__3027126__c1a9aca84e8860e1__3027126_04_1.jpg?v=1790331583,kg,,,
chiba-3027126-cycling,,,,,,,,,紅色,,,L,,,,,3027126-RED-L,0.0,shopify,2,continue,manual,1240.00,,true,true,,,,,,https://cdn.shopify.com/s/files/1/1015/5950/1113/files/cycling__3027126__6cd071c36b30746b__3027126_10_2.jpg?v=1790331583,4,CHIBA Blade II 刀鋒 II 黑色,,,,https://cdn.shopify.com/s/files/1/1015/5950/1113/files/cycling__3027126__c1a9aca84e8860e1__3027126_04_1.jpg?v=1790331583,kg,,,
chiba-3027126-cycling,,,,,,,,,紅色,,,XL,,,,,3027126-RED-XL,0.0,shopify,2,continue,manual,1240.00,,true,true,,,,,,https://cdn.shopify.com/s/files/1/1015/5950/1113/files/cycling__3027126__3fa8e1e78eacd19f__3027126_19_1.jpg?v=1790331583,5,CHIBA Blade II 刀鋒 II 深灰色,,,,https://cdn.shopify.com/s/files/1/1015/5950/1113/files/cycling__3027126__c1a9aca84e8860e1__3027126_04_1.jpg?v=1790331583,kg,,,
chiba-3027126-cycling,,,,,,,,,紅色,,,XXL,,,,,3027126-RED-XXL,0.0,shopify,2,continue,manual,1240.00,,true,true,,,,,,https://cdn.shopify.com/s/files/1/1015/5950/1113/files/cycling__3027126__5b3b2409e168064c__3027126_19_2.jpg?v=1790331583,6,CHIBA Blade II 刀鋒 II 深灰色,,,,https://cdn.shopify.com/s/files/1/1015/5950/1113/files/cycling__3027126__c1a9aca84e8860e1__3027126_04_1.jpg?v=1790331583,kg,,,
chiba-3027126-cycling,,,,,,,,,紅色,,,3XL,,,,,3027126-RED-3XL,0.0,shopify,2,continue,manual,1240.00,,true,true,,,,,,https://cdn.shopify.com/s/files/1/1015/5950/1113/files/cycling__3027126__943ce438429f8b49__3027126_20-1_1.jpg?v=1790331583,7,CHIBA Blade II 刀鋒 II 橄欖綠,,,,https://cdn.shopify.com/s/files/1/1015/5950/1113/files/cycling__3027126__c1a9aca84e8860e1__3027126_04_1.jpg?v=1790331583,kg,,,
chiba-3027126-cycling,,,,,,,,,黑色,,,XS,,,,,3027126-BLACK-XS,0.0,shopify,2,continue,manual,1240.00,,true,true,,,,,,https://cdn.shopify.com/s/files/1/1015/5950/1113/files/cycling__3027126__0b864a5a3019bb3a__3027126_20-1_2.jpg?v=1790331583,8,CHIBA Blade II 刀鋒 II 橄欖綠,,,,https://cdn.shopify.com/s/files/1/1015/5950/1113/files/cycling__3027126__eb0dde8adfa0c3f1__3027126_10_1.jpg?v=1790331583,kg,,,
chiba-3027126-cycling,,,,,,,,,黑色,,,S,,,,,3027126-BLACK-S,0.0,shopify,2,continue,manual,1240.00,,true,true,,,,,,,,,,,,https://cdn.shopify.com/s/files/1/1015/5950/1113/files/cycling__3027126__eb0dde8adfa0c3f1__3027126_10_1.jpg?v=1790331583,kg,,,
chiba-3027126-cycling,,,,,,,,,黑色,,,M,,,,,3027126-BLACK-M,0.0,shopify,2,continue,manual,1240.00,,true,true,,,,,,,,,,,,https://cdn.shopify.com/s/files/1/1015/5950/1113/files/cycling__3027126__eb0dde8adfa0c3f1__3027126_10_1.jpg?v=1790331583,kg,,,
chiba-3027126-cycling,,,,,,,,,黑色,,,L,,,,,3027126-BLACK-L,0.0,shopify,2,continue,manual,1240.00,,true,true,,,,,,,,,,,,https://cdn.shopify.com/s/files/1/1015/5950/1113/files/cycling__3027126__eb0dde8adfa0c3f1__3027126_10_1.jpg?v=1790331583,kg,,,
chiba-3027126-cycling,,,,,,,,,黑色,,,XL,,,,,3027126-BLACK-XL,0.0,shopify,2,continue,manual,1240.00,,true,true,,,,,,,,,,,,https://cdn.shopify.com/s/files/1/1015/5950/1113/files/cycling__3027126__eb0dde8adfa0c3f1__3027126_10_1.jpg?v=1790331583,kg,,,
chiba-3027126-cycling,,,,,,,,,黑色,,,XXL,,,,,3027126-BLACK-XXL,0.0,shopify,2,continue,manual,1240.00,,true,true,,,,,,,,,,,,https://cdn.shopify.com/s/files/1/1015/5950/1113/files/cycling__3027126__eb0dde8adfa0c3f1__3027126_10_1.jpg?v=1790331583,kg,,,
chiba-3027126-cycling,,,,,,,,,黑色,,,3XL,,,,,3027126-BLACK-3XL,0.0,shopify,2,continue,manual,1240.00,,true,true,,,,,,,,,,,,https://cdn.shopify.com/s/files/1/1015/5950/1113/files/cycling__3027126__eb0dde8adfa0c3f1__3027126_10_1.jpg?v=1790331583,kg,,,
chiba-3027126-cycling,,,,,,,,,深灰色,,,XS,,,,,3027126-DK.GREY-XS,0.0,shopify,2,continue,manual,1240.00,,true,true,,,,,,,,,,,,https://cdn.shopify.com/s/files/1/1015/5950/1113/files/cycling__3027126__3fa8e1e78eacd19f__3027126_19_1.jpg?v=1790331583,kg,,,
chiba-3027126-cycling,,,,,,,,,深灰色,,,S,,,,,3027126-DK.GREY-S,0.0,shopify,2,continue,manual,1240.00,,true,true,,,,,,,,,,,,https://cdn.shopify.com/s/files/1/1015/5950/1113/files/cycling__3027126__3fa8e1e78eacd19f__3027126_19_1.jpg?v=1790331583,kg,,,
chiba-3027126-cycling,,,,,,,,,深灰色,,,M,,,,,3027126-DK.GREY-M,0.0,shopify,2,continue,manual,1240.00,,true,true,,,,,,,,,,,,https://cdn.shopify.com/s/files/1/1015/5950/1113/files/cycling__3027126__3fa8e1e78eacd19f__3027126_19_1.jpg?v=1790331583,kg,,,
chiba-3027126-cycling,,,,,,,,,深灰色,,,L,,,,,3027126-DK.GREY-L,0.0,shopify,2,continue,manual,1240.00,,true,true,,,,,,,,,,,,https://cdn.shopify.com/s/files/1/1015/5950/1113/files/cycling__3027126__3fa8e1e78eacd19f__3027126_19_1.jpg?v=1790331583,kg,,,
chiba-3027126-cycling,,,,,,,,,深灰色,,,XL,,,,,3027126-DK.GREY-XL,0.0,shopify,2,continue,manual,1240.00,,true,true,,,,,,,,,,,,https://cdn.shopify.com/s/files/1/1015/5950/1113/files/cycling__3027126__3fa8e1e78eacd19f__3027126_19_1.jpg?v=1790331583,kg,,,
chiba-3027126-cycling,,,,,,,,,深灰色,,,XXL,,,,,3027126-DK.GREY-XXL,0.0,shopify,2,continue,manual,1240.00,,true,true,,,,,,,,,,,,https://cdn.shopify.com/s/files/1/1015/5950/1113/files/cycling__3027126__3fa8e1e78eacd19f__3027126_19_1.jpg?v=1790331583,kg,,,
chiba-3027126-cycling,,,,,,,,,深灰色,,,3XL,,,,,3027126-DK.GREY-3XL,0.0,shopify,2,continue,manual,1240.00,,true,true,,,,,,,,,,,,https://cdn.shopify.com/s/files/1/1015/5950/1113/files/cycling__3027126__3fa8e1e78eacd19f__3027126_19_1.jpg?v=1790331583,kg,,,
chiba-3027126-cycling,,,,,,,,,橄欖綠,,,XS,,,,,3027126-OLIVE-XS,0.0,shopify,2,continue,manual,1240.00,,true,true,,,,,,,,,,,,https://cdn.shopify.com/s/files/1/1015/5950/1113/files/cycling__3027126__943ce438429f8b49__3027126_20-1_1.jpg?v=1790331583,kg,,,
chiba-3027126-cycling,,,,,,,,,橄欖綠,,,S,,,,,3027126-OLIVE-S,0.0,shopify,2,continue,manual,1240.00,,true,true,,,,,,,,,,,,https://cdn.shopify.com/s/files/1/1015/5950/1113/files/cycling__3027126__943ce438429f8b49__3027126_20-1_1.jpg?v=1790331583,kg,,,
chiba-3027126-cycling,,,,,,,,,橄欖綠,,,M,,,,,3027126-OLIVE-M,0.0,shopify,2,continue,manual,1240.00,,true,true,,,,,,,,,,,,https://cdn.shopify.com/s/files/1/1015/5950/1113/files/cycling__3027126__943ce438429f8b49__3027126_20-1_1.jpg?v=1790331583,kg,,,
chiba-3027126-cycling,,,,,,,,,橄欖綠,,,L,,,,,3027126-OLIVE-L,0.0,shopify,2,continue,manual,1240.00,,true,true,,,,,,,,,,,,https://cdn.shopify.com/s/files/1/1015/5950/1113/files/cycling__3027126__943ce438429f8b49__3027126_20-1_1.jpg?v=1790331583,kg,,,
chiba-3027126-cycling,,,,,,,,,橄欖綠,,,XL,,,,,3027126-OLIVE-XL,0.0,shopify,2,continue,manual,1240.00,,true,true,,,,,,,,,,,,https://cdn.shopify.com/s/files/1/1015/5950/1113/files/cycling__3027126__943ce438429f8b49__3027126_20-1_1.jpg?v=1790331583,kg,,,
chiba-3027126-cycling,,,,,,,,,橄欖綠,,,XXL,,,,,3027126-OLIVE-XXL,0.0,shopify,2,continue,manual,1240.00,,true,true,,,,,,,,,,,,https://cdn.shopify.com/s/files/1/1015/5950/1113/files/cycling__3027126__943ce438429f8b49__3027126_20-1_1.jpg?v=1790331583,kg,,,
chiba-3027126-cycling,,,,,,,,,橄欖綠,,,3XL,,,,,3027126-OLIVE-3XL,0.0,shopify,2,continue,manual,1240.00,,true,true,,,,,,,,,,,,https://cdn.shopify.com/s/files/1/1015/5950/1113/files/cycling__3027126__943ce438429f8b49__3027126_20-1_1.jpg?v=1790331583,kg,,,
chiba-3020622-cycling,CHIBA Sport 運動款,"<div class=""chiba-product-description"">
  <p><strong>CHIBA Sport 運動款</strong>｜德國百年專業工藝打造。全天候全能運動手套，微網布散熱與 Vitech 耐磨防滑掌面。</p>
  <ul>
    <li>
<strong>Vitech 防滑耐磨面料</strong>：掌面高抓力科技材質，握槓握把皆緊密貼合。</li>
    <li>
<strong>Micronet 立體微網布手背</strong>：高效散熱排濕，四季皆宜。</li>
    <li>
<strong>Quick-Pull® 專利秒脫拉環</strong>：指尖專利拉環設計，即使騎乘後滿手汗水也能一秒輕鬆俐落脫下手套。</li>
  </ul>
  <p>
    • <strong>系列材質</strong>：Active Line｜微網布、Econyl再生尼龍、Vitech面料、透氣網布<br>
    • <strong>洗滌保養</strong>：支援 30°C 溫和水洗，平放陰乾，請勿烘乾。
  </p>
</div>",CHIBA GLOVES GERMANY,,cycling,"Active Line, cycling",true,顏色,白色,,尺寸,XS,,,,,3020622-WHITE-XS,0.0,shopify,2,continue,manual,900.00,,true,true,,,,,,https://cdn.shopify.com/s/files/1/1015/5950/1113/files/cycling__3020622__088ccd9fdd8b50dc__3020622_01_1.jpg?v=1790331581,1,CHIBA Sport 運動款 白色,false,CHIBA Sport 運動款｜德國百年專業自行車手套,德國百年品牌 CHIBA 台灣官方直營：CHIBA Sport 運動款。掌面高抓力科技材質，握槓握把皆緊密貼合。台灣零售價現貨供應，德國原裝進口品質保證。,https://cdn.shopify.com/s/files/1/1015/5950/1113/files/cycling__3020622__088ccd9fdd8b50dc__3020622_01_1.jpg?v=1790331581,kg,,,active
chiba-3020622-cycling,,,,,,,,,白色,,,S,,,,,3020622-WHITE-S,0.0,shopify,2,continue,manual,900.00,,true,true,,,,,,https://cdn.shopify.com/s/files/1/1015/5950/1113/files/cycling__3020622__5d4f225202ab73b7__3020622_01_2.jpg?v=1790331580,2,CHIBA Sport 運動款 白色,,,,https://cdn.shopify.com/s/files/1/1015/5950/1113/files/cycling__3020622__088ccd9fdd8b50dc__3020622_01_1.jpg?v=1790331581,kg,,,
chiba-3020622-cycling,,,,,,,,,白色,,,M,,,,,3020622-WHITE-M,0.0,shopify,2,continue,manual,900.00,,true,true,,,,,,https://cdn.shopify.com/s/files/1/1015/5950/1113/files/cycling__3020622__1590d64c6c676d2a__3020622_03-1_1.jpg?v=1790331580,3,CHIBA Sport 運動款 螢光黃,,,,https://cdn.shopify.com/s/files/1/1015/5950/1113/files/cycling__3020622__088ccd9fdd8b50dc__3020622_01_1.jpg?v=1790331581,kg,,,
chiba-3020622-cycling,,,,,,,,,白色,,,L,,,,,3020622-WHITE-L,0.0,shopify,2,continue,manual,900.00,,true,true,,,,,,https://cdn.shopify.com/s/files/1/1015/5950/1113/files/cycling__3020622__2ef6c706ac4bf1ae__3020622_03-1_2.jpg?v=1790331580,4,CHIBA Sport 運動款 螢光黃,,,,https://cdn.shopify.com/s/files/1/1015/5950/1113/files/cycling__3020622__088ccd9fdd8b50dc__3020622_01_1.jpg?v=1790331581,kg,,,
chiba-3020622-cycling,,,,,,,,,白色,,,XL,,,,,3020622-WHITE-XL,0.0,shopify,2,continue,manual,900.00,,true,true,,,,,,https://cdn.shopify.com/s/files/1/1015/5950/1113/files/cycling__3020622__f6dc0eb0659b49f7__3020622_04_1.jpg?v=1790331580,5,CHIBA Sport 運動款 紅色,,,,https://cdn.shopify.com/s/files/1/1015/5950/1113/files/cycling__3020622__088ccd9fdd8b50dc__3020622_01_1.jpg?v=1790331581,kg,,,
chiba-3020622-cycling,,,,,,,,,白色,,,XXL,,,,,3020622-WHITE-XXL,0.0,shopify,2,continue,manual,900.00,,true,true,,,,,,https://cdn.shopify.com/s/files/1/1015/5950/1113/files/cycling__3020622__053fbf7ad61395b3__3020622_04_2.jpg?v=1790331580,6,CHIBA Sport 運動款 紅色,,,,https://cdn.shopify.com/s/files/1/1015/5950/1113/files/cycling__3020622__088ccd9fdd8b50dc__3020622_01_1.jpg?v=1790331581,kg,,,
chiba-3020622-cycling,,,,,,,,,螢光黃,,,XS,,,,,3020622-NEONYELLOW-XS,0.0,shopify,2,continue,manual,900.00,,true,true,,,,,,https://cdn.shopify.com/s/files/1/1015/5950/1113/files/cycling__3020622__0fae329e7d421d61__3020622_06_1.jpg?v=1790331580,7,CHIBA Sport 運動款 寶藍色,,,,https://cdn.shopify.com/s/files/1/1015/5950/1113/files/cycling__3020622__1590d64c6c676d2a__3020622_03-1_1.jpg?v=1790331580,kg,,,
chiba-3020622-cycling,,,,,,,,,螢光黃,,,S,,,,,3020622-NEONYELLOW-S,0.0,shopify,2,continue,manual,900.00,,true,true,,,,,,https://cdn.shopify.com/s/files/1/1015/5950/1113/files/cycling__3020622__23921b4de58f3079__3020622_06_2.jpg?v=1790331580,8,CHIBA Sport 運動款 寶藍色,,,,https://cdn.shopify.com/s/files/1/1015/5950/1113/files/cycling__3020622__1590d64c6c676d2a__3020622_03-1_1.jpg?v=1790331580,kg,,,
chiba-3020622-cycling,,,,,,,,,螢光黃,,,M,,,,,3020622-NEONYELLOW-M,0.0,shopify,2,continue,manual,900.00,,true,true,,,,,,https://cdn.shopify.com/s/files/1/1015/5950/1113/files/cycling__3020622__8283060a15aa8d29__3020622_10_1.jpg?v=1790331580,9,CHIBA Sport 運動款 黑色,,,,https://cdn.shopify.com/s/files/1/1015/5950/1113/files/cycling__3020622__1590d64c6c676d2a__3020622_03-1_1.jpg?v=1790331580,kg,,,
chiba-3020622-cycling,,,,,,,,,螢光黃,,,L,,,,,3020622-NEONYELLOW-L,0.0,shopify,2,continue,manual,900.00,,true,true,,,,,,https://cdn.shopify.com/s/files/1/1015/5950/1113/files/cycling__3020622__ff54fe2443798ce7__3020622_10_2.jpg?v=1790331580,10,CHIBA Sport 運動款 黑色,,,,https://cdn.shopify.com/s/files/1/1015/5950/1113/files/cycling__3020622__1590d64c6c676d2a__3020622_03-1_1.jpg?v=1790331580,kg,,,
chiba-3020622-cycling,,,,,,,,,螢光黃,,,XL,,,,,3020622-NEONYELLOW-XL,0.0,shopify,2,continue,manual,900.00,,true,true,,,,,,https://cdn.shopify.com/s/files/1/1015/5950/1113/files/cycling__3020622__2fd599edf8577fd3__3020622_19_02.jpg?v=1790331581,11,CHIBA Sport 運動款 深灰色,,,,https://cdn.shopify.com/s/files/1/1015/5950/1113/files/cycling__3020622__1590d64c6c676d2a__3020622_03-1_1.jpg?v=1790331580,kg,,,
chiba-3020622-cycling,,,,,,,,,螢光黃,,,XXL,,,,,3020622-NEONYELLOW-XXL,0.0,shopify,2,continue,manual,900.00,,true,true,,,,,,,,,,,,https://cdn.shopify.com/s/files/1/1015/5950/1113/files/cycling__3020622__1590d64c6c676d2a__3020622_03-1_1.jpg?v=1790331580,kg,,,
chiba-3020622-cycling,,,,,,,,,紅色,,,XS,,,,,3020622-RED-XS,0.0,shopify,2,continue,manual,900.00,,true,true,,,,,,,,,,,,https://cdn.shopify.com/s/files/1/1015/5950/1113/files/cycling__3020622__f6dc0eb0659b49f7__3020622_04_1.jpg?v=1790331580,kg,,,
chiba-3020622-cycling,,,,,,,,,紅色,,,S,,,,,3020622-RED-S,0.0,shopify,2,continue,manual,900.00,,true,true,,,,,,,,,,,,https://cdn.shopify.com/s/files/1/1015/5950/1113/files/cycling__3020622__f6dc0eb0659b49f7__3020622_04_1.jpg?v=1790331580,kg,,,
chiba-3020622-cycling,,,,,,,,,紅色,,,M,,,,,3020622-RED-M,0.0,shopify,2,continue,manual,900.00,,true,true,,,,,,,,,,,,https://cdn.shopify.com/s/files/1/1015/5950/1113/files/cycling__3020622__f6dc0eb0659b49f7__3020622_04_1.jpg?v=1790331580,kg,,,
chiba-3020622-cycling,,,,,,,,,紅色,,,L,,,,,3020622-RED-L,0.0,shopify,2,continue,manual,900.00,,true,true,,,,,,,,,,,,https://cdn.shopify.com/s/files/1/1015/5950/1113/files/cycling__3020622__f6dc0eb0659b49f7__3020622_04_1.jpg?v=1790331580,kg,,,
chiba-3020622-cycling,,,,,,,,,紅色,,,XL,,,,,3020622-RED-XL,0.0,shopify,2,continue,manual,900.00,,true,true,,,,,,,,,,,,https://cdn.shopify.com/s/files/1/1015/5950/1113/files/cycling__3020622__f6dc0eb0659b49f7__3020622_04_1.jpg?v=1790331580,kg,,,
chiba-3020622-cycling,,,,,,,,,紅色,,,XXL,,,,,3020622-RED-XXL,0.0,shopify,2,continue,manual,900.00,,true,true,,,,,,,,,,,,https://cdn.shopify.com/s/files/1/1015/5950/1113/files/cycling__3020622__f6dc0eb0659b49f7__3020622_04_1.jpg?v=1790331580,kg,,,
chiba-3020622-cycling,,,,,,,,,寶藍色,,,XS,,,,,3020622-ROYAL-XS,0.0,shopify,2,continue,manual,900.00,,true,true,,,,,,,,,,,,https://cdn.shopify.com/s/files/1/1015/5950/1113/files/cycling__3020622__0fae329e7d421d61__3020622_06_1.jpg?v=1790331580,kg,,,
chiba-3020622-cycling,,,,,,,,,寶藍色,,,S,,,,,3020622-ROYAL-S,0.0,shopify,2,continue,manual,900.00,,true,true,,,,,,,,,,,,https://cdn.shopify.com/s/files/1/1015/5950/1113/files/cycling__3020622__0fae329e7d421d61__3020622_06_1.jpg?v=1790331580,kg,,,
chiba-3020622-cycling,,,,,,,,,寶藍色,,,M,,,,,3020622-ROYAL-M,0.0,shopify,2,continue,manual,900.00,,true,true,,,,,,,,,,,,https://cdn.shopify.com/s/files/1/1015/5950/1113/files/cycling__3020622__0fae329e7d421d61__3020622_06_1.jpg?v=1790331580,kg,,,
chiba-3020622-cycling,,,,,,,,,寶藍色,,,L,,,,,3020622-ROYAL-L,0.0,shopify,2,continue,manual,900.00,,true,true,,,,,,,,,,,,https://cdn.shopify.com/s/files/1/1015/5950/1113/files/cycling__3020622__0fae329e7d421d61__3020622_06_1.jpg?v=1790331580,kg,,,
chiba-3020622-cycling,,,,,,,,,寶藍色,,,XL,,,,,3020622-ROYAL-XL,0.0,shopify,2,continue,manual,900.00,,true,true,,,,,,,,,,,,https://cdn.shopify.com/s/files/1/1015/5950/1113/files/cycling__3020622__0fae329e7d421d61__3020622_06_1.jpg?v=1790331580,kg,,,
chiba-3020622-cycling,,,,,,,,,寶藍色,,,XXL,,,,,3020622-ROYAL-XXL,0.0,shopify,2,continue,manual,900.00,,true,true,,,,,,,,,,,,https://cdn.shopify.com/s/files/1/1015/5950/1113/files/cycling__3020622__0fae329e7d421d61__3020622_06_1.jpg?v=1790331580,kg,,,
chiba-3020622-cycling,,,,,,,,,黑色,,,XS,,,,,3020622-BLACK-XS,0.0,shopify,2,continue,manual,900.00,,true,true,,,,,,,,,,,,https://cdn.shopify.com/s/files/1/1015/5950/1113/files/cycling__3020622__8283060a15aa8d29__3020622_10_1.jpg?v=1790331580,kg,,,
chiba-3020622-cycling,,,,,,,,,黑色,,,S,,,,,3020622-BLACK-S,0.0,shopify,2,continue,manual,900.00,,true,true,,,,,,,,,,,,https://cdn.shopify.com/s/files/1/1015/5950/1113/files/cycling__3020622__8283060a15aa8d29__3020622_10_1.jpg?v=1790331580,kg,,,
chiba-3020622-cycling,,,,,,,,,黑色,,,M,,,,,3020622-BLACK-M,0.0,shopify,2,continue,manual,900.00,,true,true,,,,,,,,,,,,https://cdn.shopify.com/s/files/1/1015/5950/1113/files/cycling__3020622__8283060a15aa8d29__3020622_10_1.jpg?v=1790331580,kg,,,
chiba-3020622-cycling,,,,,,,,,黑色,,,L,,,,,3020622-BLACK-L,0.0,shopify,2,continue,manual,900.00,,true,true,,,,,,,,,,,,https://cdn.shopify.com/s/files/1/1015/5950/1113/files/cycling__3020622__8283060a15aa8d29__3020622_10_1.jpg?v=1790331580,kg,,,
chiba-3020622-cycling,,,,,,,,,黑色,,,XL,,,,,3020622-BLACK-XL,0.0,shopify,2,continue,manual,900.00,,true,true,,,,,,,,,,,,https://cdn.shopify.com/s/files/1/1015/5950/1113/files/cycling__3020622__8283060a15aa8d29__3020622_10_1.jpg?v=1790331580,kg,,,
chiba-3020622-cycling,,,,,,,,,黑色,,,XXL,,,,,3020622-BLACK-XXL,0.0,shopify,2,continue,manual,900.00,,true,true,,,,,,,,,,,,https://cdn.shopify.com/s/files/1/1015/5950/1113/files/cycling__3020622__8283060a15aa8d29__3020622_10_1.jpg?v=1790331580,kg,,,
chiba-3020622-cycling,,,,,,,,,深灰色,,,XS,,,,,3020622-DK.GREY-XS,0.0,shopify,2,continue,manual,900.00,,true,true,,,,,,,,,,,,https://cdn.shopify.com/s/files/1/1015/5950/1113/files/cycling__3020622__2fd599edf8577fd3__3020622_19_02.jpg?v=1790331581,kg,,,
chiba-3020622-cycling,,,,,,,,,深灰色,,,S,,,,,3020622-DK.GREY-S,0.0,shopify,2,continue,manual,900.00,,true,true,,,,,,,,,,,,https://cdn.shopify.com/s/files/1/1015/5950/1113/files/cycling__3020622__2fd599edf8577fd3__3020622_19_02.jpg?v=1790331581,kg,,,
chiba-3020622-cycling,,,,,,,,,深灰色,,,M,,,,,3020622-DK.GREY-M,0.0,shopify,2,continue,manual,900.00,,true,true,,,,,,,,,,,,https://cdn.shopify.com/s/files/1/1015/5950/1113/files/cycling__3020622__2fd599edf8577fd3__3020622_19_02.jpg?v=1790331581,kg,,,
chiba-3020622-cycling,,,,,,,,,深灰色,,,L,,,,,3020622-DK.GREY-L,0.0,shopify,2,continue,manual,900.00,,true,true,,,,,,,,,,,,https://cdn.shopify.com/s/files/1/1015/5950/1113/files/cycling__3020622__2fd599edf8577fd3__3020622_19_02.jpg?v=1790331581,kg,,,
chiba-3020622-cycling,,,,,,,,,深灰色,,,XL,,,,,3020622-DK.GREY-XL,0.0,shopify,2,continue,manual,900.00,,true,true,,,,,,,,,,,,https://cdn.shopify.com/s/files/1/1015/5950/1113/files/cycling__3020622__2fd599edf8577fd3__3020622_19_02.jpg?v=1790331581,kg,,,
chiba-3020622-cycling,,,,,,,,,深灰色,,,XXL,,,,,3020622-DK.GREY-XXL,0.0,shopify,2,continue,manual,900.00,,true,true,,,,,,,,,,,,https://cdn.shopify.com/s/files/1/1015/5950/1113/files/cycling__3020622__2fd599edf8577fd3__3020622_19_02.jpg?v=1790331581,kg,,,
chiba-3020522-cycling,CHIBA ECO Glove Pro 環保專業手套,"<div class=""chiba-product-description"">
  <p><strong>CHIBA ECO Glove Pro 環保專業手套</strong>｜德國百年專業工藝打造。綠色永續騎行先鋒，Econyl® 海洋再生尼龍與天然乳膠減震。</p>
  <ul>
    <li>
<strong>100% Econyl® 海洋廢棄漁網再生尼龍</strong>：回收海洋廢棄塑料提煉高強度綠色紗線，大幅降低碳足跡。</li>
    <li>
<strong>天然純乳膠緩震襯墊</strong>：天然無毒可降解乳膠，提供溫潤回彈與減震保護。</li>
    <li>
<strong>Quick-Pull® 專利秒脫拉環</strong>：指尖專利拉環設計，即使騎乘後滿手汗水也能一秒輕鬆俐落脫下手套。</li>
  </ul>
  <p>
    • <strong>系列材質</strong>：Active Line｜Econyl再生尼龍、麂皮布、乳膠<br>
    • <strong>洗滌保養</strong>：支援 30°C 溫和水洗，平放陰乾，請勿烘乾。
  </p>
</div>",CHIBA GLOVES GERMANY,,cycling,"Active Line, cycling",true,顏色,海軍藍,,尺寸,XS,,,,,3020522-NAVY-XS,0.0,shopify,2,continue,manual,1240.00,,true,true,,,,,,https://cdn.shopify.com/s/files/1/1015/5950/1113/files/cycling__3020522__7f6cc80afc72d33b__3020522_07_1.jpg?v=1790331577,1,CHIBA ECO Glove Pro 環保專業手套 海軍藍,false,CHIBA ECO Glove Pro 環保專業手套｜德國百年專業自行車手套,德國百年品牌 CHIBA 台灣官方直營：CHIBA ECO Glove Pro 環保專業手套。回收海洋廢棄塑料提煉高強度綠色紗線，大幅降低碳足跡。台灣零售價現貨供應，德國原裝進口品質保證。,https://cdn.shopify.com/s/files/1/1015/5950/1113/files/cycling__3020522__7f6cc80afc72d33b__3020522_07_1.jpg?v=1790331577,kg,,,active
chiba-3020522-cycling,,,,,,,,,海軍藍,,,S,,,,,3020522-NAVY-S,0.0,shopify,2,continue,manual,1240.00,,true,true,,,,,,https://cdn.shopify.com/s/files/1/1015/5950/1113/files/cycling__3020522__591083df9915f180__3020522_07_2.jpg?v=1790331577,2,CHIBA ECO Glove Pro 環保專業手套 海軍藍,,,,https://cdn.shopify.com/s/files/1/1015/5950/1113/files/cycling__3020522__7f6cc80afc72d33b__3020522_07_1.jpg?v=1790331577,kg,,,
chiba-3020522-cycling,,,,,,,,,海軍藍,,,M,,,,,3020522-NAVY-M,0.0,shopify,2,continue,manual,1240.00,,true,true,,,,,,https://cdn.shopify.com/s/files/1/1015/5950/1113/files/cycling__3020522__58e50083033ec22f__3020522_10_1.jpg?v=1790331577,3,CHIBA ECO Glove Pro 環保專業手套 黑色,,,,https://cdn.shopify.com/s/files/1/1015/5950/1113/files/cycling__3020522__7f6cc80afc72d33b__3020522_07_1.jpg?v=1790331577,kg,,,
chiba-3020522-cycling,,,,,,,,,海軍藍,,,L,,,,,3020522-NAVY-L,0.0,shopify,2,continue,manual,1240.00,,true,true,,,,,,https://cdn.shopify.com/s/files/1/1015/5950/1113/files/cycling__3020522__c64b086a79ce4524__3020522_10_2.jpg?v=1790331577,4,CHIBA ECO Glove Pro 環保專業手套 黑色,,,,https://cdn.shopify.com/s/files/1/1015/5950/1113/files/cycling__3020522__7f6cc80afc72d33b__3020522_07_1.jpg?v=1790331577,kg,,,
chiba-3020522-cycling,,,,,,,,,海軍藍,,,XL,,,,,3020522-NAVY-XL,0.0,shopify,2,continue,manual,1240.00,,true,true,,,,,,https://cdn.shopify.com/s/files/1/1015/5950/1113/files/cycling__3020522__48f5a7409f1c0f49__3020522_11_1.jpg?v=1790331577,5,CHIBA ECO Glove Pro 環保專業手套 淺藍色,,,,https://cdn.shopify.com/s/files/1/1015/5950/1113/files/cycling__3020522__7f6cc80afc72d33b__3020522_07_1.jpg?v=1790331577,kg,,,
chiba-3020522-cycling,,,,,,,,,海軍藍,,,XXL,,,,,3020522-NAVY-XXL,0.0,shopify,2,continue,manual,1240.00,,true,true,,,,,,https://cdn.shopify.com/s/files/1/1015/5950/1113/files/cycling__3020522__dc61c948ff32a90d__3020522_11_2.jpg?v=1790331577,6,CHIBA ECO Glove Pro 環保專業手套 淺藍色,,,,https://cdn.shopify.com/s/files/1/1015/5950/1113/files/cycling__3020522__7f6cc80afc72d33b__3020522_07_1.jpg?v=1790331577,kg,,,
chiba-3020522-cycling,,,,,,,,,黑色,,,XS,,,,,3020522-BLACK-XS,0.0,shopify,2,continue,manual,1240.00,,true,true,,,,,,https://cdn.shopify.com/s/files/1/1015/5950/1113/files/cycling__3020522__a356f497ca3785a3__3020522_19_1.jpg?v=1790331577,7,CHIBA ECO Glove Pro 環保專業手套 深灰色,,,,https://cdn.shopify.com/s/files/1/1015/5950/1113/files/cycling__3020522__58e50083033ec22f__3020522_10_1.jpg?v=1790331577,kg,,,
chiba-3020522-cycling,,,,,,,,,黑色,,,S,,,,,3020522-BLACK-S,0.0,shopify,2,continue,manual,1240.00,,true,true,,,,,,https://cdn.shopify.com/s/files/1/1015/5950/1113/files/cycling__3020522__a8ef9812376bf0d1__3020522_19_2.jpg?v=1790331577,8,CHIBA ECO Glove Pro 環保專業手套 深灰色,,,,https://cdn.shopify.com/s/files/1/1015/5950/1113/files/cycling__3020522__58e50083033ec22f__3020522_10_1.jpg?v=1790331577,kg,,,
chiba-3020522-cycling,,,,,,,,,黑色,,,M,,,,,3020522-BLACK-M,0.0,shopify,2,continue,manual,1240.00,,true,true,,,,,,https://cdn.shopify.com/s/files/1/1015/5950/1113/files/cycling__3020522__4a7f1f3729665c09__3020522_20-1_1.jpg?v=1790331578,9,CHIBA ECO Glove Pro 環保專業手套 橄欖綠,,,,https://cdn.shopify.com/s/files/1/1015/5950/1113/files/cycling__3020522__58e50083033ec22f__3020522_10_1.jpg?v=1790331577,kg,,,
chiba-3020522-cycling,,,,,,,,,黑色,,,L,,,,,3020522-BLACK-L,0.0,shopify,2,continue,manual,1240.00,,true,true,,,,,,https://cdn.shopify.com/s/files/1/1015/5950/1113/files/cycling__3020522__0a5b872a5761f949__3020522_20-1_2.jpg?v=1790331577,10,CHIBA ECO Glove Pro 環保專業手套 橄欖綠,,,,https://cdn.shopify.com/s/files/1/1015/5950/1113/files/cycling__3020522__58e50083033ec22f__3020522_10_1.jpg?v=1790331577,kg,,,
chiba-3020522-cycling,,,,,,,,,黑色,,,XL,,,,,3020522-BLACK-XL,0.0,shopify,2,continue,manual,1240.00,,true,true,,,,,,https://cdn.shopify.com/s/files/1/1015/5950/1113/files/cycling__3020522__df47e2fa50dec6a7__3020522_29_1.jpg?v=1790331577,11,CHIBA ECO Glove Pro 環保專業手套 玫瑰粉,,,,https://cdn.shopify.com/s/files/1/1015/5950/1113/files/cycling__3020522__58e50083033ec22f__3020522_10_1.jpg?v=1790331577,kg,,,
chiba-3020522-cycling,,,,,,,,,黑色,,,XXL,,,,,3020522-BLACK-XXL,0.0,shopify,2,continue,manual,1240.00,,true,true,,,,,,https://cdn.shopify.com/s/files/1/1015/5950/1113/files/cycling__3020522__9b393c7e549e9347__3020522_29_2.jpg?v=1790331577,12,CHIBA ECO Glove Pro 環保專業手套 玫瑰粉,,,,https://cdn.shopify.com/s/files/1/1015/5950/1113/files/cycling__3020522__58e50083033ec22f__3020522_10_1.jpg?v=1790331577,kg,,,
chiba-3020522-cycling,,,,,,,,,淺藍色,,,XS,,,,,3020522-LT.BLUE-XS,0.0,shopify,2,continue,manual,1240.00,,true,true,,,,,,,,,,,,https://cdn.shopify.com/s/files/1/1015/5950/1113/files/cycling__3020522__48f5a7409f1c0f49__3020522_11_1.jpg?v=1790331577,kg,,,
chiba-3020522-cycling,,,,,,,,,淺藍色,,,S,,,,,3020522-LT.BLUE-S,0.0,shopify,2,continue,manual,1240.00,,true,true,,,,,,,,,,,,https://cdn.shopify.com/s/files/1/1015/5950/1113/files/cycling__3020522__48f5a7409f1c0f49__3020522_11_1.jpg?v=1790331577,kg,,,
chiba-3020522-cycling,,,,,,,,,淺藍色,,,M,,,,,3020522-LT.BLUE-M,0.0,shopify,2,continue,manual,1240.00,,true,true,,,,,,,,,,,,https://cdn.shopify.com/s/files/1/1015/5950/1113/files/cycling__3020522__48f5a7409f1c0f49__3020522_11_1.jpg?v=1790331577,kg,,,
chiba-3020522-cycling,,,,,,,,,淺藍色,,,L,,,,,3020522-LT.BLUE-L,0.0,shopify,2,continue,manual,1240.00,,true,true,,,,,,,,,,,,https://cdn.shopify.com/s/files/1/1015/5950/1113/files/cycling__3020522__48f5a7409f1c0f49__3020522_11_1.jpg?v=1790331577,kg,,,
chiba-3020522-cycling,,,,,,,,,淺藍色,,,XL,,,,,3020522-LT.BLUE-XL,0.0,shopify,2,continue,manual,1240.00,,true,true,,,,,,,,,,,,https://cdn.shopify.com/s/files/1/1015/5950/1113/files/cycling__3020522__48f5a7409f1c0f49__3020522_11_1.jpg?v=1790331577,kg,,,
chiba-3020522-cycling,,,,,,,,,淺藍色,,,XXL,,,,,3020522-LT.BLUE-XXL,0.0,shopify,2,continue,manual,1240.00,,true,true,,,,,,,,,,,,https://cdn.shopify.com/s/files/1/1015/5950/1113/files/cycling__3020522__48f5a7409f1c0f49__3020522_11_1.jpg?v=1790331577,kg,,,
chiba-3020522-cycling,,,,,,,,,深灰色,,,XS,,,,,3020522-DK.GREY-XS,0.0,shopify,2,continue,manual,1240.00,,true,true,,,,,,,,,,,,https://cdn.shopify.com/s/files/1/1015/5950/1113/files/cycling__3020522__a356f497ca3785a3__3020522_19_1.jpg?v=1790331577,kg,,,
chiba-3020522-cycling,,,,,,,,,深灰色,,,S,,,,,3020522-DK.GREY-S,0.0,shopify,2,continue,manual,1240.00,,true,true,,,,,,,,,,,,https://cdn.shopify.com/s/files/1/1015/5950/1113/files/cycling__3020522__a356f497ca3785a3__3020522_19_1.jpg?v=1790331577,kg,,,
chiba-3020522-cycling,,,,,,,,,深灰色,,,M,,,,,3020522-DK.GREY-M,0.0,shopify,2,continue,manual,1240.00,,true,true,,,,,,,,,,,,https://cdn.shopify.com/s/files/1/1015/5950/1113/files/cycling__3020522__a356f497ca3785a3__3020522_19_1.jpg?v=1790331577,kg,,,
chiba-3020522-cycling,,,,,,,,,深灰色,,,L,,,,,3020522-DK.GREY-L,0.0,shopify,2,continue,manual,1240.00,,true,true,,,,,,,,,,,,https://cdn.shopify.com/s/files/1/1015/5950/1113/files/cycling__3020522__a356f497ca3785a3__3020522_19_1.jpg?v=1790331577,kg,,,
chiba-3020522-cycling,,,,,,,,,深灰色,,,XL,,,,,3020522-DK.GREY-XL,0.0,shopify,2,continue,manual,1240.00,,true,true,,,,,,,,,,,,https://cdn.shopify.com/s/files/1/1015/5950/1113/files/cycling__3020522__a356f497ca3785a3__3020522_19_1.jpg?v=1790331577,kg,,,
chiba-3020522-cycling,,,,,,,,,深灰色,,,XXL,,,,,3020522-DK.GREY-XXL,0.0,shopify,2,continue,manual,1240.00,,true,true,,,,,,,,,,,,https://cdn.shopify.com/s/files/1/1015/5950/1113/files/cycling__3020522__a356f497ca3785a3__3020522_19_1.jpg?v=1790331577,kg,,,
chiba-3020522-cycling,,,,,,,,,橄欖綠,,,XS,,,,,3020522-OLIVE-XS,0.0,shopify,2,continue,manual,1240.00,,true,true,,,,,,,,,,,,https://cdn.shopify.com/s/files/1/1015/5950/1113/files/cycling__3020522__4a7f1f3729665c09__3020522_20-1_1.jpg?v=1790331578,kg,,,
chiba-3020522-cycling,,,,,,,,,橄欖綠,,,S,,,,,3020522-OLIVE-S,0.0,shopify,2,continue,manual,1240.00,,true,true,,,,,,,,,,,,https://cdn.shopify.com/s/files/1/1015/5950/1113/files/cycling__3020522__4a7f1f3729665c09__3020522_20-1_1.jpg?v=1790331578,kg,,,
chiba-3020522-cycling,,,,,,,,,橄欖綠,,,M,,,,,3020522-OLIVE-M,0.0,shopify,2,continue,manual,1240.00,,true,true,,,,,,,,,,,,https://cdn.shopify.com/s/files/1/1015/5950/1113/files/cycling__3020522__4a7f1f3729665c09__3020522_20-1_1.jpg?v=1790331578,kg,,,
chiba-3020522-cycling,,,,,,,,,橄欖綠,,,L,,,,,3020522-OLIVE-L,0.0,shopify,2,continue,manual,1240.00,,true,true,,,,,,,,,,,,https://cdn.shopify.com/s/files/1/1015/5950/1113/files/cycling__3020522__4a7f1f3729665c09__3020522_20-1_1.jpg?v=1790331578,kg,,,
chiba-3020522-cycling,,,,,,,,,橄欖綠,,,XL,,,,,3020522-OLIVE-XL,0.0,shopify,2,continue,manual,1240.00,,true,true,,,,,,,,,,,,https://cdn.shopify.com/s/files/1/1015/5950/1113/files/cycling__3020522__4a7f1f3729665c09__3020522_20-1_1.jpg?v=1790331578,kg,,,
chiba-3020522-cycling,,,,,,,,,橄欖綠,,,XXL,,,,,3020522-OLIVE-XXL,0.0,shopify,2,continue,manual,1240.00,,true,true,,,,,,,,,,,,https://cdn.shopify.com/s/files/1/1015/5950/1113/files/cycling__3020522__4a7f1f3729665c09__3020522_20-1_1.jpg?v=1790331578,kg,,,
chiba-3020522-cycling,,,,,,,,,玫瑰粉,,,XS,,,,,3020522-ROSA-XS,0.0,shopify,2,continue,manual,1240.00,,true,true,,,,,,,,,,,,https://cdn.shopify.com/s/files/1/1015/5950/1113/files/cycling__3020522__df47e2fa50dec6a7__3020522_29_1.jpg?v=1790331577,kg,,,
chiba-3020522-cycling,,,,,,,,,玫瑰粉,,,S,,,,,3020522-ROSA-S,0.0,shopify,2,continue,manual,1240.00,,true,true,,,,,,,,,,,,https://cdn.shopify.com/s/files/1/1015/5950/1113/files/cycling__3020522__df47e2fa50dec6a7__3020522_29_1.jpg?v=1790331577,kg,,,
chiba-3020522-cycling,,,,,,,,,玫瑰粉,,,M,,,,,3020522-ROSA-M,0.0,shopify,2,continue,manual,1240.00,,true,true,,,,,,,,,,,,https://cdn.shopify.com/s/files/1/1015/5950/1113/files/cycling__3020522__df47e2fa50dec6a7__3020522_29_1.jpg?v=1790331577,kg,,,
chiba-3020522-cycling,,,,,,,,,玫瑰粉,,,L,,,,,3020522-ROSA-L,0.0,shopify,2,continue,manual,1240.00,,true,true,,,,,,,,,,,,https://cdn.shopify.com/s/files/1/1015/5950/1113/files/cycling__3020522__df47e2fa50dec6a7__3020522_29_1.jpg?v=1790331577,kg,,,
chiba-3020522-cycling,,,,,,,,,玫瑰粉,,,XL,,,,,3020522-ROSA-XL,0.0,shopify,2,continue,manual,1240.00,,true,true,,,,,,,,,,,,https://cdn.shopify.com/s/files/1/1015/5950/1113/files/cycling__3020522__df47e2fa50dec6a7__3020522_29_1.jpg?v=1790331577,kg,,,
chiba-3020522-cycling,,,,,,,,,玫瑰粉,,,XXL,,,,,3020522-ROSA-XXL,0.0,shopify,2,continue,manual,1240.00,,true,true,,,,,,,,,,,,https://cdn.shopify.com/s/files/1/1015/5950/1113/files/cycling__3020522__df47e2fa50dec6a7__3020522_29_1.jpg?v=1790331577,kg,,,
chiba-3020426-cycling,CHIBA Comfort 舒適款,"<div class=""chiba-product-description"">
  <p><strong>CHIBA Comfort 舒適款</strong>｜德國百年專業工藝打造。輕巧耐用全能百搭，細格紋抗撕裂布與 Clarino 耐磨掌心。</p>
  <ul>
    <li>
<strong>抗撕裂微細格紋布料</strong>：手背高強度耐磨防刮，日常使用經久耐穿。</li>
    <li>
<strong>Clarino 人造皮革手掌</strong>：柔軟防滑，耐磨抗撕裂。</li>
    <li>
<strong>Quick-Pull® 專利秒脫拉環</strong>：指尖專利拉環設計，即使騎乘後滿手汗水也能一秒輕鬆俐落脫下手套。</li>
  </ul>
  <p>
    • <strong>系列材質</strong>：Active Line｜細格紋布、Clarino人造皮<br>
    • <strong>洗滌保養</strong>：支援 30°C 溫和水洗，平放陰乾，請勿烘乾。
  </p>
</div>",CHIBA GLOVES GERMANY,,cycling,"Active Line, cycling",true,顏色,白色,,尺寸,XS,,,,,3020426-WHITE-XS,0.0,shopify,2,continue,manual,790.00,,true,true,,,,,,https://cdn.shopify.com/s/files/1/1015/5950/1113/files/cycling__3020426__9903592e6d120a4e__3020426_01_1.jpg?v=1790331574,1,CHIBA Comfort 舒適款 白色,false,CHIBA Comfort 舒適款｜德國百年專業自行車手套,德國百年品牌 CHIBA 台灣官方直營：CHIBA Comfort 舒適款。手背高強度耐磨防刮，日常使用經久耐穿。台灣零售價現貨供應，德國原裝進口品質保證。,https://cdn.shopify.com/s/files/1/1015/5950/1113/files/cycling__3020426__9903592e6d120a4e__3020426_01_1.jpg?v=1790331574,kg,,,active
chiba-3020426-cycling,,,,,,,,,白色,,,S,,,,,3020426-WHITE-S,0.0,shopify,2,continue,manual,790.00,,true,true,,,,,,https://cdn.shopify.com/s/files/1/1015/5950/1113/files/cycling__3020426__18382942fb0fc2bf__3020426_01_2.jpg?v=1790331574,2,CHIBA Comfort 舒適款 白色,,,,https://cdn.shopify.com/s/files/1/1015/5950/1113/files/cycling__3020426__9903592e6d120a4e__3020426_01_1.jpg?v=1790331574,kg,,,
chiba-3020426-cycling,,,,,,,,,白色,,,M,,,,,3020426-WHITE-M,0.0,shopify,2,continue,manual,790.00,,true,true,,,,,,https://cdn.shopify.com/s/files/1/1015/5950/1113/files/cycling__3020426__2b416c3ef2190d2d__3020426_04_1.jpg?v=1790331574,3,CHIBA Comfort 舒適款 紅色,,,,https://cdn.shopify.com/s/files/1/1015/5950/1113/files/cycling__3020426__9903592e6d120a4e__3020426_01_1.jpg?v=1790331574,kg,,,
chiba-3020426-cycling,,,,,,,,,白色,,,L,,,,,3020426-WHITE-L,0.0,shopify,2,continue,manual,790.00,,true,true,,,,,,https://cdn.shopify.com/s/files/1/1015/5950/1113/files/cycling__3020426__b3b80cee4cf05b65__3020426_04_2.jpg?v=1790331574,4,CHIBA Comfort 舒適款 紅色,,,,https://cdn.shopify.com/s/files/1/1015/5950/1113/files/cycling__3020426__9903592e6d120a4e__3020426_01_1.jpg?v=1790331574,kg,,,
chiba-3020426-cycling,,,,,,,,,白色,,,XL,,,,,3020426-WHITE-XL,0.0,shopify,2,continue,manual,790.00,,true,true,,,,,,https://cdn.shopify.com/s/files/1/1015/5950/1113/files/cycling__3020426__36e3641e80bffe0f__3020426_06_1.jpg?v=1790331574,5,CHIBA Comfort 舒適款 寶藍色,,,,https://cdn.shopify.com/s/files/1/1015/5950/1113/files/cycling__3020426__9903592e6d120a4e__3020426_01_1.jpg?v=1790331574,kg,,,
chiba-3020426-cycling,,,,,,,,,白色,,,XXL,,,,,3020426-WHITE-XXL,0.0,shopify,2,continue,manual,790.00,,true,true,,,,,,https://cdn.shopify.com/s/files/1/1015/5950/1113/files/cycling__3020426__90d32b63c93663af__3020426_06_2.jpg?v=1790331574,6,CHIBA Comfort 舒適款 寶藍色,,,,https://cdn.shopify.com/s/files/1/1015/5950/1113/files/cycling__3020426__9903592e6d120a4e__3020426_01_1.jpg?v=1790331574,kg,,,
chiba-3020426-cycling,,,,,,,,,白色,,,3XL,,,,,3020426-WHITE-3XL,0.0,shopify,2,continue,manual,790.00,,true,true,,,,,,https://cdn.shopify.com/s/files/1/1015/5950/1113/files/cycling__3020426__20723bab04981a87__3020426_10_1.jpg?v=1790331574,7,CHIBA Comfort 舒適款 黑色,,,,https://cdn.shopify.com/s/files/1/1015/5950/1113/files/cycling__3020426__9903592e6d120a4e__3020426_01_1.jpg?v=1790331574,kg,,,
chiba-3020426-cycling,,,,,,,,,紅色,,,XS,,,,,3020426-RED-XS,0.0,shopify,2,continue,manual,790.00,,true,true,,,,,,https://cdn.shopify.com/s/files/1/1015/5950/1113/files/cycling__3020426__f3a0aa40848aeb0a__3020426_10_2.jpg?v=1790331574,8,CHIBA Comfort 舒適款 黑色,,,,https://cdn.shopify.com/s/files/1/1015/5950/1113/files/cycling__3020426__2b416c3ef2190d2d__3020426_04_1.jpg?v=1790331574,kg,,,
chiba-3020426-cycling,,,,,,,,,紅色,,,S,,,,,3020426-RED-S,0.0,shopify,2,continue,manual,790.00,,true,true,,,,,,https://cdn.shopify.com/s/files/1/1015/5950/1113/files/cycling__3020426__fd70822ba30923ea__3020426_20-1_1.jpg?v=1790331574,9,CHIBA Comfort 舒適款 橄欖綠,,,,https://cdn.shopify.com/s/files/1/1015/5950/1113/files/cycling__3020426__2b416c3ef2190d2d__3020426_04_1.jpg?v=1790331574,kg,,,
chiba-3020426-cycling,,,,,,,,,紅色,,,M,,,,,3020426-RED-M,0.0,shopify,2,continue,manual,790.00,,true,true,,,,,,https://cdn.shopify.com/s/files/1/1015/5950/1113/files/cycling__3020426__aa51456933b58036__3020426_20-1_2.jpg?v=1790331574,10,CHIBA Comfort 舒適款 橄欖綠,,,,https://cdn.shopify.com/s/files/1/1015/5950/1113/files/cycling__3020426__2b416c3ef2190d2d__3020426_04_1.jpg?v=1790331574,kg,,,
chiba-3020426-cycling,,,,,,,,,紅色,,,L,,,,,3020426-RED-L,0.0,shopify,2,continue,manual,790.00,,true,true,,,,,,,,,,,,https://cdn.shopify.com/s/files/1/1015/5950/1113/files/cycling__3020426__2b416c3ef2190d2d__3020426_04_1.jpg?v=1790331574,kg,,,
chiba-3020426-cycling,,,,,,,,,紅色,,,XL,,,,,3020426-RED-XL,0.0,shopify,2,continue,manual,790.00,,true,true,,,,,,,,,,,,https://cdn.shopify.com/s/files/1/1015/5950/1113/files/cycling__3020426__2b416c3ef2190d2d__3020426_04_1.jpg?v=1790331574,kg,,,
chiba-3020426-cycling,,,,,,,,,紅色,,,XXL,,,,,3020426-RED-XXL,0.0,shopify,2,continue,manual,790.00,,true,true,,,,,,,,,,,,https://cdn.shopify.com/s/files/1/1015/5950/1113/files/cycling__3020426__2b416c3ef2190d2d__3020426_04_1.jpg?v=1790331574,kg,,,
chiba-3020426-cycling,,,,,,,,,紅色,,,3XL,,,,,3020426-RED-3XL,0.0,shopify,2,continue,manual,790.00,,true,true,,,,,,,,,,,,https://cdn.shopify.com/s/files/1/1015/5950/1113/files/cycling__3020426__2b416c3ef2190d2d__3020426_04_1.jpg?v=1790331574,kg,,,
chiba-3020426-cycling,,,,,,,,,寶藍色,,,XS,,,,,3020426-ROYAL-XS,0.0,shopify,2,continue,manual,790.00,,true,true,,,,,,,,,,,,https://cdn.shopify.com/s/files/1/1015/5950/1113/files/cycling__3020426__36e3641e80bffe0f__3020426_06_1.jpg?v=1790331574,kg,,,
chiba-3020426-cycling,,,,,,,,,寶藍色,,,S,,,,,3020426-ROYAL-S,0.0,shopify,2,continue,manual,790.00,,true,true,,,,,,,,,,,,https://cdn.shopify.com/s/files/1/1015/5950/1113/files/cycling__3020426__36e3641e80bffe0f__3020426_06_1.jpg?v=1790331574,kg,,,
chiba-3020426-cycling,,,,,,,,,寶藍色,,,M,,,,,3020426-ROYAL-M,0.0,shopify,2,continue,manual,790.00,,true,true,,,,,,,,,,,,https://cdn.shopify.com/s/files/1/1015/5950/1113/files/cycling__3020426__36e3641e80bffe0f__3020426_06_1.jpg?v=1790331574,kg,,,
chiba-3020426-cycling,,,,,,,,,寶藍色,,,L,,,,,3020426-ROYAL-L,0.0,shopify,2,continue,manual,790.00,,true,true,,,,,,,,,,,,https://cdn.shopify.com/s/files/1/1015/5950/1113/files/cycling__3020426__36e3641e80bffe0f__3020426_06_1.jpg?v=1790331574,kg,,,
chiba-3020426-cycling,,,,,,,,,寶藍色,,,XL,,,,,3020426-ROYAL-XL,0.0,shopify,2,continue,manual,790.00,,true,true,,,,,,,,,,,,https://cdn.shopify.com/s/files/1/1015/5950/1113/files/cycling__3020426__36e3641e80bffe0f__3020426_06_1.jpg?v=1790331574,kg,,,
chiba-3020426-cycling,,,,,,,,,寶藍色,,,XXL,,,,,3020426-ROYAL-XXL,0.0,shopify,2,continue,manual,790.00,,true,true,,,,,,,,,,,,https://cdn.shopify.com/s/files/1/1015/5950/1113/files/cycling__3020426__36e3641e80bffe0f__3020426_06_1.jpg?v=1790331574,kg,,,
chiba-3020426-cycling,,,,,,,,,寶藍色,,,3XL,,,,,3020426-ROYAL-3XL,0.0,shopify,2,continue,manual,790.00,,true,true,,,,,,,,,,,,https://cdn.shopify.com/s/files/1/1015/5950/1113/files/cycling__3020426__36e3641e80bffe0f__3020426_06_1.jpg?v=1790331574,kg,,,
chiba-3020426-cycling,,,,,,,,,黑色,,,XS,,,,,3020426-BLACK-XS,0.0,shopify,2,continue,manual,790.00,,true,true,,,,,,,,,,,,https://cdn.shopify.com/s/files/1/1015/5950/1113/files/cycling__3020426__20723bab04981a87__3020426_10_1.jpg?v=1790331574,kg,,,
chiba-3020426-cycling,,,,,,,,,黑色,,,S,,,,,3020426-BLACK-S,0.0,shopify,2,continue,manual,790.00,,true,true,,,,,,,,,,,,https://cdn.shopify.com/s/files/1/1015/5950/1113/files/cycling__3020426__20723bab04981a87__3020426_10_1.jpg?v=1790331574,kg,,,
chiba-3020426-cycling,,,,,,,,,黑色,,,M,,,,,3020426-BLACK-M,0.0,shopify,2,continue,manual,790.00,,true,true,,,,,,,,,,,,https://cdn.shopify.com/s/files/1/1015/5950/1113/files/cycling__3020426__20723bab04981a87__3020426_10_1.jpg?v=1790331574,kg,,,
chiba-3020426-cycling,,,,,,,,,黑色,,,L,,,,,3020426-BLACK-L,0.0,shopify,2,continue,manual,790.00,,true,true,,,,,,,,,,,,https://cdn.shopify.com/s/files/1/1015/5950/1113/files/cycling__3020426__20723bab04981a87__3020426_10_1.jpg?v=1790331574,kg,,,
chiba-3020426-cycling,,,,,,,,,黑色,,,XL,,,,,3020426-BLACK-XL,0.0,shopify,2,continue,manual,790.00,,true,true,,,,,,,,,,,,https://cdn.shopify.com/s/files/1/1015/5950/1113/files/cycling__3020426__20723bab04981a87__3020426_10_1.jpg?v=1790331574,kg,,,
chiba-3020426-cycling,,,,,,,,,黑色,,,XXL,,,,,3020426-BLACK-XXL,0.0,shopify,2,continue,manual,790.00,,true,true,,,,,,,,,,,,https://cdn.shopify.com/s/files/1/1015/5950/1113/files/cycling__3020426__20723bab04981a87__3020426_10_1.jpg?v=1790331574,kg,,,
chiba-3020426-cycling,,,,,,,,,黑色,,,3XL,,,,,3020426-BLACK-3XL,0.0,shopify,2,continue,manual,790.00,,true,true,,,,,,,,,,,,https://cdn.shopify.com/s/files/1/1015/5950/1113/files/cycling__3020426__20723bab04981a87__3020426_10_1.jpg?v=1790331574,kg,,,
chiba-3020426-cycling,,,,,,,,,橄欖綠,,,XS,,,,,3020426-OLIVE-XS,0.0,shopify,2,continue,manual,790.00,,true,true,,,,,,,,,,,,https://cdn.shopify.com/s/files/1/1015/5950/1113/files/cycling__3020426__fd70822ba30923ea__3020426_20-1_1.jpg?v=1790331574,kg,,,
chiba-3020426-cycling,,,,,,,,,橄欖綠,,,S,,,,,3020426-OLIVE-S,0.0,shopify,2,continue,manual,790.00,,true,true,,,,,,,,,,,,https://cdn.shopify.com/s/files/1/1015/5950/1113/files/cycling__3020426__fd70822ba30923ea__3020426_20-1_1.jpg?v=1790331574,kg,,,
chiba-3020426-cycling,,,,,,,,,橄欖綠,,,M,,,,,3020426-OLIVE-M,0.0,shopify,2,continue,manual,790.00,,true,true,,,,,,,,,,,,https://cdn.shopify.com/s/files/1/1015/5950/1113/files/cycling__3020426__fd70822ba30923ea__3020426_20-1_1.jpg?v=1790331574,kg,,,
chiba-3020426-cycling,,,,,,,,,橄欖綠,,,L,,,,,3020426-OLIVE-L,0.0,shopify,2,continue,manual,790.00,,true,true,,,,,,,,,,,,https://cdn.shopify.com/s/files/1/1015/5950/1113/files/cycling__3020426__fd70822ba30923ea__3020426_20-1_1.jpg?v=1790331574,kg,,,
chiba-3020426-cycling,,,,,,,,,橄欖綠,,,XL,,,,,3020426-OLIVE-XL,0.0,shopify,2,continue,manual,790.00,,true,true,,,,,,,,,,,,https://cdn.shopify.com/s/files/1/1015/5950/1113/files/cycling__3020426__fd70822ba30923ea__3020426_20-1_1.jpg?v=1790331574,kg,,,
chiba-3020426-cycling,,,,,,,,,橄欖綠,,,XXL,,,,,3020426-OLIVE-XXL,0.0,shopify,2,continue,manual,790.00,,true,true,,,,,,,,,,,,https://cdn.shopify.com/s/files/1/1015/5950/1113/files/cycling__3020426__fd70822ba30923ea__3020426_20-1_1.jpg?v=1790331574,kg,,,
chiba-3020426-cycling,,,,,,,,,橄欖綠,,,3XL,,,,,3020426-OLIVE-3XL,0.0,shopify,2,continue,manual,790.00,,true,true,,,,,,,,,,,,https://cdn.shopify.com/s/files/1/1015/5950/1113/files/cycling__3020426__fd70822ba30923ea__3020426_20-1_1.jpg?v=1790331574,kg,,,
chiba-3020326-cycling,CHIBA Air Master 透氣大師款,"<div class=""chiba-product-description"">
  <p><strong>CHIBA Air Master 透氣大師款</strong>｜德國百年專業工藝打造。親民高 CP 值首選，針織彈性頂布與慢回彈記憶軟墊。</p>
  <ul>
    <li>
<strong>慢回彈記憶減震軟墊</strong>：受壓後緩慢均勻形變貼合掌心，提供穩定支撐與減震緩衝。</li>
    <li>
<strong>彈性透氣針織手背</strong>：親膚柔軟彈性極佳，適合各類手型日常舒適穿戴。</li>
    <li>
<strong>Quick-Pull® 專利秒脫拉環</strong>：指尖專利拉環設計，即使騎乘後滿手汗水也能一秒輕鬆俐落脫下手套。</li>
  </ul>
  <p>
    • <strong>系列材質</strong>：Active Line｜針織頂布、Verde面料、記憶軟墊<br>
    • <strong>洗滌保養</strong>：支援 30°C 溫和水洗，平放陰乾，請勿烘乾。
  </p>
</div>",CHIBA GLOVES GERMANY,,cycling,"Active Line, cycling",true,顏色,黑色,,尺寸,XS,,,,,3020326-BLACK-XS,0.0,shopify,2,continue,manual,700.00,,true,true,,,,,,https://cdn.shopify.com/s/files/1/1015/5950/1113/files/cycling__3020326__6b279b96732095bd__3020326_10_1.jpg?v=1790331572,1,CHIBA Air Master 透氣大師款 黑色,false,CHIBA Air Master 透氣大師款｜德國百年專業自行車手套,德國百年品牌 CHIBA 台灣官方直營：CHIBA Air Master 透氣大師款。受壓後緩慢均勻形變貼合掌心，提供穩定支撐與減震緩衝。台灣零售價現貨供應，德國原裝進口品質保證。,https://cdn.shopify.com/s/files/1/1015/5950/1113/files/cycling__3020326__6b279b96732095bd__3020326_10_1.jpg?v=1790331572,kg,,,active
chiba-3020326-cycling,,,,,,,,,黑色,,,S,,,,,3020326-BLACK-S,0.0,shopify,2,continue,manual,700.00,,true,true,,,,,,https://cdn.shopify.com/s/files/1/1015/5950/1113/files/cycling__3020326__e69f46ce865a8a84__3020326_10_2.jpg?v=1790331572,2,CHIBA Air Master 透氣大師款 黑色,,,,https://cdn.shopify.com/s/files/1/1015/5950/1113/files/cycling__3020326__6b279b96732095bd__3020326_10_1.jpg?v=1790331572,kg,,,
chiba-3020326-cycling,,,,,,,,,黑色,,,M,,,,,3020326-BLACK-M,0.0,shopify,2,continue,manual,700.00,,true,true,,,,,,,,,,,,https://cdn.shopify.com/s/files/1/1015/5950/1113/files/cycling__3020326__6b279b96732095bd__3020326_10_1.jpg?v=1790331572,kg,,,
chiba-3020326-cycling,,,,,,,,,黑色,,,L,,,,,3020326-BLACK-L,0.0,shopify,2,continue,manual,700.00,,true,true,,,,,,,,,,,,https://cdn.shopify.com/s/files/1/1015/5950/1113/files/cycling__3020326__6b279b96732095bd__3020326_10_1.jpg?v=1790331572,kg,,,
chiba-3020326-cycling,,,,,,,,,黑色,,,XL,,,,,3020326-BLACK-XL,0.0,shopify,2,continue,manual,700.00,,true,true,,,,,,,,,,,,https://cdn.shopify.com/s/files/1/1015/5950/1113/files/cycling__3020326__6b279b96732095bd__3020326_10_1.jpg?v=1790331572,kg,,,
chiba-3020326-cycling,,,,,,,,,黑色,,,XXL,,,,,3020326-BLACK-XXL,0.0,shopify,2,continue,manual,700.00,,true,true,,,,,,,,,,,,https://cdn.shopify.com/s/files/1/1015/5950/1113/files/cycling__3020326__6b279b96732095bd__3020326_10_1.jpg?v=1790331572,kg,,,
chiba-3020224-cycling,CHIBA Pure Nature 天然純粹款,"<div class=""chiba-product-description"">
  <p><strong>CHIBA Pure Nature 天然純粹款</strong>｜德國百年專業工藝打造。復古紳士優雅騎行，純天然純棉手織鉤花手背與奢華真皮掌心。</p>
  <ul>
    <li>
<strong>純手工純棉鉤織手背</strong>：傳承百年古典手織棉線網孔工藝，天然透氣吸汗。</li>
    <li>
<strong>100% 奢華天然真皮掌面</strong>：嚴選頂級柔軟真皮，具備絕佳親膚透氣性。</li>
    <li>
<strong>Quick-Pull® 專利秒脫拉環</strong>：指尖專利拉環設計，即使騎乘後滿手汗水也能一秒輕鬆俐落脫下手套。</li>
  </ul>
  <p>
    • <strong>系列材質</strong>：Active Line｜棉質鉤織、真皮<br>
    • <strong>洗滌保養</strong>：支援 30°C 溫和水洗，平放陰乾，請勿烘乾。
  </p>
</div>",CHIBA GLOVES GERMANY,,cycling,"Active Line, cycling",true,顏色,米配黑色,,尺寸,XS,,,,,3020224-BEIGEBLACK-XS,0.0,shopify,2,continue,manual,1120.00,,true,true,,,,,,https://cdn.shopify.com/s/files/1/1015/5950/1113/files/cycling__3020224__ba072181e7d3c754__3020224_0210_1.jpg?v=1790331570,1,CHIBA Pure Nature 天然純粹款 米配黑色,false,CHIBA Pure Nature 天然純粹款｜德國百年專業自行車手套,德國百年品牌 CHIBA 台灣官方直營：CHIBA Pure Nature 天然純粹款。傳承百年古典手織棉線網孔工藝，天然透氣吸汗，散發濃郁經典鋼管車復古風采。台灣零售價現貨供應，德國原裝進口品質保證。,https://cdn.shopify.com/s/files/1/1015/5950/1113/files/cycling__3020224__ba072181e7d3c754__3020224_0210_1.jpg?v=1790331570,kg,,,active
chiba-3020224-cycling,,,,,,,,,米配黑色,,,S,,,,,3020224-BEIGEBLACK-S,0.0,shopify,2,continue,manual,1120.00,,true,true,,,,,,https://cdn.shopify.com/s/files/1/1015/5950/1113/files/cycling__3020224__c467fe0055ebe6c0__3020224_0210_2.jpg?v=1790331570,2,CHIBA Pure Nature 天然純粹款 米配黑色,,,,https://cdn.shopify.com/s/files/1/1015/5950/1113/files/cycling__3020224__ba072181e7d3c754__3020224_0210_1.jpg?v=1790331570,kg,,,
chiba-3020224-cycling,,,,,,,,,米配黑色,,,M,,,,,3020224-BEIGEBLACK-M,0.0,shopify,2,continue,manual,1120.00,,true,true,,,,,,https://cdn.shopify.com/s/files/1/1015/5950/1113/files/cycling__3020224__dfb7497c67427ddd__3020224_0222_1.jpg?v=1790331570,3,CHIBA Pure Nature 天然純粹款 米配棕色,,,,https://cdn.shopify.com/s/files/1/1015/5950/1113/files/cycling__3020224__ba072181e7d3c754__3020224_0210_1.jpg?v=1790331570,kg,,,
chiba-3020224-cycling,,,,,,,,,米配黑色,,,L,,,,,3020224-BEIGEBLACK-L,0.0,shopify,2,continue,manual,1120.00,,true,true,,,,,,https://cdn.shopify.com/s/files/1/1015/5950/1113/files/cycling__3020224__0ba7366c0cb559d8__3020224_0222_2.jpg?v=1790331570,4,CHIBA Pure Nature 天然純粹款 米配棕色,,,,https://cdn.shopify.com/s/files/1/1015/5950/1113/files/cycling__3020224__ba072181e7d3c754__3020224_0210_1.jpg?v=1790331570,kg,,,
chiba-3020224-cycling,,,,,,,,,米配黑色,,,XL,,,,,3020224-BEIGEBLACK-XL,0.0,shopify,2,continue,manual,1120.00,,true,true,,,,,,https://cdn.shopify.com/s/files/1/1015/5950/1113/files/cycling__3020224__2d4a7403c0dd57c7__3020224_1010_1.jpg?v=1790331570,5,CHIBA Pure Nature 天然純粹款 極致黑,,,,https://cdn.shopify.com/s/files/1/1015/5950/1113/files/cycling__3020224__ba072181e7d3c754__3020224_0210_1.jpg?v=1790331570,kg,,,
chiba-3020224-cycling,,,,,,,,,米配黑色,,,XXL,,,,,3020224-BEIGEBLACK-XXL,0.0,shopify,2,continue,manual,1120.00,,true,true,,,,,,https://cdn.shopify.com/s/files/1/1015/5950/1113/files/cycling__3020224__268afda292b66f77__3020224_1010_2.jpg?v=1790331570,6,CHIBA Pure Nature 天然純粹款 極致黑,,,,https://cdn.shopify.com/s/files/1/1015/5950/1113/files/cycling__3020224__ba072181e7d3c754__3020224_0210_1.jpg?v=1790331570,kg,,,
chiba-3020224-cycling,,,,,,,,,米配棕色,,,XS,,,,,3020224-BEIGEBROWN-XS,0.0,shopify,2,continue,manual,1120.00,,true,true,,,,,,https://cdn.shopify.com/s/files/1/1015/5950/1113/files/cycling__3020224__f8e616ceeaa2436a__3020224_1807_1.jpg?v=1790331570,7,CHIBA Pure Nature 天然純粹款 綠松石藍配深藍,,,,https://cdn.shopify.com/s/files/1/1015/5950/1113/files/cycling__3020224__dfb7497c67427ddd__3020224_0222_1.jpg?v=1790331570,kg,,,
chiba-3020224-cycling,,,,,,,,,米配棕色,,,S,,,,,3020224-BEIGEBROWN-S,0.0,shopify,2,continue,manual,1120.00,,true,true,,,,,,https://cdn.shopify.com/s/files/1/1015/5950/1113/files/cycling__3020224__0ba237c2918e68b6__3020224_1807_2.jpg?v=1790331570,8,CHIBA Pure Nature 天然純粹款 綠松石藍配深藍,,,,https://cdn.shopify.com/s/files/1/1015/5950/1113/files/cycling__3020224__dfb7497c67427ddd__3020224_0222_1.jpg?v=1790331570,kg,,,
chiba-3020224-cycling,,,,,,,,,米配棕色,,,M,,,,,3020224-BEIGEBROWN-M,0.0,shopify,2,continue,manual,1120.00,,true,true,,,,,,,,,,,,https://cdn.shopify.com/s/files/1/1015/5950/1113/files/cycling__3020224__dfb7497c67427ddd__3020224_0222_1.jpg?v=1790331570,kg,,,
chiba-3020224-cycling,,,,,,,,,米配棕色,,,L,,,,,3020224-BEIGEBROWN-L,0.0,shopify,2,continue,manual,1120.00,,true,true,,,,,,,,,,,,https://cdn.shopify.com/s/files/1/1015/5950/1113/files/cycling__3020224__dfb7497c67427ddd__3020224_0222_1.jpg?v=1790331570,kg,,,
chiba-3020224-cycling,,,,,,,,,米配棕色,,,XL,,,,,3020224-BEIGEBROWN-XL,0.0,shopify,2,continue,manual,1120.00,,true,true,,,,,,,,,,,,https://cdn.shopify.com/s/files/1/1015/5950/1113/files/cycling__3020224__dfb7497c67427ddd__3020224_0222_1.jpg?v=1790331570,kg,,,
chiba-3020224-cycling,,,,,,,,,米配棕色,,,XXL,,,,,3020224-BEIGEBROWN-XXL,0.0,shopify,2,continue,manual,1120.00,,true,true,,,,,,,,,,,,https://cdn.shopify.com/s/files/1/1015/5950/1113/files/cycling__3020224__dfb7497c67427ddd__3020224_0222_1.jpg?v=1790331570,kg,,,
chiba-3020224-cycling,,,,,,,,,極致黑,,,XS,,,,,3020224-BLACKBLACK-XS,0.0,shopify,2,continue,manual,1120.00,,true,true,,,,,,,,,,,,https://cdn.shopify.com/s/files/1/1015/5950/1113/files/cycling__3020224__2d4a7403c0dd57c7__3020224_1010_1.jpg?v=1790331570,kg,,,
chiba-3020224-cycling,,,,,,,,,極致黑,,,S,,,,,3020224-BLACKBLACK-S,0.0,shopify,2,continue,manual,1120.00,,true,true,,,,,,,,,,,,https://cdn.shopify.com/s/files/1/1015/5950/1113/files/cycling__3020224__2d4a7403c0dd57c7__3020224_1010_1.jpg?v=1790331570,kg,,,
chiba-3020224-cycling,,,,,,,,,極致黑,,,M,,,,,3020224-BLACKBLACK-M,0.0,shopify,2,continue,manual,1120.00,,true,true,,,,,,,,,,,,https://cdn.shopify.com/s/files/1/1015/5950/1113/files/cycling__3020224__2d4a7403c0dd57c7__3020224_1010_1.jpg?v=1790331570,kg,,,
chiba-3020224-cycling,,,,,,,,,極致黑,,,L,,,,,3020224-BLACKBLACK-L,0.0,shopify,2,continue,manual,1120.00,,true,true,,,,,,,,,,,,https://cdn.shopify.com/s/files/1/1015/5950/1113/files/cycling__3020224__2d4a7403c0dd57c7__3020224_1010_1.jpg?v=1790331570,kg,,,
chiba-3020224-cycling,,,,,,,,,極致黑,,,XL,,,,,3020224-BLACKBLACK-XL,0.0,shopify,2,continue,manual,1120.00,,true,true,,,,,,,,,,,,https://cdn.shopify.com/s/files/1/1015/5950/1113/files/cycling__3020224__2d4a7403c0dd57c7__3020224_1010_1.jpg?v=1790331570,kg,,,
chiba-3020224-cycling,,,,,,,,,極致黑,,,XXL,,,,,3020224-BLACKBLACK-XXL,0.0,shopify,2,continue,manual,1120.00,,true,true,,,,,,,,,,,,https://cdn.shopify.com/s/files/1/1015/5950/1113/files/cycling__3020224__2d4a7403c0dd57c7__3020224_1010_1.jpg?v=1790331570,kg,,,
chiba-3020224-cycling,,,,,,,,,綠松石藍配深藍,,,XS,,,,,3020224-TOURQUISENAVY-XS,0.0,shopify,2,continue,manual,1120.00,,true,true,,,,,,,,,,,,https://cdn.shopify.com/s/files/1/1015/5950/1113/files/cycling__3020224__f8e616ceeaa2436a__3020224_1807_1.jpg?v=1790331570,kg,,,
chiba-3020224-cycling,,,,,,,,,綠松石藍配深藍,,,S,,,,,3020224-TOURQUISENAVY-S,0.0,shopify,2,continue,manual,1120.00,,true,true,,,,,,,,,,,,https://cdn.shopify.com/s/files/1/1015/5950/1113/files/cycling__3020224__f8e616ceeaa2436a__3020224_1807_1.jpg?v=1790331570,kg,,,
chiba-3020224-cycling,,,,,,,,,綠松石藍配深藍,,,M,,,,,3020224-TOURQUISENAVY-M,0.0,shopify,2,continue,manual,1120.00,,true,true,,,,,,,,,,,,https://cdn.shopify.com/s/files/1/1015/5950/1113/files/cycling__3020224__f8e616ceeaa2436a__3020224_1807_1.jpg?v=1790331570,kg,,,
chiba-3020224-cycling,,,,,,,,,綠松石藍配深藍,,,L,,,,,3020224-TOURQUISENAVY-L,0.0,shopify,2,continue,manual,1120.00,,true,true,,,,,,,,,,,,https://cdn.shopify.com/s/files/1/1015/5950/1113/files/cycling__3020224__f8e616ceeaa2436a__3020224_1807_1.jpg?v=1790331570,kg,,,
chiba-3020224-cycling,,,,,,,,,綠松石藍配深藍,,,XL,,,,,3020224-TOURQUISENAVY-XL,0.0,shopify,2,continue,manual,1120.00,,true,true,,,,,,,,,,,,https://cdn.shopify.com/s/files/1/1015/5950/1113/files/cycling__3020224__f8e616ceeaa2436a__3020224_1807_1.jpg?v=1790331570,kg,,,
chiba-3020224-cycling,,,,,,,,,綠松石藍配深藍,,,XXL,,,,,3020224-TOURQUISENAVY-XXL,0.0,shopify,2,continue,manual,1120.00,,true,true,,,,,,,,,,,,https://cdn.shopify.com/s/files/1/1015/5950/1113/files/cycling__3020224__f8e616ceeaa2436a__3020224_1807_1.jpg?v=1790331570,kg,,,
chiba-3020026-cycling,CHIBA Breeze 微風透氣手套,"<div class=""chiba-product-description"">
  <p><strong>CHIBA Breeze 微風透氣手套</strong>｜德國百年專業工藝打造。如微風拂面般涼爽，凹凸立體氣流風道與耐磨麂皮掌心。</p>
  <ul>
    <li>
<strong>凹凸立體氣流風道面料</strong>：立體蜂巢凹凸織紋形成微型通風走廊，騎行時微風自然吹拂。</li>
    <li>
<strong>柔軟耐磨麂皮手掌</strong>：具備天然麂皮般的溫潤觸感與強韌抓力，耐磨且手感細緻。</li>
    <li>
<strong>Quick-Pull® 專利秒脫拉環</strong>：指尖專利拉環設計，即使騎乘後滿手汗水也能一秒輕鬆俐落脫下手套。</li>
  </ul>
  <p>
    • <strong>系列材質</strong>：Active Line｜凹凸紋理布、萊卡、麂皮布、透氣網布<br>
    • <strong>洗滌保養</strong>：支援 30°C 溫和水洗，平放陰乾，請勿烘乾。
  </p>
</div>",CHIBA GLOVES GERMANY,,cycling,"Active Line, cycling",true,顏色,紅色,,尺寸,XS,,,,,3020026-RED-XS,0.0,shopify,2,continue,manual,1450.00,,true,true,,,,,,https://cdn.shopify.com/s/files/1/1015/5950/1113/files/cycling__3020026__efdd2466c17c2046__3020026_04-1.jpg?v=1790331567,1,CHIBA Breeze 微風透氣手套 紅色,false,CHIBA Breeze 微風透氣手套｜德國百年專業自行車手套,德國百年品牌 CHIBA 台灣官方直營：CHIBA Breeze 微風透氣手套。立體蜂巢凹凸織紋形成微型通風走廊，騎行時微風自然吹拂，極佳排熱。台灣零售價現貨供應，德國原裝進口品質保證。,https://cdn.shopify.com/s/files/1/1015/5950/1113/files/cycling__3020026__efdd2466c17c2046__3020026_04-1.jpg?v=1790331567,kg,,,active
chiba-3020026-cycling,,,,,,,,,紅色,,,S,,,,,3020026-RED-S,0.0,shopify,2,continue,manual,1450.00,,true,true,,,,,,https://cdn.shopify.com/s/files/1/1015/5950/1113/files/cycling__3020026__3426eb6faa045871__3020026_06-1.jpg?v=1790331567,2,CHIBA Breeze 微風透氣手套 寶藍色,,,,https://cdn.shopify.com/s/files/1/1015/5950/1113/files/cycling__3020026__efdd2466c17c2046__3020026_04-1.jpg?v=1790331567,kg,,,
chiba-3020026-cycling,,,,,,,,,紅色,,,M,,,,,3020026-RED-M,0.0,shopify,2,continue,manual,1450.00,,true,true,,,,,,https://cdn.shopify.com/s/files/1/1015/5950/1113/files/cycling__3020026__99aa8b2d1e3ae4d8__3020026_10_1.jpg?v=1790331567,3,CHIBA Breeze 微風透氣手套 黑色,,,,https://cdn.shopify.com/s/files/1/1015/5950/1113/files/cycling__3020026__efdd2466c17c2046__3020026_04-1.jpg?v=1790331567,kg,,,
chiba-3020026-cycling,,,,,,,,,紅色,,,L,,,,,3020026-RED-L,0.0,shopify,2,continue,manual,1450.00,,true,true,,,,,,https://cdn.shopify.com/s/files/1/1015/5950/1113/files/cycling__3020026__04677773dd3513ed__3020026_10_2.jpg?v=1790331567,4,CHIBA Breeze 微風透氣手套 黑色,,,,https://cdn.shopify.com/s/files/1/1015/5950/1113/files/cycling__3020026__efdd2466c17c2046__3020026_04-1.jpg?v=1790331567,kg,,,
chiba-3020026-cycling,,,,,,,,,紅色,,,XL,,,,,3020026-RED-XL,0.0,shopify,2,continue,manual,1450.00,,true,true,,,,,,,,,,,,https://cdn.shopify.com/s/files/1/1015/5950/1113/files/cycling__3020026__efdd2466c17c2046__3020026_04-1.jpg?v=1790331567,kg,,,
chiba-3020026-cycling,,,,,,,,,紅色,,,XXL,,,,,3020026-RED-XXL,0.0,shopify,2,continue,manual,1450.00,,true,true,,,,,,,,,,,,https://cdn.shopify.com/s/files/1/1015/5950/1113/files/cycling__3020026__efdd2466c17c2046__3020026_04-1.jpg?v=1790331567,kg,,,
chiba-3020026-cycling,,,,,,,,,紅色,,,3XL,,,,,3020026-RED-3XL,0.0,shopify,2,continue,manual,1450.00,,true,true,,,,,,,,,,,,https://cdn.shopify.com/s/files/1/1015/5950/1113/files/cycling__3020026__efdd2466c17c2046__3020026_04-1.jpg?v=1790331567,kg,,,
chiba-3020026-cycling,,,,,,,,,寶藍色,,,XS,,,,,3020026-ROYAL-XS,0.0,shopify,2,continue,manual,1450.00,,true,true,,,,,,,,,,,,https://cdn.shopify.com/s/files/1/1015/5950/1113/files/cycling__3020026__3426eb6faa045871__3020026_06-1.jpg?v=1790331567,kg,,,
chiba-3020026-cycling,,,,,,,,,寶藍色,,,S,,,,,3020026-ROYAL-S,0.0,shopify,2,continue,manual,1450.00,,true,true,,,,,,,,,,,,https://cdn.shopify.com/s/files/1/1015/5950/1113/files/cycling__3020026__3426eb6faa045871__3020026_06-1.jpg?v=1790331567,kg,,,
chiba-3020026-cycling,,,,,,,,,寶藍色,,,M,,,,,3020026-ROYAL-M,0.0,shopify,2,continue,manual,1450.00,,true,true,,,,,,,,,,,,https://cdn.shopify.com/s/files/1/1015/5950/1113/files/cycling__3020026__3426eb6faa045871__3020026_06-1.jpg?v=1790331567,kg,,,
chiba-3020026-cycling,,,,,,,,,寶藍色,,,L,,,,,3020026-ROYAL-L,0.0,shopify,2,continue,manual,1450.00,,true,true,,,,,,,,,,,,https://cdn.shopify.com/s/files/1/1015/5950/1113/files/cycling__3020026__3426eb6faa045871__3020026_06-1.jpg?v=1790331567,kg,,,
chiba-3020026-cycling,,,,,,,,,寶藍色,,,XL,,,,,3020026-ROYAL-XL,0.0,shopify,2,continue,manual,1450.00,,true,true,,,,,,,,,,,,https://cdn.shopify.com/s/files/1/1015/5950/1113/files/cycling__3020026__3426eb6faa045871__3020026_06-1.jpg?v=1790331567,kg,,,
chiba-3020026-cycling,,,,,,,,,寶藍色,,,XXL,,,,,3020026-ROYAL-XXL,0.0,shopify,2,continue,manual,1450.00,,true,true,,,,,,,,,,,,https://cdn.shopify.com/s/files/1/1015/5950/1113/files/cycling__3020026__3426eb6faa045871__3020026_06-1.jpg?v=1790331567,kg,,,
chiba-3020026-cycling,,,,,,,,,寶藍色,,,3XL,,,,,3020026-ROYAL-3XL,0.0,shopify,2,continue,manual,1450.00,,true,true,,,,,,,,,,,,https://cdn.shopify.com/s/files/1/1015/5950/1113/files/cycling__3020026__3426eb6faa045871__3020026_06-1.jpg?v=1790331567,kg,,,
chiba-3020026-cycling,,,,,,,,,黑色,,,XS,,,,,3020026-BLACK-XS,0.0,shopify,2,continue,manual,1450.00,,true,true,,,,,,,,,,,,https://cdn.shopify.com/s/files/1/1015/5950/1113/files/cycling__3020026__99aa8b2d1e3ae4d8__3020026_10_1.jpg?v=1790331567,kg,,,
chiba-3020026-cycling,,,,,,,,,黑色,,,S,,,,,3020026-BLACK-S,0.0,shopify,2,continue,manual,1450.00,,true,true,,,,,,,,,,,,https://cdn.shopify.com/s/files/1/1015/5950/1113/files/cycling__3020026__99aa8b2d1e3ae4d8__3020026_10_1.jpg?v=1790331567,kg,,,
chiba-3020026-cycling,,,,,,,,,黑色,,,M,,,,,3020026-BLACK-M,0.0,shopify,2,continue,manual,1450.00,,true,true,,,,,,,,,,,,https://cdn.shopify.com/s/files/1/1015/5950/1113/files/cycling__3020026__99aa8b2d1e3ae4d8__3020026_10_1.jpg?v=1790331567,kg,,,
chiba-3020026-cycling,,,,,,,,,黑色,,,L,,,,,3020026-BLACK-L,0.0,shopify,2,continue,manual,1450.00,,true,true,,,,,,,,,,,,https://cdn.shopify.com/s/files/1/1015/5950/1113/files/cycling__3020026__99aa8b2d1e3ae4d8__3020026_10_1.jpg?v=1790331567,kg,,,
chiba-3020026-cycling,,,,,,,,,黑色,,,XL,,,,,3020026-BLACK-XL,0.0,shopify,2,continue,manual,1450.00,,true,true,,,,,,,,,,,,https://cdn.shopify.com/s/files/1/1015/5950/1113/files/cycling__3020026__99aa8b2d1e3ae4d8__3020026_10_1.jpg?v=1790331567,kg,,,
chiba-3020026-cycling,,,,,,,,,黑色,,,XXL,,,,,3020026-BLACK-XXL,0.0,shopify,2,continue,manual,1450.00,,true,true,,,,,,,,,,,,https://cdn.shopify.com/s/files/1/1015/5950/1113/files/cycling__3020026__99aa8b2d1e3ae4d8__3020026_10_1.jpg?v=1790331567,kg,,,
chiba-3020026-cycling,,,,,,,,,黑色,,,3XL,,,,,3020026-BLACK-3XL,0.0,shopify,2,continue,manual,1450.00,,true,true,,,,,,,,,,,,https://cdn.shopify.com/s/files/1/1015/5950/1113/files/cycling__3020026__99aa8b2d1e3ae4d8__3020026_10_1.jpg?v=1790331567,kg,,,
chiba-3019221-cycling,CHIBA Lady Gel 女款凝膠手套,"<div class=""chiba-product-description"">
  <p><strong>CHIBA Lady Gel 女款凝膠手套</strong>｜德國百年專業工藝打造。女性單車休閒首選，Activedry 吸濕排汗布料與輕柔凝膠減震。</p>
  <ul>
    <li>
<strong>Activedry 極速排汗科技面料</strong>：快速吸收並蒸散手背汗水，維持肌膚乾爽不黏膩。</li>
    <li>
<strong>輕柔人體工學軟膠襯墊</strong>：提供恰到好處的握把緩衝，減輕短途休閒與室內飛輪訓練的手腕壓力。</li>
    <li>
<strong>Quick-Pull® 專利秒脫拉環</strong>：指尖專利拉環設計，即使騎乘後滿手汗水也能一秒輕鬆俐落脫下手套。</li>
  </ul>
  <p>
    • <strong>系列材質</strong>：Comfort Line｜飛織面料、Activedry吸濕排汗布、透氣網布、Clarino人造皮<br>
    • <strong>洗滌保養</strong>：支援 30°C 溫和水洗，平放陰乾，請勿烘乾。
  </p>
</div>",CHIBA GLOVES GERMANY,,cycling,"Comfort Line, cycling",true,顏色,黑配白色,,尺寸,XS,,,,,3019221-BLACKWHITE-XS,0.0,shopify,2,continue,manual,1330.00,,true,true,,,,,,https://cdn.shopify.com/s/files/1/1015/5950/1113/files/cycling__3019221__1dbbf423c9543517__3019221_1001_1.jpg?v=1790331565,1,CHIBA Lady Gel 女款凝膠手套 黑配白色,false,CHIBA Lady Gel 女款凝膠手套｜德國百年專業自行車手套,德國百年品牌 CHIBA 台灣官方直營：CHIBA Lady Gel 女款凝膠手套。快速吸收並蒸散手背汗水，維持肌膚乾爽不黏膩。台灣零售價現貨供應，德國原裝進口品質保證。,https://cdn.shopify.com/s/files/1/1015/5950/1113/files/cycling__3019221__1dbbf423c9543517__3019221_1001_1.jpg?v=1790331565,kg,,,active
chiba-3019221-cycling,,,,,,,,,黑配白色,,,S,,,,,3019221-BLACKWHITE-S,0.0,shopify,2,continue,manual,1330.00,,true,true,,,,,,https://cdn.shopify.com/s/files/1/1015/5950/1113/files/cycling__3019221__695f06c8154f41ff__3019221_1001_2.jpg?v=1790331565,2,CHIBA Lady Gel 女款凝膠手套 黑配白色,,,,https://cdn.shopify.com/s/files/1/1015/5950/1113/files/cycling__3019221__1dbbf423c9543517__3019221_1001_1.jpg?v=1790331565,kg,,,
chiba-3019221-cycling,,,,,,,,,黑配白色,,,M,,,,,3019221-BLACKWHITE-M,0.0,shopify,2,continue,manual,1330.00,,true,true,,,,,,https://cdn.shopify.com/s/files/1/1015/5950/1113/files/cycling__3019221__dd8cc9a1d7b6b22f__3019221_1010_1.jpg?v=1790331565,3,CHIBA Lady Gel 女款凝膠手套 極致黑,,,,https://cdn.shopify.com/s/files/1/1015/5950/1113/files/cycling__3019221__1dbbf423c9543517__3019221_1001_1.jpg?v=1790331565,kg,,,
chiba-3019221-cycling,,,,,,,,,黑配白色,,,L,,,,,3019221-BLACKWHITE-L,0.0,shopify,2,continue,manual,1330.00,,true,true,,,,,,https://cdn.shopify.com/s/files/1/1015/5950/1113/files/cycling__3019221__6d118dc0b68a089c__3019221_1010_2.jpg?v=1790331565,4,CHIBA Lady Gel 女款凝膠手套 極致黑,,,,https://cdn.shopify.com/s/files/1/1015/5950/1113/files/cycling__3019221__1dbbf423c9543517__3019221_1001_1.jpg?v=1790331565,kg,,,
chiba-3019221-cycling,,,,,,,,,極致黑,,,XS,,,,,3019221-BLACKBLACK-XS,0.0,shopify,2,continue,manual,1330.00,,true,true,,,,,,https://cdn.shopify.com/s/files/1/1015/5950/1113/files/cycling__3019221__576286a4a5c91fa0__3019221_1018_1.jpg?v=1790331565,5,CHIBA Lady Gel 女款凝膠手套 黑配綠松石藍,,,,https://cdn.shopify.com/s/files/1/1015/5950/1113/files/cycling__3019221__dd8cc9a1d7b6b22f__3019221_1010_1.jpg?v=1790331565,kg,,,
chiba-3019221-cycling,,,,,,,,,極致黑,,,S,,,,,3019221-BLACKBLACK-S,0.0,shopify,2,continue,manual,1330.00,,true,true,,,,,,https://cdn.shopify.com/s/files/1/1015/5950/1113/files/cycling__3019221__3740959a31f8a562__3019221_1018_2.jpg?v=1790331565,6,CHIBA Lady Gel 女款凝膠手套 黑配綠松石藍,,,,https://cdn.shopify.com/s/files/1/1015/5950/1113/files/cycling__3019221__dd8cc9a1d7b6b22f__3019221_1010_1.jpg?v=1790331565,kg,,,
chiba-3019221-cycling,,,,,,,,,極致黑,,,M,,,,,3019221-BLACKBLACK-M,0.0,shopify,2,continue,manual,1330.00,,true,true,,,,,,https://cdn.shopify.com/s/files/1/1015/5950/1113/files/cycling__3019221__5324d05f0837aebf__3019221_1023-1_1.jpg?v=1790331565,7,CHIBA Lady Gel 女款凝膠手套 黑配粉紅,,,,https://cdn.shopify.com/s/files/1/1015/5950/1113/files/cycling__3019221__dd8cc9a1d7b6b22f__3019221_1010_1.jpg?v=1790331565,kg,,,
chiba-3019221-cycling,,,,,,,,,極致黑,,,L,,,,,3019221-BLACKBLACK-L,0.0,shopify,2,continue,manual,1330.00,,true,true,,,,,,https://cdn.shopify.com/s/files/1/1015/5950/1113/files/cycling__3019221__70cdc47b26865a03__3019221_1023-1_2.jpg?v=1790331565,8,CHIBA Lady Gel 女款凝膠手套 黑配粉紅,,,,https://cdn.shopify.com/s/files/1/1015/5950/1113/files/cycling__3019221__dd8cc9a1d7b6b22f__3019221_1010_1.jpg?v=1790331565,kg,,,
chiba-3019221-cycling,,,,,,,,,黑配綠松石藍,,,XS,,,,,3019221-BLACKTOURQUISE-XS,0.0,shopify,2,continue,manual,1330.00,,true,true,,,,,,,,,,,,https://cdn.shopify.com/s/files/1/1015/5950/1113/files/cycling__3019221__576286a4a5c91fa0__3019221_1018_1.jpg?v=1790331565,kg,,,
chiba-3019221-cycling,,,,,,,,,黑配綠松石藍,,,S,,,,,3019221-BLACKTOURQUISE-S,0.0,shopify,2,continue,manual,1330.00,,true,true,,,,,,,,,,,,https://cdn.shopify.com/s/files/1/1015/5950/1113/files/cycling__3019221__576286a4a5c91fa0__3019221_1018_1.jpg?v=1790331565,kg,,,
chiba-3019221-cycling,,,,,,,,,黑配綠松石藍,,,M,,,,,3019221-BLACKTOURQUISE-M,0.0,shopify,2,continue,manual,1330.00,,true,true,,,,,,,,,,,,https://cdn.shopify.com/s/files/1/1015/5950/1113/files/cycling__3019221__576286a4a5c91fa0__3019221_1018_1.jpg?v=1790331565,kg,,,
chiba-3019221-cycling,,,,,,,,,黑配綠松石藍,,,L,,,,,3019221-BLACKTOURQUISE-L,0.0,shopify,2,continue,manual,1330.00,,true,true,,,,,,,,,,,,https://cdn.shopify.com/s/files/1/1015/5950/1113/files/cycling__3019221__576286a4a5c91fa0__3019221_1018_1.jpg?v=1790331565,kg,,,
chiba-3019221-cycling,,,,,,,,,黑配粉紅,,,XS,,,,,3019221-BLACKPINK-XS,0.0,shopify,2,continue,manual,1330.00,,true,true,,,,,,,,,,,,https://cdn.shopify.com/s/files/1/1015/5950/1113/files/cycling__3019221__5324d05f0837aebf__3019221_1023-1_1.jpg?v=1790331565,kg,,,
chiba-3019221-cycling,,,,,,,,,黑配粉紅,,,S,,,,,3019221-BLACKPINK-S,0.0,shopify,2,continue,manual,1330.00,,true,true,,,,,,,,,,,,https://cdn.shopify.com/s/files/1/1015/5950/1113/files/cycling__3019221__5324d05f0837aebf__3019221_1023-1_1.jpg?v=1790331565,kg,,,
chiba-3019221-cycling,,,,,,,,,黑配粉紅,,,M,,,,,3019221-BLACKPINK-M,0.0,shopify,2,continue,manual,1330.00,,true,true,,,,,,,,,,,,https://cdn.shopify.com/s/files/1/1015/5950/1113/files/cycling__3019221__5324d05f0837aebf__3019221_1023-1_1.jpg?v=1790331565,kg,,,
chiba-3019221-cycling,,,,,,,,,黑配粉紅,,,L,,,,,3019221-BLACKPINK-L,0.0,shopify,2,continue,manual,1330.00,,true,true,,,,,,,,,,,,https://cdn.shopify.com/s/files/1/1015/5950/1113/files/cycling__3019221__5324d05f0837aebf__3019221_1023-1_1.jpg?v=1790331565,kg,,,
chiba-3019124-cycling,CHIBA Lady Gel Premium III 女款頂級凝膠手套 III,"<div class=""chiba-product-description"">
  <p><strong>CHIBA Lady Gel Premium III 女款頂級凝膠手套 III</strong>｜德國百年專業工藝打造。專為女性車友打造，纖細版型、Econyl 環保再生紗線與 Poron Gel 柔嫩防繭防護。</p>
  <ul>
    <li>
<strong>女性手型專屬立體剪裁</strong>：依照女性掌骨骨架與纖細指長打版，完美貼合手掌。</li>
    <li>
<strong>Econyl® 海洋環保再生紗線</strong>：採用義大利進口環保再生纖維，觸感柔順絲滑。</li>
    <li>
<strong>Quick-Pull® 專利秒脫拉環</strong>：指尖專利拉環設計，即使騎乘後滿手汗水也能一秒輕鬆俐落脫下手套。</li>
  </ul>
  <p>
    • <strong>系列材質</strong>：Comfort Line｜Fantasia面料、Econyl強效網布、透氣網布<br>
    • <strong>洗滌保養</strong>：支援 30°C 溫和水洗，平放陰乾，請勿烘乾。
  </p>
</div>",CHIBA GLOVES GERMANY,,cycling,"Comfort Line, cycling",true,顏色,極致黑,,尺寸,XS,,,,,3019124-BLACKBLACK-XS,0.0,shopify,2,continue,manual,1450.00,,true,true,,,,,,https://cdn.shopify.com/s/files/1/1015/5950/1113/files/cycling__3019124__656fbf4807548647__3019124_1010_1.jpg?v=1790331562,1,CHIBA Lady Gel Premium III 女款頂級凝膠手套 III 極致黑,false,CHIBA Lady Gel Premium III 女款頂級凝膠手套 III｜德國百年專業自行車手套,德國百年品牌 CHIBA 台灣官方直營：CHIBA Lady Gel Premium III 女款頂級凝膠手套 III。依照女性掌骨骨架與纖細指長打版，完美貼合手掌，掌心不起皺堆疊。台灣零售價現貨供應，德國原裝進口品質保證。,https://cdn.shopify.com/s/files/1/1015/5950/1113/files/cycling__3019124__656fbf4807548647__3019124_1010_1.jpg?v=1790331562,kg,,,active
chiba-3019124-cycling,,,,,,,,,極致黑,,,S,,,,,3019124-BLACKBLACK-S,0.0,shopify,2,continue,manual,1450.00,,true,true,,,,,,https://cdn.shopify.com/s/files/1/1015/5950/1113/files/cycling__3019124__a6d2cd7653b41847__3019124_1010_2.jpg?v=1790331562,2,CHIBA Lady Gel Premium III 女款頂級凝膠手套 III 極致黑,,,,https://cdn.shopify.com/s/files/1/1015/5950/1113/files/cycling__3019124__656fbf4807548647__3019124_1010_1.jpg?v=1790331562,kg,,,
chiba-3019124-cycling,,,,,,,,,極致黑,,,M,,,,,3019124-BLACKBLACK-M,0.0,shopify,2,continue,manual,1450.00,,true,true,,,,,,https://cdn.shopify.com/s/files/1/1015/5950/1113/files/cycling__3019124__4d246a0a74e6c2d5__3019124_1018_1.jpg?v=1790331562,3,CHIBA Lady Gel Premium III 女款頂級凝膠手套 III 黑配綠松石藍,,,,https://cdn.shopify.com/s/files/1/1015/5950/1113/files/cycling__3019124__656fbf4807548647__3019124_1010_1.jpg?v=1790331562,kg,,,
chiba-3019124-cycling,,,,,,,,,極致黑,,,L,,,,,3019124-BLACKBLACK-L,0.0,shopify,2,continue,manual,1450.00,,true,true,,,,,,https://cdn.shopify.com/s/files/1/1015/5950/1113/files/cycling__3019124__32f11ac07fe69ae0__3019124_1018_2.jpg?v=1790331562,4,CHIBA Lady Gel Premium III 女款頂級凝膠手套 III 黑配綠松石藍,,,,https://cdn.shopify.com/s/files/1/1015/5950/1113/files/cycling__3019124__656fbf4807548647__3019124_1010_1.jpg?v=1790331562,kg,,,
chiba-3019124-cycling,,,,,,,,,黑配綠松石藍,,,XS,,,,,3019124-BLACKTOURQUISE-XS,0.0,shopify,2,continue,manual,1450.00,,true,true,,,,,,https://cdn.shopify.com/s/files/1/1015/5950/1113/files/cycling__3019124__dc43bf5d0ca3ed57__3019124_1023-1_1.jpg?v=1790331562,5,CHIBA Lady Gel Premium III 女款頂級凝膠手套 III 黑配粉紅,,,,https://cdn.shopify.com/s/files/1/1015/5950/1113/files/cycling__3019124__4d246a0a74e6c2d5__3019124_1018_1.jpg?v=1790331562,kg,,,
chiba-3019124-cycling,,,,,,,,,黑配綠松石藍,,,S,,,,,3019124-BLACKTOURQUISE-S,0.0,shopify,2,continue,manual,1450.00,,true,true,,,,,,https://cdn.shopify.com/s/files/1/1015/5950/1113/files/cycling__3019124__46ed4cdbd7f46c95__3019124_1023-1_2.jpg?v=1790331562,6,CHIBA Lady Gel Premium III 女款頂級凝膠手套 III 黑配粉紅,,,,https://cdn.shopify.com/s/files/1/1015/5950/1113/files/cycling__3019124__4d246a0a74e6c2d5__3019124_1018_1.jpg?v=1790331562,kg,,,
chiba-3019124-cycling,,,,,,,,,黑配綠松石藍,,,M,,,,,3019124-BLACKTOURQUISE-M,0.0,shopify,2,continue,manual,1450.00,,true,true,,,,,,,,,,,,https://cdn.shopify.com/s/files/1/1015/5950/1113/files/cycling__3019124__4d246a0a74e6c2d5__3019124_1018_1.jpg?v=1790331562,kg,,,
chiba-3019124-cycling,,,,,,,,,黑配綠松石藍,,,L,,,,,3019124-BLACKTOURQUISE-L,0.0,shopify,2,continue,manual,1450.00,,true,true,,,,,,,,,,,,https://cdn.shopify.com/s/files/1/1015/5950/1113/files/cycling__3019124__4d246a0a74e6c2d5__3019124_1018_1.jpg?v=1790331562,kg,,,
chiba-3019124-cycling,,,,,,,,,黑配粉紅,,,XS,,,,,3019124-BLACKPINK-XS,0.0,shopify,2,continue,manual,1450.00,,true,true,,,,,,,,,,,,https://cdn.shopify.com/s/files/1/1015/5950/1113/files/cycling__3019124__dc43bf5d0ca3ed57__3019124_1023-1_1.jpg?v=1790331562,kg,,,
chiba-3019124-cycling,,,,,,,,,黑配粉紅,,,S,,,,,3019124-BLACKPINK-S,0.0,shopify,2,continue,manual,1450.00,,true,true,,,,,,,,,,,,https://cdn.shopify.com/s/files/1/1015/5950/1113/files/cycling__3019124__dc43bf5d0ca3ed57__3019124_1023-1_1.jpg?v=1790331562,kg,,,
chiba-3019124-cycling,,,,,,,,,黑配粉紅,,,M,,,,,3019124-BLACKPINK-M,0.0,shopify,2,continue,manual,1450.00,,true,true,,,,,,,,,,,,https://cdn.shopify.com/s/files/1/1015/5950/1113/files/cycling__3019124__dc43bf5d0ca3ed57__3019124_1023-1_1.jpg?v=1790331562,kg,,,
chiba-3019124-cycling,,,,,,,,,黑配粉紅,,,L,,,,,3019124-BLACKPINK-L,0.0,shopify,2,continue,manual,1450.00,,true,true,,,,,,,,,,,,https://cdn.shopify.com/s/files/1/1015/5950/1113/files/cycling__3019124__dc43bf5d0ca3ed57__3019124_1023-1_1.jpg?v=1790331562,kg,,,
chiba-3017126-cycling,CHIBA Tour Master 長途巡航大師款,"<div class=""chiba-product-description"">
  <p><strong>CHIBA Tour Master 長途巡航大師款</strong>｜德國百年專業工藝打造。單車環島與雙塔長征神裝，無縫飛織手背結合 Poron XRD 吸震與 Clarino 日本皮革。</p>
  <ul>
    <li>
<strong>無縫一體飛織高彈手背</strong>：採用現代飛織工藝，輕量、透氣且具備極佳四向延展性。</li>
    <li>
<strong>Poron™ XRD© 旗艦級避震墊</strong>：吸收公路高頻連續碎震，長達數百公里的長征依然能保持手部肌肉放鬆敏銳。</li>
    <li>
<strong>Quick-Pull® 專利秒脫拉環</strong>：指尖專利拉環設計，即使騎乘後滿手汗水也能一秒輕鬆俐落脫下手套。</li>
  </ul>
  <p>
    • <strong>系列材質</strong>：Comfort Line｜飛織面料、Clarino人造皮、Poron避震墊、毛巾布<br>
    • <strong>洗滌保養</strong>：支援 30°C 溫和水洗，平放陰乾，請勿烘乾。
  </p>
</div>",CHIBA GLOVES GERMANY,,cycling,"Comfort Line, cycling",true,顏色,黑色,,尺寸,XS,,,,,3017126-BLACK-XS,0.0,shopify,2,continue,manual,1860.00,,true,true,,,,,,https://cdn.shopify.com/s/files/1/1015/5950/1113/files/cycling__3017126__1fe1758de8a62360__3017126_10_1.jpg?v=1790331560,1,CHIBA Tour Master 長途巡航大師款 黑色,false,CHIBA Tour Master 長途巡航大師款｜德國百年專業自行車手套,德國百年品牌 CHIBA 台灣官方直營：CHIBA Tour Master 長途巡航大師款。採用現代飛織工藝，輕量、透氣且具備極佳四向延展性，跨日騎乘無勒痕。台灣零售價現貨供應，德國原裝進口品質保證。,https://cdn.shopify.com/s/files/1/1015/5950/1113/files/cycling__3017126__1fe1758de8a62360__3017126_10_1.jpg?v=1790331560,kg,,,active
chiba-3017126-cycling,,,,,,,,,黑色,,,S,,,,,3017126-BLACK-S,0.0,shopify,2,continue,manual,1860.00,,true,true,,,,,,https://cdn.shopify.com/s/files/1/1015/5950/1113/files/cycling__3017126__75751f8ffd9b0afb__3017126_10_2.jpg?v=1790331560,2,CHIBA Tour Master 長途巡航大師款 黑色,,,,https://cdn.shopify.com/s/files/1/1015/5950/1113/files/cycling__3017126__1fe1758de8a62360__3017126_10_1.jpg?v=1790331560,kg,,,
chiba-3017126-cycling,,,,,,,,,黑色,,,M,,,,,3017126-BLACK-M,0.0,shopify,2,continue,manual,1860.00,,true,true,,,,,,,,,,,,https://cdn.shopify.com/s/files/1/1015/5950/1113/files/cycling__3017126__1fe1758de8a62360__3017126_10_1.jpg?v=1790331560,kg,,,
chiba-3017126-cycling,,,,,,,,,黑色,,,L,,,,,3017126-BLACK-L,0.0,shopify,2,continue,manual,1860.00,,true,true,,,,,,,,,,,,https://cdn.shopify.com/s/files/1/1015/5950/1113/files/cycling__3017126__1fe1758de8a62360__3017126_10_1.jpg?v=1790331560,kg,,,
chiba-3017126-cycling,,,,,,,,,黑色,,,XL,,,,,3017126-BLACK-XL,0.0,shopify,2,continue,manual,1860.00,,true,true,,,,,,,,,,,,https://cdn.shopify.com/s/files/1/1015/5950/1113/files/cycling__3017126__1fe1758de8a62360__3017126_10_1.jpg?v=1790331560,kg,,,
chiba-3017126-cycling,,,,,,,,,黑色,,,XXL,,,,,3017126-BLACK-XXL,0.0,shopify,2,continue,manual,1860.00,,true,true,,,,,,,,,,,,https://cdn.shopify.com/s/files/1/1015/5950/1113/files/cycling__3017126__1fe1758de8a62360__3017126_10_1.jpg?v=1790331560,kg,,,
chiba-30117-cycling,CHIBA Gel Premium 頂級凝膠款,"<div class=""chiba-product-description"">
  <p><strong>CHIBA Gel Premium 頂級凝膠款</strong>｜德國百年專業工藝打造。經典旗艦頂級凝膠，Touch 智慧觸控導電指尖與數位碳纖防滑。</p>
  <ul>
    <li>
<strong>旗艦級多點人體工學凝膠</strong>：掌心多區精確配置不同密度軟膠，科學分散手掌重力。</li>
    <li>
<strong>Touch 智慧觸控導電指尖</strong>：指尖融入導電微纖維，騎乘途中無需脫下手套即可靈敏滑動碼表、車機導航與手機螢幕。</li>
    <li>
<strong>Quick-Pull® 專利秒脫拉環</strong>：指尖專利拉環設計，即使騎乘後滿手汗水也能一秒輕鬆俐落脫下手套。</li>
  </ul>
  <p>
    • <strong>系列材質</strong>：Comfort Line｜彈性纖維、微網布、數位紋理布、感應面料<br>
    • <strong>洗滌保養</strong>：支援 30°C 溫和水洗，平放陰乾，請勿烘乾。
  </p>
</div>",CHIBA GLOVES GERMANY,,cycling,"Comfort Line, cycling",true,顏色,白色,,尺寸,XS,,,,,30117-WHITE-XS,0.0,shopify,2,continue,manual,1620.00,,true,true,,,,,,https://cdn.shopify.com/s/files/1/1015/5950/1113/files/cycling__30117__07ceb0c17854f324__30117_01_1.jpg?v=1790331558,1,CHIBA Gel Premium 頂級凝膠款 白色,false,CHIBA Gel Premium 頂級凝膠款｜德國百年專業自行車手套,德國百年品牌 CHIBA 台灣官方直營：CHIBA Gel Premium 頂級凝膠款。掌心多區精確配置不同密度軟膠，科學分散手掌重力，提供殿堂級握持舒適感。台灣零售價現貨供應，德國原裝進口品質保證。,https://cdn.shopify.com/s/files/1/1015/5950/1113/files/cycling__30117__07ceb0c17854f324__30117_01_1.jpg?v=1790331558,kg,,,active
chiba-30117-cycling,,,,,,,,,白色,,,S,,,,,30117-WHITE-S,0.0,shopify,2,continue,manual,1620.00,,true,true,,,,,,https://cdn.shopify.com/s/files/1/1015/5950/1113/files/cycling__30117__9ed1894e289cc550__30117_01_2.jpg?v=1790331558,2,CHIBA Gel Premium 頂級凝膠款 白色,,,,https://cdn.shopify.com/s/files/1/1015/5950/1113/files/cycling__30117__07ceb0c17854f324__30117_01_1.jpg?v=1790331558,kg,,,
chiba-30117-cycling,,,,,,,,,白色,,,M,,,,,30117-WHITE-M,0.0,shopify,2,continue,manual,1620.00,,true,true,,,,,,https://cdn.shopify.com/s/files/1/1015/5950/1113/files/cycling__30117__b54b5bebf6f610b6__30117_03-1_1.jpg?v=1790331558,3,CHIBA Gel Premium 頂級凝膠款 螢光黃,,,,https://cdn.shopify.com/s/files/1/1015/5950/1113/files/cycling__30117__07ceb0c17854f324__30117_01_1.jpg?v=1790331558,kg,,,
chiba-30117-cycling,,,,,,,,,白色,,,L,,,,,30117-WHITE-L,0.0,shopify,2,continue,manual,1620.00,,true,true,,,,,,https://cdn.shopify.com/s/files/1/1015/5950/1113/files/cycling__30117__abd4bec8ea46c2ff__30117_03-1_2.jpg?v=1790331558,4,CHIBA Gel Premium 頂級凝膠款 螢光黃,,,,https://cdn.shopify.com/s/files/1/1015/5950/1113/files/cycling__30117__07ceb0c17854f324__30117_01_1.jpg?v=1790331558,kg,,,
chiba-30117-cycling,,,,,,,,,白色,,,XL,,,,,30117-WHITE-XL,0.0,shopify,2,continue,manual,1620.00,,true,true,,,,,,https://cdn.shopify.com/s/files/1/1015/5950/1113/files/cycling__30117__b41a7b466cefdb60__30117_04_1.jpg?v=1790331559,5,CHIBA Gel Premium 頂級凝膠款 紅色,,,,https://cdn.shopify.com/s/files/1/1015/5950/1113/files/cycling__30117__07ceb0c17854f324__30117_01_1.jpg?v=1790331558,kg,,,
chiba-30117-cycling,,,,,,,,,白色,,,XXL,,,,,30117-WHITE-XXL,0.0,shopify,2,continue,manual,1620.00,,true,true,,,,,,https://cdn.shopify.com/s/files/1/1015/5950/1113/files/cycling__30117__f580ec2d01263928__30117_04_2.jpg?v=1790331558,6,CHIBA Gel Premium 頂級凝膠款 紅色,,,,https://cdn.shopify.com/s/files/1/1015/5950/1113/files/cycling__30117__07ceb0c17854f324__30117_01_1.jpg?v=1790331558,kg,,,
chiba-30117-cycling,,,,,,,,,白色,,,3XL,,,,,30117-WHITE-3XL,0.0,shopify,2,continue,manual,1620.00,,true,true,,,,,,https://cdn.shopify.com/s/files/1/1015/5950/1113/files/cycling__30117__37b66d999c691497__30117_10_1.jpg?v=1790331558,7,CHIBA Gel Premium 頂級凝膠款 黑色,,,,https://cdn.shopify.com/s/files/1/1015/5950/1113/files/cycling__30117__07ceb0c17854f324__30117_01_1.jpg?v=1790331558,kg,,,
chiba-30117-cycling,,,,,,,,,螢光黃,,,XS,,,,,30117-NEONYELLOW-XS,0.0,shopify,2,continue,manual,1620.00,,true,true,,,,,,https://cdn.shopify.com/s/files/1/1015/5950/1113/files/cycling__30117__0af120a801963ead__30117_10_2.jpg?v=1790331558,8,CHIBA Gel Premium 頂級凝膠款 黑色,,,,https://cdn.shopify.com/s/files/1/1015/5950/1113/files/cycling__30117__b54b5bebf6f610b6__30117_03-1_1.jpg?v=1790331558,kg,,,
chiba-30117-cycling,,,,,,,,,螢光黃,,,S,,,,,30117-NEONYELLOW-S,0.0,shopify,2,continue,manual,1620.00,,true,true,,,,,,https://cdn.shopify.com/s/files/1/1015/5950/1113/files/cycling__30117__486f1c2e30dd05c4__30117_19_1.jpg?v=1790331558,9,CHIBA Gel Premium 頂級凝膠款 深灰色,,,,https://cdn.shopify.com/s/files/1/1015/5950/1113/files/cycling__30117__b54b5bebf6f610b6__30117_03-1_1.jpg?v=1790331558,kg,,,
chiba-30117-cycling,,,,,,,,,螢光黃,,,M,,,,,30117-NEONYELLOW-M,0.0,shopify,2,continue,manual,1620.00,,true,true,,,,,,https://cdn.shopify.com/s/files/1/1015/5950/1113/files/cycling__30117__f758d6d1c5a98124__30117_19_2.jpg?v=1790331558,10,CHIBA Gel Premium 頂級凝膠款 深灰色,,,,https://cdn.shopify.com/s/files/1/1015/5950/1113/files/cycling__30117__b54b5bebf6f610b6__30117_03-1_1.jpg?v=1790331558,kg,,,
chiba-30117-cycling,,,,,,,,,螢光黃,,,L,,,,,30117-NEONYELLOW-L,0.0,shopify,2,continue,manual,1620.00,,true,true,,,,,,,,,,,,https://cdn.shopify.com/s/files/1/1015/5950/1113/files/cycling__30117__b54b5bebf6f610b6__30117_03-1_1.jpg?v=1790331558,kg,,,
chiba-30117-cycling,,,,,,,,,螢光黃,,,XL,,,,,30117-NEONYELLOW-XL,0.0,shopify,2,continue,manual,1620.00,,true,true,,,,,,,,,,,,https://cdn.shopify.com/s/files/1/1015/5950/1113/files/cycling__30117__b54b5bebf6f610b6__30117_03-1_1.jpg?v=1790331558,kg,,,
chiba-30117-cycling,,,,,,,,,螢光黃,,,XXL,,,,,30117-NEONYELLOW-XXL,0.0,shopify,2,continue,manual,1620.00,,true,true,,,,,,,,,,,,https://cdn.shopify.com/s/files/1/1015/5950/1113/files/cycling__30117__b54b5bebf6f610b6__30117_03-1_1.jpg?v=1790331558,kg,,,
chiba-30117-cycling,,,,,,,,,螢光黃,,,3XL,,,,,30117-NEONYELLOW-3XL,0.0,shopify,2,continue,manual,1620.00,,true,true,,,,,,,,,,,,https://cdn.shopify.com/s/files/1/1015/5950/1113/files/cycling__30117__b54b5bebf6f610b6__30117_03-1_1.jpg?v=1790331558,kg,,,
chiba-30117-cycling,,,,,,,,,紅色,,,XS,,,,,30117-RED-XS,0.0,shopify,2,continue,manual,1620.00,,true,true,,,,,,,,,,,,https://cdn.shopify.com/s/files/1/1015/5950/1113/files/cycling__30117__b41a7b466cefdb60__30117_04_1.jpg?v=1790331559,kg,,,
chiba-30117-cycling,,,,,,,,,紅色,,,S,,,,,30117-RED-S,0.0,shopify,2,continue,manual,1620.00,,true,true,,,,,,,,,,,,https://cdn.shopify.com/s/files/1/1015/5950/1113/files/cycling__30117__b41a7b466cefdb60__30117_04_1.jpg?v=1790331559,kg,,,
chiba-30117-cycling,,,,,,,,,紅色,,,M,,,,,30117-RED-M,0.0,shopify,2,continue,manual,1620.00,,true,true,,,,,,,,,,,,https://cdn.shopify.com/s/files/1/1015/5950/1113/files/cycling__30117__b41a7b466cefdb60__30117_04_1.jpg?v=1790331559,kg,,,
chiba-30117-cycling,,,,,,,,,紅色,,,L,,,,,30117-RED-L,0.0,shopify,2,continue,manual,1620.00,,true,true,,,,,,,,,,,,https://cdn.shopify.com/s/files/1/1015/5950/1113/files/cycling__30117__b41a7b466cefdb60__30117_04_1.jpg?v=1790331559,kg,,,
chiba-30117-cycling,,,,,,,,,紅色,,,XL,,,,,30117-RED-XL,0.0,shopify,2,continue,manual,1620.00,,true,true,,,,,,,,,,,,https://cdn.shopify.com/s/files/1/1015/5950/1113/files/cycling__30117__b41a7b466cefdb60__30117_04_1.jpg?v=1790331559,kg,,,
chiba-30117-cycling,,,,,,,,,紅色,,,XXL,,,,,30117-RED-XXL,0.0,shopify,2,continue,manual,1620.00,,true,true,,,,,,,,,,,,https://cdn.shopify.com/s/files/1/1015/5950/1113/files/cycling__30117__b41a7b466cefdb60__30117_04_1.jpg?v=1790331559,kg,,,
chiba-30117-cycling,,,,,,,,,紅色,,,3XL,,,,,30117-RED-3XL,0.0,shopify,2,continue,manual,1620.00,,true,true,,,,,,,,,,,,https://cdn.shopify.com/s/files/1/1015/5950/1113/files/cycling__30117__b41a7b466cefdb60__30117_04_1.jpg?v=1790331559,kg,,,
chiba-30117-cycling,,,,,,,,,黑色,,,XS,,,,,30117-BLACK-XS,0.0,shopify,2,continue,manual,1620.00,,true,true,,,,,,,,,,,,https://cdn.shopify.com/s/files/1/1015/5950/1113/files/cycling__30117__37b66d999c691497__30117_10_1.jpg?v=1790331558,kg,,,
chiba-30117-cycling,,,,,,,,,黑色,,,S,,,,,30117-BLACK-S,0.0,shopify,2,continue,manual,1620.00,,true,true,,,,,,,,,,,,https://cdn.shopify.com/s/files/1/1015/5950/1113/files/cycling__30117__37b66d999c691497__30117_10_1.jpg?v=1790331558,kg,,,
chiba-30117-cycling,,,,,,,,,黑色,,,M,,,,,30117-BLACK-M,0.0,shopify,2,continue,manual,1620.00,,true,true,,,,,,,,,,,,https://cdn.shopify.com/s/files/1/1015/5950/1113/files/cycling__30117__37b66d999c691497__30117_10_1.jpg?v=1790331558,kg,,,
chiba-30117-cycling,,,,,,,,,黑色,,,L,,,,,30117-BLACK-L,0.0,shopify,2,continue,manual,1620.00,,true,true,,,,,,,,,,,,https://cdn.shopify.com/s/files/1/1015/5950/1113/files/cycling__30117__37b66d999c691497__30117_10_1.jpg?v=1790331558,kg,,,
chiba-30117-cycling,,,,,,,,,黑色,,,XL,,,,,30117-BLACK-XL,0.0,shopify,2,continue,manual,1620.00,,true,true,,,,,,,,,,,,https://cdn.shopify.com/s/files/1/1015/5950/1113/files/cycling__30117__37b66d999c691497__30117_10_1.jpg?v=1790331558,kg,,,
chiba-30117-cycling,,,,,,,,,黑色,,,XXL,,,,,30117-BLACK-XXL,0.0,shopify,2,continue,manual,1620.00,,true,true,,,,,,,,,,,,https://cdn.shopify.com/s/files/1/1015/5950/1113/files/cycling__30117__37b66d999c691497__30117_10_1.jpg?v=1790331558,kg,,,
chiba-30117-cycling,,,,,,,,,黑色,,,3XL,,,,,30117-BLACK-3XL,0.0,shopify,2,continue,manual,1620.00,,true,true,,,,,,,,,,,,https://cdn.shopify.com/s/files/1/1015/5950/1113/files/cycling__30117__37b66d999c691497__30117_10_1.jpg?v=1790331558,kg,,,
chiba-30117-cycling,,,,,,,,,深灰色,,,XS,,,,,30117-DK.GREY-XS,0.0,shopify,2,continue,manual,1620.00,,true,true,,,,,,,,,,,,https://cdn.shopify.com/s/files/1/1015/5950/1113/files/cycling__30117__486f1c2e30dd05c4__30117_19_1.jpg?v=1790331558,kg,,,
chiba-30117-cycling,,,,,,,,,深灰色,,,S,,,,,30117-DK.GREY-S,0.0,shopify,2,continue,manual,1620.00,,true,true,,,,,,,,,,,,https://cdn.shopify.com/s/files/1/1015/5950/1113/files/cycling__30117__486f1c2e30dd05c4__30117_19_1.jpg?v=1790331558,kg,,,
chiba-30117-cycling,,,,,,,,,深灰色,,,M,,,,,30117-DK.GREY-M,0.0,shopify,2,continue,manual,1620.00,,true,true,,,,,,,,,,,,https://cdn.shopify.com/s/files/1/1015/5950/1113/files/cycling__30117__486f1c2e30dd05c4__30117_19_1.jpg?v=1790331558,kg,,,
chiba-30117-cycling,,,,,,,,,深灰色,,,L,,,,,30117-DK.GREY-L,0.0,shopify,2,continue,manual,1620.00,,true,true,,,,,,,,,,,,https://cdn.shopify.com/s/files/1/1015/5950/1113/files/cycling__30117__486f1c2e30dd05c4__30117_19_1.jpg?v=1790331558,kg,,,
chiba-30117-cycling,,,,,,,,,深灰色,,,XL,,,,,30117-DK.GREY-XL,0.0,shopify,2,continue,manual,1620.00,,true,true,,,,,,,,,,,,https://cdn.shopify.com/s/files/1/1015/5950/1113/files/cycling__30117__486f1c2e30dd05c4__30117_19_1.jpg?v=1790331558,kg,,,
chiba-30117-cycling,,,,,,,,,深灰色,,,XXL,,,,,30117-DK.GREY-XXL,0.0,shopify,2,continue,manual,1620.00,,true,true,,,,,,,,,,,,https://cdn.shopify.com/s/files/1/1015/5950/1113/files/cycling__30117__486f1c2e30dd05c4__30117_19_1.jpg?v=1790331558,kg,,,
chiba-30117-cycling,,,,,,,,,深灰色,,,3XL,,,,,30117-DK.GREY-3XL,0.0,shopify,2,continue,manual,1620.00,,true,true,,,,,,,,,,,,https://cdn.shopify.com/s/files/1/1015/5950/1113/files/cycling__30117__486f1c2e30dd05c4__30117_19_1.jpg?v=1790331558,kg,,,
chiba-3010626-cycling,CHIBA Gel Super Comfort 凝膠超舒適款,"<div class=""chiba-product-description"">
  <p><strong>CHIBA Gel Super Comfort 凝膠超舒適款</strong>｜德國百年專業工藝打造。Poron™ XRD© 旗艦吸震科技，吸收高達 90% 衝擊微震。</p>
  <ul>
    <li>
<strong>Poron™ XRD© 極限衝擊吸收墊</strong>：採用革命性微分子開放孔材料，平時柔軟順形。</li>
    <li>
<strong>人體工學加厚雙層凝膠</strong>：關鍵受壓區結合高彈性凝膠，雙重濾震，徹底消除長途騎行手骨麻痛與腕關節酸痛。</li>
    <li>
<strong>Quick-Pull® 專利秒脫拉環</strong>：指尖專利拉環設計，即使騎乘後滿手汗水也能一秒輕鬆俐落脫下手套。</li>
  </ul>
  <p>
    • <strong>系列材質</strong>：Comfort Line｜針織頂布、萊卡、Verde面料、Poron避震墊<br>
    • <strong>洗滌保養</strong>：支援 30°C 溫和水洗，平放陰乾，請勿烘乾。
  </p>
</div>",CHIBA GLOVES GERMANY,,cycling,"Comfort Line, cycling",true,顏色,白色,,尺寸,XS,,,,,3010626-WHITE-XS,0.0,shopify,2,continue,manual,1660.00,,true,true,,,,,,https://cdn.shopify.com/s/files/1/1015/5950/1113/files/cycling__3010626__cfb5151f6dafd196__3010626_01_1.jpg?v=1790331555,1,CHIBA Gel Super Comfort 凝膠超舒適款 白色,false,CHIBA Gel Super Comfort 凝膠超舒適款｜德國百年專業自行車手套,德國百年品牌 CHIBA 台灣官方直營：CHIBA Gel Super Comfort 凝膠超舒適款。採用革命性微分子開放孔材料，平時柔軟順形，遭遇強烈顛簸震動瞬間硬化鎖定吸收 90% 衝擊能量。台灣零售價現貨供應，德國原裝進口品質保證。,https://cdn.shopify.com/s/files/1/1015/5950/1113/files/cycling__3010626__cfb5151f6dafd196__3010626_01_1.jpg?v=1790331555,kg,,,active
chiba-3010626-cycling,,,,,,,,,白色,,,S,,,,,3010626-WHITE-S,0.0,shopify,2,continue,manual,1660.00,,true,true,,,,,,https://cdn.shopify.com/s/files/1/1015/5950/1113/files/cycling__3010626__c85c48ee0246c4d8__3010626_01_2.jpg?v=1790331555,2,CHIBA Gel Super Comfort 凝膠超舒適款 白色,,,,https://cdn.shopify.com/s/files/1/1015/5950/1113/files/cycling__3010626__cfb5151f6dafd196__3010626_01_1.jpg?v=1790331555,kg,,,
chiba-3010626-cycling,,,,,,,,,白色,,,M,,,,,3010626-WHITE-M,0.0,shopify,2,continue,manual,1660.00,,true,true,,,,,,https://cdn.shopify.com/s/files/1/1015/5950/1113/files/cycling__3010626__d056c1d76d185daa__3010626_04_1.jpg?v=1790331556,3,CHIBA Gel Super Comfort 凝膠超舒適款 紅色,,,,https://cdn.shopify.com/s/files/1/1015/5950/1113/files/cycling__3010626__cfb5151f6dafd196__3010626_01_1.jpg?v=1790331555,kg,,,
chiba-3010626-cycling,,,,,,,,,白色,,,L,,,,,3010626-WHITE-L,0.0,shopify,2,continue,manual,1660.00,,true,true,,,,,,https://cdn.shopify.com/s/files/1/1015/5950/1113/files/cycling__3010626__59b6fd851fcfcc99__3010626_04_2.jpg?v=1790331555,4,CHIBA Gel Super Comfort 凝膠超舒適款 紅色,,,,https://cdn.shopify.com/s/files/1/1015/5950/1113/files/cycling__3010626__cfb5151f6dafd196__3010626_01_1.jpg?v=1790331555,kg,,,
chiba-3010626-cycling,,,,,,,,,白色,,,XL,,,,,3010626-WHITE-XL,0.0,shopify,2,continue,manual,1660.00,,true,true,,,,,,https://cdn.shopify.com/s/files/1/1015/5950/1113/files/cycling__3010626__febc0b563cc90a60__3010626_10_1.jpg?v=1790331555,5,CHIBA Gel Super Comfort 凝膠超舒適款 黑色,,,,https://cdn.shopify.com/s/files/1/1015/5950/1113/files/cycling__3010626__cfb5151f6dafd196__3010626_01_1.jpg?v=1790331555,kg,,,
chiba-3010626-cycling,,,,,,,,,白色,,,XXL,,,,,3010626-WHITE-XXL,0.0,shopify,2,continue,manual,1660.00,,true,true,,,,,,https://cdn.shopify.com/s/files/1/1015/5950/1113/files/cycling__3010626__6e4c55815a4d41e9__3010626_10_2.jpg?v=1790331555,6,CHIBA Gel Super Comfort 凝膠超舒適款 黑色,,,,https://cdn.shopify.com/s/files/1/1015/5950/1113/files/cycling__3010626__cfb5151f6dafd196__3010626_01_1.jpg?v=1790331555,kg,,,
chiba-3010626-cycling,,,,,,,,,紅色,,,XS,,,,,3010626-RED-XS,0.0,shopify,2,continue,manual,1660.00,,true,true,,,,,,https://cdn.shopify.com/s/files/1/1015/5950/1113/files/cycling__3010626__2d6b11d9542e0a4e__3010626_19_1.jpg?v=1790331555,7,CHIBA Gel Super Comfort 凝膠超舒適款 深灰色,,,,https://cdn.shopify.com/s/files/1/1015/5950/1113/files/cycling__3010626__d056c1d76d185daa__3010626_04_1.jpg?v=1790331556,kg,,,
chiba-3010626-cycling,,,,,,,,,紅色,,,S,,,,,3010626-RED-S,0.0,shopify,2,continue,manual,1660.00,,true,true,,,,,,https://cdn.shopify.com/s/files/1/1015/5950/1113/files/cycling__3010626__c8f0132ad4d19eb3__3010626_19_2.jpg?v=1790331555,8,CHIBA Gel Super Comfort 凝膠超舒適款 深灰色,,,,https://cdn.shopify.com/s/files/1/1015/5950/1113/files/cycling__3010626__d056c1d76d185daa__3010626_04_1.jpg?v=1790331556,kg,,,
chiba-3010626-cycling,,,,,,,,,紅色,,,M,,,,,3010626-RED-M,0.0,shopify,2,continue,manual,1660.00,,true,true,,,,,,https://cdn.shopify.com/s/files/1/1015/5950/1113/files/cycling__3010626__48ee76b521510e9f__3010626_20-1_1.jpg?v=1790331555,9,CHIBA Gel Super Comfort 凝膠超舒適款 橄欖綠,,,,https://cdn.shopify.com/s/files/1/1015/5950/1113/files/cycling__3010626__d056c1d76d185daa__3010626_04_1.jpg?v=1790331556,kg,,,
chiba-3010626-cycling,,,,,,,,,紅色,,,L,,,,,3010626-RED-L,0.0,shopify,2,continue,manual,1660.00,,true,true,,,,,,https://cdn.shopify.com/s/files/1/1015/5950/1113/files/cycling__3010626__1e1654d84e4f1b8c__3010626_20-1_2.jpg?v=1790331555,10,CHIBA Gel Super Comfort 凝膠超舒適款 橄欖綠,,,,https://cdn.shopify.com/s/files/1/1015/5950/1113/files/cycling__3010626__d056c1d76d185daa__3010626_04_1.jpg?v=1790331556,kg,,,
chiba-3010626-cycling,,,,,,,,,紅色,,,XL,,,,,3010626-RED-XL,0.0,shopify,2,continue,manual,1660.00,,true,true,,,,,,,,,,,,https://cdn.shopify.com/s/files/1/1015/5950/1113/files/cycling__3010626__d056c1d76d185daa__3010626_04_1.jpg?v=1790331556,kg,,,
chiba-3010626-cycling,,,,,,,,,紅色,,,XXL,,,,,3010626-RED-XXL,0.0,shopify,2,continue,manual,1660.00,,true,true,,,,,,,,,,,,https://cdn.shopify.com/s/files/1/1015/5950/1113/files/cycling__3010626__d056c1d76d185daa__3010626_04_1.jpg?v=1790331556,kg,,,
chiba-3010626-cycling,,,,,,,,,黑色,,,XS,,,,,3010626-BLACK-XS,0.0,shopify,2,continue,manual,1660.00,,true,true,,,,,,,,,,,,https://cdn.shopify.com/s/files/1/1015/5950/1113/files/cycling__3010626__febc0b563cc90a60__3010626_10_1.jpg?v=1790331555,kg,,,
chiba-3010626-cycling,,,,,,,,,黑色,,,S,,,,,3010626-BLACK-S,0.0,shopify,2,continue,manual,1660.00,,true,true,,,,,,,,,,,,https://cdn.shopify.com/s/files/1/1015/5950/1113/files/cycling__3010626__febc0b563cc90a60__3010626_10_1.jpg?v=1790331555,kg,,,
chiba-3010626-cycling,,,,,,,,,黑色,,,M,,,,,3010626-BLACK-M,0.0,shopify,2,continue,manual,1660.00,,true,true,,,,,,,,,,,,https://cdn.shopify.com/s/files/1/1015/5950/1113/files/cycling__3010626__febc0b563cc90a60__3010626_10_1.jpg?v=1790331555,kg,,,
chiba-3010626-cycling,,,,,,,,,黑色,,,L,,,,,3010626-BLACK-L,0.0,shopify,2,continue,manual,1660.00,,true,true,,,,,,,,,,,,https://cdn.shopify.com/s/files/1/1015/5950/1113/files/cycling__3010626__febc0b563cc90a60__3010626_10_1.jpg?v=1790331555,kg,,,
chiba-3010626-cycling,,,,,,,,,黑色,,,XL,,,,,3010626-BLACK-XL,0.0,shopify,2,continue,manual,1660.00,,true,true,,,,,,,,,,,,https://cdn.shopify.com/s/files/1/1015/5950/1113/files/cycling__3010626__febc0b563cc90a60__3010626_10_1.jpg?v=1790331555,kg,,,
chiba-3010626-cycling,,,,,,,,,黑色,,,XXL,,,,,3010626-BLACK-XXL,0.0,shopify,2,continue,manual,1660.00,,true,true,,,,,,,,,,,,https://cdn.shopify.com/s/files/1/1015/5950/1113/files/cycling__3010626__febc0b563cc90a60__3010626_10_1.jpg?v=1790331555,kg,,,
chiba-3010626-cycling,,,,,,,,,深灰色,,,XS,,,,,3010626-DK.GREY-XS,0.0,shopify,2,continue,manual,1660.00,,true,true,,,,,,,,,,,,https://cdn.shopify.com/s/files/1/1015/5950/1113/files/cycling__3010626__2d6b11d9542e0a4e__3010626_19_1.jpg?v=1790331555,kg,,,
chiba-3010626-cycling,,,,,,,,,深灰色,,,S,,,,,3010626-DK.GREY-S,0.0,shopify,2,continue,manual,1660.00,,true,true,,,,,,,,,,,,https://cdn.shopify.com/s/files/1/1015/5950/1113/files/cycling__3010626__2d6b11d9542e0a4e__3010626_19_1.jpg?v=1790331555,kg,,,
chiba-3010626-cycling,,,,,,,,,深灰色,,,M,,,,,3010626-DK.GREY-M,0.0,shopify,2,continue,manual,1660.00,,true,true,,,,,,,,,,,,https://cdn.shopify.com/s/files/1/1015/5950/1113/files/cycling__3010626__2d6b11d9542e0a4e__3010626_19_1.jpg?v=1790331555,kg,,,
chiba-3010626-cycling,,,,,,,,,深灰色,,,L,,,,,3010626-DK.GREY-L,0.0,shopify,2,continue,manual,1660.00,,true,true,,,,,,,,,,,,https://cdn.shopify.com/s/files/1/1015/5950/1113/files/cycling__3010626__2d6b11d9542e0a4e__3010626_19_1.jpg?v=1790331555,kg,,,
chiba-3010626-cycling,,,,,,,,,深灰色,,,XL,,,,,3010626-DK.GREY-XL,0.0,shopify,2,continue,manual,1660.00,,true,true,,,,,,,,,,,,https://cdn.shopify.com/s/files/1/1015/5950/1113/files/cycling__3010626__2d6b11d9542e0a4e__3010626_19_1.jpg?v=1790331555,kg,,,
chiba-3010626-cycling,,,,,,,,,深灰色,,,XXL,,,,,3010626-DK.GREY-XXL,0.0,shopify,2,continue,manual,1660.00,,true,true,,,,,,,,,,,,https://cdn.shopify.com/s/files/1/1015/5950/1113/files/cycling__3010626__2d6b11d9542e0a4e__3010626_19_1.jpg?v=1790331555,kg,,,
chiba-3010626-cycling,,,,,,,,,橄欖綠,,,XS,,,,,3010626-OLIVE-XS,0.0,shopify,2,continue,manual,1660.00,,true,true,,,,,,,,,,,,https://cdn.shopify.com/s/files/1/1015/5950/1113/files/cycling__3010626__48ee76b521510e9f__3010626_20-1_1.jpg?v=1790331555,kg,,,
chiba-3010626-cycling,,,,,,,,,橄欖綠,,,S,,,,,3010626-OLIVE-S,0.0,shopify,2,continue,manual,1660.00,,true,true,,,,,,,,,,,,https://cdn.shopify.com/s/files/1/1015/5950/1113/files/cycling__3010626__48ee76b521510e9f__3010626_20-1_1.jpg?v=1790331555,kg,,,
chiba-3010626-cycling,,,,,,,,,橄欖綠,,,M,,,,,3010626-OLIVE-M,0.0,shopify,2,continue,manual,1660.00,,true,true,,,,,,,,,,,,https://cdn.shopify.com/s/files/1/1015/5950/1113/files/cycling__3010626__48ee76b521510e9f__3010626_20-1_1.jpg?v=1790331555,kg,,,
chiba-3010626-cycling,,,,,,,,,橄欖綠,,,L,,,,,3010626-OLIVE-L,0.0,shopify,2,continue,manual,1660.00,,true,true,,,,,,,,,,,,https://cdn.shopify.com/s/files/1/1015/5950/1113/files/cycling__3010626__48ee76b521510e9f__3010626_20-1_1.jpg?v=1790331555,kg,,,
chiba-3010626-cycling,,,,,,,,,橄欖綠,,,XL,,,,,3010626-OLIVE-XL,0.0,shopify,2,continue,manual,1660.00,,true,true,,,,,,,,,,,,https://cdn.shopify.com/s/files/1/1015/5950/1113/files/cycling__3010626__48ee76b521510e9f__3010626_20-1_1.jpg?v=1790331555,kg,,,
chiba-3010626-cycling,,,,,,,,,橄欖綠,,,XXL,,,,,3010626-OLIVE-XXL,0.0,shopify,2,continue,manual,1660.00,,true,true,,,,,,,,,,,,https://cdn.shopify.com/s/files/1/1015/5950/1113/files/cycling__3010626__48ee76b521510e9f__3010626_20-1_1.jpg?v=1790331555,kg,,,
chiba-3010524-cycling,CHIBA Air Plus Reflex 進階透氣反光款,"<div class=""chiba-product-description"">
  <p><strong>CHIBA Air Plus Reflex 進階透氣反光款</strong>｜德國百年專業工藝打造。日夜皆宜的全能守護者，Clarino 耐磨皮革搭配高能見度夜間反光條。</p>
  <ul>
    <li>
<strong>手背高能見度安全反光條</strong>：手背反光材質在昏暗與夜間光照下反射耀眼警示光。</li>
    <li>
<strong>Clarino 日本進口超耐磨皮革</strong>：掌面採用日本頂級 Clarino 合成皮。</li>
    <li>
<strong>Quick-Pull® 專利秒脫拉環</strong>：指尖專利拉環設計，即使騎乘後滿手汗水也能一秒輕鬆俐落脫下手套。</li>
  </ul>
  <p>
    • <strong>系列材質</strong>：Comfort Line｜微網布、彈性纖維、Clarino人造皮、透氣網布<br>
    • <strong>洗滌保養</strong>：支援 30°C 溫和水洗，平放陰乾，請勿烘乾。
  </p>
</div>",CHIBA GLOVES GERMANY,,cycling,"Comfort Line, cycling",true,顏色,螢光黃,,尺寸,XS,,,,,3010524-NEONYELLOW-XS,0.0,shopify,2,continue,manual,1450.00,,true,true,,,,,,https://cdn.shopify.com/s/files/1/1015/5950/1113/files/cycling__3010524__26c742f7162262a7__3010524_03-1_1.jpg?v=1790331553,1,CHIBA Air Plus Reflex 進階透氣反光款 螢光黃,false,CHIBA Air Plus Reflex 進階透氣反光款｜德國百年專業自行車手套,德國百年品牌 CHIBA 台灣官方直營：CHIBA Air Plus Reflex 進階透氣反光款。手背反光材質在昏暗與夜間光照下反射耀眼警示光，大幅提升夜騎與晨霧中手勢辨識度。台灣零售價現貨供應，德國原裝進口品質保證。,https://cdn.shopify.com/s/files/1/1015/5950/1113/files/cycling__3010524__26c742f7162262a7__3010524_03-1_1.jpg?v=1790331553,kg,,,active
chiba-3010524-cycling,,,,,,,,,螢光黃,,,S,,,,,3010524-NEONYELLOW-S,0.0,shopify,2,continue,manual,1450.00,,true,true,,,,,,https://cdn.shopify.com/s/files/1/1015/5950/1113/files/cycling__3010524__5525567ae1ffa116__3010524_03-1_2.jpg?v=1790331553,2,CHIBA Air Plus Reflex 進階透氣反光款 螢光黃,,,,https://cdn.shopify.com/s/files/1/1015/5950/1113/files/cycling__3010524__26c742f7162262a7__3010524_03-1_1.jpg?v=1790331553,kg,,,
chiba-3010524-cycling,,,,,,,,,螢光黃,,,M,,,,,3010524-NEONYELLOW-M,0.0,shopify,2,continue,manual,1450.00,,true,true,,,,,,https://cdn.shopify.com/s/files/1/1015/5950/1113/files/cycling__3010524__10ce87f81a8ddd96__3010524_04_1.jpg?v=1790331553,3,CHIBA Air Plus Reflex 進階透氣反光款 紅色,,,,https://cdn.shopify.com/s/files/1/1015/5950/1113/files/cycling__3010524__26c742f7162262a7__3010524_03-1_1.jpg?v=1790331553,kg,,,
chiba-3010524-cycling,,,,,,,,,螢光黃,,,L,,,,,3010524-NEONYELLOW-L,0.0,shopify,2,continue,manual,1450.00,,true,true,,,,,,https://cdn.shopify.com/s/files/1/1015/5950/1113/files/cycling__3010524__26bb138d47c327a6__3010524_04_2.jpg?v=1790331553,4,CHIBA Air Plus Reflex 進階透氣反光款 紅色,,,,https://cdn.shopify.com/s/files/1/1015/5950/1113/files/cycling__3010524__26c742f7162262a7__3010524_03-1_1.jpg?v=1790331553,kg,,,
chiba-3010524-cycling,,,,,,,,,螢光黃,,,XL,,,,,3010524-NEONYELLOW-XL,0.0,shopify,2,continue,manual,1450.00,,true,true,,,,,,https://cdn.shopify.com/s/files/1/1015/5950/1113/files/cycling__3010524__d6817682fb20d1cd__3010524_10_1.jpg?v=1790331553,5,CHIBA Air Plus Reflex 進階透氣反光款 黑色,,,,https://cdn.shopify.com/s/files/1/1015/5950/1113/files/cycling__3010524__26c742f7162262a7__3010524_03-1_1.jpg?v=1790331553,kg,,,
chiba-3010524-cycling,,,,,,,,,螢光黃,,,XXL,,,,,3010524-NEONYELLOW-XXL,0.0,shopify,2,continue,manual,1450.00,,true,true,,,,,,https://cdn.shopify.com/s/files/1/1015/5950/1113/files/cycling__3010524__7afff129ca98f089__3010524_10_2.jpg?v=1790331553,6,CHIBA Air Plus Reflex 進階透氣反光款 黑色,,,,https://cdn.shopify.com/s/files/1/1015/5950/1113/files/cycling__3010524__26c742f7162262a7__3010524_03-1_1.jpg?v=1790331553,kg,,,
chiba-3010524-cycling,,,,,,,,,紅色,,,XS,,,,,3010524-RED-XS,0.0,shopify,2,continue,manual,1450.00,,true,true,,,,,,https://cdn.shopify.com/s/files/1/1015/5950/1113/files/cycling__3010524__48c9bc51efcc00c6__3010524_19_1.jpg?v=1790331553,7,CHIBA Air Plus Reflex 進階透氣反光款 深灰色,,,,https://cdn.shopify.com/s/files/1/1015/5950/1113/files/cycling__3010524__10ce87f81a8ddd96__3010524_04_1.jpg?v=1790331553,kg,,,
chiba-3010524-cycling,,,,,,,,,紅色,,,S,,,,,3010524-RED-S,0.0,shopify,2,continue,manual,1450.00,,true,true,,,,,,https://cdn.shopify.com/s/files/1/1015/5950/1113/files/cycling__3010524__51140745810710b3__3010524_19_2.jpg?v=1790331553,8,CHIBA Air Plus Reflex 進階透氣反光款 深灰色,,,,https://cdn.shopify.com/s/files/1/1015/5950/1113/files/cycling__3010524__10ce87f81a8ddd96__3010524_04_1.jpg?v=1790331553,kg,,,
chiba-3010524-cycling,,,,,,,,,紅色,,,M,,,,,3010524-RED-M,0.0,shopify,2,continue,manual,1450.00,,true,true,,,,,,,,,,,,https://cdn.shopify.com/s/files/1/1015/5950/1113/files/cycling__3010524__10ce87f81a8ddd96__3010524_04_1.jpg?v=1790331553,kg,,,
chiba-3010524-cycling,,,,,,,,,紅色,,,L,,,,,3010524-RED-L,0.0,shopify,2,continue,manual,1450.00,,true,true,,,,,,,,,,,,https://cdn.shopify.com/s/files/1/1015/5950/1113/files/cycling__3010524__10ce87f81a8ddd96__3010524_04_1.jpg?v=1790331553,kg,,,
chiba-3010524-cycling,,,,,,,,,紅色,,,XL,,,,,3010524-RED-XL,0.0,shopify,2,continue,manual,1450.00,,true,true,,,,,,,,,,,,https://cdn.shopify.com/s/files/1/1015/5950/1113/files/cycling__3010524__10ce87f81a8ddd96__3010524_04_1.jpg?v=1790331553,kg,,,
chiba-3010524-cycling,,,,,,,,,紅色,,,XXL,,,,,3010524-RED-XXL,0.0,shopify,2,continue,manual,1450.00,,true,true,,,,,,,,,,,,https://cdn.shopify.com/s/files/1/1015/5950/1113/files/cycling__3010524__10ce87f81a8ddd96__3010524_04_1.jpg?v=1790331553,kg,,,
chiba-3010524-cycling,,,,,,,,,黑色,,,XS,,,,,3010524-BLACK-XS,0.0,shopify,2,continue,manual,1450.00,,true,true,,,,,,,,,,,,https://cdn.shopify.com/s/files/1/1015/5950/1113/files/cycling__3010524__d6817682fb20d1cd__3010524_10_1.jpg?v=1790331553,kg,,,
chiba-3010524-cycling,,,,,,,,,黑色,,,S,,,,,3010524-BLACK-S,0.0,shopify,2,continue,manual,1450.00,,true,true,,,,,,,,,,,,https://cdn.shopify.com/s/files/1/1015/5950/1113/files/cycling__3010524__d6817682fb20d1cd__3010524_10_1.jpg?v=1790331553,kg,,,
chiba-3010524-cycling,,,,,,,,,黑色,,,M,,,,,3010524-BLACK-M,0.0,shopify,2,continue,manual,1450.00,,true,true,,,,,,,,,,,,https://cdn.shopify.com/s/files/1/1015/5950/1113/files/cycling__3010524__d6817682fb20d1cd__3010524_10_1.jpg?v=1790331553,kg,,,
chiba-3010524-cycling,,,,,,,,,黑色,,,L,,,,,3010524-BLACK-L,0.0,shopify,2,continue,manual,1450.00,,true,true,,,,,,,,,,,,https://cdn.shopify.com/s/files/1/1015/5950/1113/files/cycling__3010524__d6817682fb20d1cd__3010524_10_1.jpg?v=1790331553,kg,,,
chiba-3010524-cycling,,,,,,,,,黑色,,,XL,,,,,3010524-BLACK-XL,0.0,shopify,2,continue,manual,1450.00,,true,true,,,,,,,,,,,,https://cdn.shopify.com/s/files/1/1015/5950/1113/files/cycling__3010524__d6817682fb20d1cd__3010524_10_1.jpg?v=1790331553,kg,,,
chiba-3010524-cycling,,,,,,,,,黑色,,,XXL,,,,,3010524-BLACK-XXL,0.0,shopify,2,continue,manual,1450.00,,true,true,,,,,,,,,,,,https://cdn.shopify.com/s/files/1/1015/5950/1113/files/cycling__3010524__d6817682fb20d1cd__3010524_10_1.jpg?v=1790331553,kg,,,
chiba-3010524-cycling,,,,,,,,,深灰色,,,XS,,,,,3010524-DK.GREY-XS,0.0,shopify,2,continue,manual,1450.00,,true,true,,,,,,,,,,,,https://cdn.shopify.com/s/files/1/1015/5950/1113/files/cycling__3010524__48c9bc51efcc00c6__3010524_19_1.jpg?v=1790331553,kg,,,
chiba-3010524-cycling,,,,,,,,,深灰色,,,S,,,,,3010524-DK.GREY-S,0.0,shopify,2,continue,manual,1450.00,,true,true,,,,,,,,,,,,https://cdn.shopify.com/s/files/1/1015/5950/1113/files/cycling__3010524__48c9bc51efcc00c6__3010524_19_1.jpg?v=1790331553,kg,,,
chiba-3010524-cycling,,,,,,,,,深灰色,,,M,,,,,3010524-DK.GREY-M,0.0,shopify,2,continue,manual,1450.00,,true,true,,,,,,,,,,,,https://cdn.shopify.com/s/files/1/1015/5950/1113/files/cycling__3010524__48c9bc51efcc00c6__3010524_19_1.jpg?v=1790331553,kg,,,
chiba-3010524-cycling,,,,,,,,,深灰色,,,L,,,,,3010524-DK.GREY-L,0.0,shopify,2,continue,manual,1450.00,,true,true,,,,,,,,,,,,https://cdn.shopify.com/s/files/1/1015/5950/1113/files/cycling__3010524__48c9bc51efcc00c6__3010524_19_1.jpg?v=1790331553,kg,,,
chiba-3010524-cycling,,,,,,,,,深灰色,,,XL,,,,,3010524-DK.GREY-XL,0.0,shopify,2,continue,manual,1450.00,,true,true,,,,,,,,,,,,https://cdn.shopify.com/s/files/1/1015/5950/1113/files/cycling__3010524__48c9bc51efcc00c6__3010524_19_1.jpg?v=1790331553,kg,,,
chiba-3010524-cycling,,,,,,,,,深灰色,,,XXL,,,,,3010524-DK.GREY-XXL,0.0,shopify,2,continue,manual,1450.00,,true,true,,,,,,,,,,,,https://cdn.shopify.com/s/files/1/1015/5950/1113/files/cycling__3010524__48c9bc51efcc00c6__3010524_19_1.jpg?v=1790331553,kg,,,
chiba-3010424-cycling,CHIBA Ergo Superlight 人體工學超輕款,"<div class=""chiba-product-description"">
  <p><strong>CHIBA Ergo Superlight 人體工學超輕款</strong>｜德國百年專業工藝打造。極致羽量化競技之選，Opy 80 頂級面料。</p>
  <ul>
    <li>
<strong>羽量級超輕結構</strong>：嚴選 Opy 80 輕量化科技纖維，大幅減輕手套自重。</li>
    <li>
<strong>立體壓紋防滑掌心</strong>：Embossed Palm 立體微壓紋設計。</li>
    <li>
<strong>Quick-Pull® 專利秒脫拉環</strong>：指尖專利拉環設計，即使騎乘後滿手汗水也能一秒輕鬆俐落脫下手套。</li>
  </ul>
  <p>
    • <strong>系列材質</strong>：Comfort Line｜壓紋掌心、Opy 80面料、聚酯纖維<br>
    • <strong>洗滌保養</strong>：支援 30°C 溫和水洗，平放陰乾，請勿烘乾。
  </p>
</div>",CHIBA GLOVES GERMANY,,cycling,"Comfort Line, cycling",true,顏色,白色,,尺寸,XS,,,,,3010424-WHITE-XS,0.0,shopify,2,continue,manual,1160.00,,true,true,,,,,,https://cdn.shopify.com/s/files/1/1015/5950/1113/files/cycling__3010424__5e4e279cab99b735__3010424_01_1.jpg?v=1790331551,1,CHIBA Ergo Superlight 人體工學超輕款 白色,false,CHIBA Ergo Superlight 人體工學超輕款｜德國百年專業自行車手套,德國百年品牌 CHIBA 台灣官方直營：CHIBA Ergo Superlight 人體工學超輕款。嚴選 Opy 80 輕量化科技纖維，大幅減輕手套自重，帶來如同第二層肌膚般的裸感體驗。台灣零售價現貨供應，德國原裝進口品質保證。,https://cdn.shopify.com/s/files/1/1015/5950/1113/files/cycling__3010424__5e4e279cab99b735__3010424_01_1.jpg?v=1790331551,kg,,,active
chiba-3010424-cycling,,,,,,,,,白色,,,S,,,,,3010424-WHITE-S,0.0,shopify,2,continue,manual,1160.00,,true,true,,,,,,https://cdn.shopify.com/s/files/1/1015/5950/1113/files/cycling__3010424__a0946de4e3ce83a9__3010424_01_2.jpg?v=1790331550,2,CHIBA Ergo Superlight 人體工學超輕款 白色,,,,https://cdn.shopify.com/s/files/1/1015/5950/1113/files/cycling__3010424__5e4e279cab99b735__3010424_01_1.jpg?v=1790331551,kg,,,
chiba-3010424-cycling,,,,,,,,,白色,,,M,,,,,3010424-WHITE-M,0.0,shopify,2,continue,manual,1160.00,,true,true,,,,,,https://cdn.shopify.com/s/files/1/1015/5950/1113/files/cycling__3010424__e80e3707f81af212__3010424_04_1.jpg?v=1790331550,3,CHIBA Ergo Superlight 人體工學超輕款 紅色,,,,https://cdn.shopify.com/s/files/1/1015/5950/1113/files/cycling__3010424__5e4e279cab99b735__3010424_01_1.jpg?v=1790331551,kg,,,
chiba-3010424-cycling,,,,,,,,,白色,,,L,,,,,3010424-WHITE-L,0.0,shopify,2,continue,manual,1160.00,,true,true,,,,,,https://cdn.shopify.com/s/files/1/1015/5950/1113/files/cycling__3010424__19613fbe04f87f22__3010424_04_2.jpg?v=1790331550,4,CHIBA Ergo Superlight 人體工學超輕款 紅色,,,,https://cdn.shopify.com/s/files/1/1015/5950/1113/files/cycling__3010424__5e4e279cab99b735__3010424_01_1.jpg?v=1790331551,kg,,,
chiba-3010424-cycling,,,,,,,,,白色,,,XL,,,,,3010424-WHITE-XL,0.0,shopify,2,continue,manual,1160.00,,true,true,,,,,,https://cdn.shopify.com/s/files/1/1015/5950/1113/files/cycling__3010424__489c7068486b474d__3010424_18_1.jpg?v=1790331550,5,CHIBA Ergo Superlight 人體工學超輕款 綠松石藍,,,,https://cdn.shopify.com/s/files/1/1015/5950/1113/files/cycling__3010424__5e4e279cab99b735__3010424_01_1.jpg?v=1790331551,kg,,,
chiba-3010424-cycling,,,,,,,,,白色,,,XXL,,,,,3010424-WHITE-XXL,0.0,shopify,2,continue,manual,1160.00,,true,true,,,,,,https://cdn.shopify.com/s/files/1/1015/5950/1113/files/cycling__3010424__aa0ebe458333caa2__3010424_18_2.jpg?v=1790331551,6,CHIBA Ergo Superlight 人體工學超輕款 綠松石藍,,,,https://cdn.shopify.com/s/files/1/1015/5950/1113/files/cycling__3010424__5e4e279cab99b735__3010424_01_1.jpg?v=1790331551,kg,,,
chiba-3010424-cycling,,,,,,,,,紅色,,,XS,,,,,3010424-RED-XS,0.0,shopify,2,continue,manual,1160.00,,true,true,,,,,,https://cdn.shopify.com/s/files/1/1015/5950/1113/files/cycling__3010424__dbae12476331841c__3010424_19_1.jpg?v=1790331550,7,CHIBA Ergo Superlight 人體工學超輕款 深灰色,,,,https://cdn.shopify.com/s/files/1/1015/5950/1113/files/cycling__3010424__e80e3707f81af212__3010424_04_1.jpg?v=1790331550,kg,,,
chiba-3010424-cycling,,,,,,,,,紅色,,,S,,,,,3010424-RED-S,0.0,shopify,2,continue,manual,1160.00,,true,true,,,,,,https://cdn.shopify.com/s/files/1/1015/5950/1113/files/cycling__3010424__1b1a540105792fc8__3010424_19_2.jpg?v=1790331550,8,CHIBA Ergo Superlight 人體工學超輕款 深灰色,,,,https://cdn.shopify.com/s/files/1/1015/5950/1113/files/cycling__3010424__e80e3707f81af212__3010424_04_1.jpg?v=1790331550,kg,,,
chiba-3010424-cycling,,,,,,,,,紅色,,,M,,,,,3010424-RED-M,0.0,shopify,2,continue,manual,1160.00,,true,true,,,,,,https://cdn.shopify.com/s/files/1/1015/5950/1113/files/cycling__3010424__e1e5edca81a488f7__3010424_20-1_1.jpg?v=1790331550,9,CHIBA Ergo Superlight 人體工學超輕款 橄欖綠,,,,https://cdn.shopify.com/s/files/1/1015/5950/1113/files/cycling__3010424__e80e3707f81af212__3010424_04_1.jpg?v=1790331550,kg,,,
chiba-3010424-cycling,,,,,,,,,紅色,,,L,,,,,3010424-RED-L,0.0,shopify,2,continue,manual,1160.00,,true,true,,,,,,https://cdn.shopify.com/s/files/1/1015/5950/1113/files/cycling__3010424__2ecbf4f979d98eb1__3010424_20-1_2.jpg?v=1790331551,10,CHIBA Ergo Superlight 人體工學超輕款 橄欖綠,,,,https://cdn.shopify.com/s/files/1/1015/5950/1113/files/cycling__3010424__e80e3707f81af212__3010424_04_1.jpg?v=1790331550,kg,,,
chiba-3010424-cycling,,,,,,,,,紅色,,,XL,,,,,3010424-RED-XL,0.0,shopify,2,continue,manual,1160.00,,true,true,,,,,,https://cdn.shopify.com/s/files/1/1015/5950/1113/files/cycling__3010424__49533772b57e4716__3010424_27_1.jpg?v=1790331550,11,CHIBA Ergo Superlight 人體工學超輕款 紫色,,,,https://cdn.shopify.com/s/files/1/1015/5950/1113/files/cycling__3010424__e80e3707f81af212__3010424_04_1.jpg?v=1790331550,kg,,,
chiba-3010424-cycling,,,,,,,,,紅色,,,XXL,,,,,3010424-RED-XXL,0.0,shopify,2,continue,manual,1160.00,,true,true,,,,,,https://cdn.shopify.com/s/files/1/1015/5950/1113/files/cycling__3010424__4e7fa296061b230f__3010424_27_2.jpg?v=1790331550,12,CHIBA Ergo Superlight 人體工學超輕款 紫色,,,,https://cdn.shopify.com/s/files/1/1015/5950/1113/files/cycling__3010424__e80e3707f81af212__3010424_04_1.jpg?v=1790331550,kg,,,
chiba-3010424-cycling,,,,,,,,,綠松石藍,,,XS,,,,,3010424-TOURQUISE-XS,0.0,shopify,2,continue,manual,1160.00,,true,true,,,,,,,,,,,,https://cdn.shopify.com/s/files/1/1015/5950/1113/files/cycling__3010424__489c7068486b474d__3010424_18_1.jpg?v=1790331550,kg,,,
chiba-3010424-cycling,,,,,,,,,綠松石藍,,,S,,,,,3010424-TOURQUISE-S,0.0,shopify,2,continue,manual,1160.00,,true,true,,,,,,,,,,,,https://cdn.shopify.com/s/files/1/1015/5950/1113/files/cycling__3010424__489c7068486b474d__3010424_18_1.jpg?v=1790331550,kg,,,
chiba-3010424-cycling,,,,,,,,,綠松石藍,,,M,,,,,3010424-TOURQUISE-M,0.0,shopify,2,continue,manual,1160.00,,true,true,,,,,,,,,,,,https://cdn.shopify.com/s/files/1/1015/5950/1113/files/cycling__3010424__489c7068486b474d__3010424_18_1.jpg?v=1790331550,kg,,,
chiba-3010424-cycling,,,,,,,,,綠松石藍,,,L,,,,,3010424-TOURQUISE-L,0.0,shopify,2,continue,manual,1160.00,,true,true,,,,,,,,,,,,https://cdn.shopify.com/s/files/1/1015/5950/1113/files/cycling__3010424__489c7068486b474d__3010424_18_1.jpg?v=1790331550,kg,,,
chiba-3010424-cycling,,,,,,,,,綠松石藍,,,XL,,,,,3010424-TOURQUISE-XL,0.0,shopify,2,continue,manual,1160.00,,true,true,,,,,,,,,,,,https://cdn.shopify.com/s/files/1/1015/5950/1113/files/cycling__3010424__489c7068486b474d__3010424_18_1.jpg?v=1790331550,kg,,,
chiba-3010424-cycling,,,,,,,,,綠松石藍,,,XXL,,,,,3010424-TOURQUISE-XXL,0.0,shopify,2,continue,manual,1160.00,,true,true,,,,,,,,,,,,https://cdn.shopify.com/s/files/1/1015/5950/1113/files/cycling__3010424__489c7068486b474d__3010424_18_1.jpg?v=1790331550,kg,,,
chiba-3010424-cycling,,,,,,,,,深灰色,,,XS,,,,,3010424-DK.GREY-XS,0.0,shopify,2,continue,manual,1160.00,,true,true,,,,,,,,,,,,https://cdn.shopify.com/s/files/1/1015/5950/1113/files/cycling__3010424__dbae12476331841c__3010424_19_1.jpg?v=1790331550,kg,,,
chiba-3010424-cycling,,,,,,,,,深灰色,,,S,,,,,3010424-DK.GREY-S,0.0,shopify,2,continue,manual,1160.00,,true,true,,,,,,,,,,,,https://cdn.shopify.com/s/files/1/1015/5950/1113/files/cycling__3010424__dbae12476331841c__3010424_19_1.jpg?v=1790331550,kg,,,
chiba-3010424-cycling,,,,,,,,,深灰色,,,M,,,,,3010424-DK.GREY-M,0.0,shopify,2,continue,manual,1160.00,,true,true,,,,,,,,,,,,https://cdn.shopify.com/s/files/1/1015/5950/1113/files/cycling__3010424__dbae12476331841c__3010424_19_1.jpg?v=1790331550,kg,,,
chiba-3010424-cycling,,,,,,,,,深灰色,,,L,,,,,3010424-DK.GREY-L,0.0,shopify,2,continue,manual,1160.00,,true,true,,,,,,,,,,,,https://cdn.shopify.com/s/files/1/1015/5950/1113/files/cycling__3010424__dbae12476331841c__3010424_19_1.jpg?v=1790331550,kg,,,
chiba-3010424-cycling,,,,,,,,,深灰色,,,XL,,,,,3010424-DK.GREY-XL,0.0,shopify,2,continue,manual,1160.00,,true,true,,,,,,,,,,,,https://cdn.shopify.com/s/files/1/1015/5950/1113/files/cycling__3010424__dbae12476331841c__3010424_19_1.jpg?v=1790331550,kg,,,
chiba-3010424-cycling,,,,,,,,,深灰色,,,XXL,,,,,3010424-DK.GREY-XXL,0.0,shopify,2,continue,manual,1160.00,,true,true,,,,,,,,,,,,https://cdn.shopify.com/s/files/1/1015/5950/1113/files/cycling__3010424__dbae12476331841c__3010424_19_1.jpg?v=1790331550,kg,,,
chiba-3010424-cycling,,,,,,,,,橄欖綠,,,XS,,,,,3010424-OLIVE-XS,0.0,shopify,2,continue,manual,1160.00,,true,true,,,,,,,,,,,,https://cdn.shopify.com/s/files/1/1015/5950/1113/files/cycling__3010424__e1e5edca81a488f7__3010424_20-1_1.jpg?v=1790331550,kg,,,
chiba-3010424-cycling,,,,,,,,,橄欖綠,,,S,,,,,3010424-OLIVE-S,0.0,shopify,2,continue,manual,1160.00,,true,true,,,,,,,,,,,,https://cdn.shopify.com/s/files/1/1015/5950/1113/files/cycling__3010424__e1e5edca81a488f7__3010424_20-1_1.jpg?v=1790331550,kg,,,
chiba-3010424-cycling,,,,,,,,,橄欖綠,,,M,,,,,3010424-OLIVE-M,0.0,shopify,2,continue,manual,1160.00,,true,true,,,,,,,,,,,,https://cdn.shopify.com/s/files/1/1015/5950/1113/files/cycling__3010424__e1e5edca81a488f7__3010424_20-1_1.jpg?v=1790331550,kg,,,
chiba-3010424-cycling,,,,,,,,,橄欖綠,,,L,,,,,3010424-OLIVE-L,0.0,shopify,2,continue,manual,1160.00,,true,true,,,,,,,,,,,,https://cdn.shopify.com/s/files/1/1015/5950/1113/files/cycling__3010424__e1e5edca81a488f7__3010424_20-1_1.jpg?v=1790331550,kg,,,
chiba-3010424-cycling,,,,,,,,,橄欖綠,,,XL,,,,,3010424-OLIVE-XL,0.0,shopify,2,continue,manual,1160.00,,true,true,,,,,,,,,,,,https://cdn.shopify.com/s/files/1/1015/5950/1113/files/cycling__3010424__e1e5edca81a488f7__3010424_20-1_1.jpg?v=1790331550,kg,,,
chiba-3010424-cycling,,,,,,,,,橄欖綠,,,XXL,,,,,3010424-OLIVE-XXL,0.0,shopify,2,continue,manual,1160.00,,true,true,,,,,,,,,,,,https://cdn.shopify.com/s/files/1/1015/5950/1113/files/cycling__3010424__e1e5edca81a488f7__3010424_20-1_1.jpg?v=1790331550,kg,,,
chiba-3010424-cycling,,,,,,,,,紫色,,,XS,,,,,3010424-VIOLETT-XS,0.0,shopify,2,continue,manual,1160.00,,true,true,,,,,,,,,,,,https://cdn.shopify.com/s/files/1/1015/5950/1113/files/cycling__3010424__49533772b57e4716__3010424_27_1.jpg?v=1790331550,kg,,,
chiba-3010424-cycling,,,,,,,,,紫色,,,S,,,,,3010424-VIOLETT-S,0.0,shopify,2,continue,manual,1160.00,,true,true,,,,,,,,,,,,https://cdn.shopify.com/s/files/1/1015/5950/1113/files/cycling__3010424__49533772b57e4716__3010424_27_1.jpg?v=1790331550,kg,,,
chiba-3010424-cycling,,,,,,,,,紫色,,,M,,,,,3010424-VIOLETT-M,0.0,shopify,2,continue,manual,1160.00,,true,true,,,,,,,,,,,,https://cdn.shopify.com/s/files/1/1015/5950/1113/files/cycling__3010424__49533772b57e4716__3010424_27_1.jpg?v=1790331550,kg,,,
chiba-3010424-cycling,,,,,,,,,紫色,,,L,,,,,3010424-VIOLETT-L,0.0,shopify,2,continue,manual,1160.00,,true,true,,,,,,,,,,,,https://cdn.shopify.com/s/files/1/1015/5950/1113/files/cycling__3010424__49533772b57e4716__3010424_27_1.jpg?v=1790331550,kg,,,
chiba-3010424-cycling,,,,,,,,,紫色,,,XL,,,,,3010424-VIOLETT-XL,0.0,shopify,2,continue,manual,1160.00,,true,true,,,,,,,,,,,,https://cdn.shopify.com/s/files/1/1015/5950/1113/files/cycling__3010424__49533772b57e4716__3010424_27_1.jpg?v=1790331550,kg,,,
chiba-3010424-cycling,,,,,,,,,紫色,,,XXL,,,,,3010424-VIOLETT-XXL,0.0,shopify,2,continue,manual,1160.00,,true,true,,,,,,,,,,,,https://cdn.shopify.com/s/files/1/1015/5950/1113/files/cycling__3010424__49533772b57e4716__3010424_27_1.jpg?v=1790331550,kg,,,
chiba-3010320-cycling,CHIBA Cool Air 涼感透氣款,"<div class=""chiba-product-description"">
  <p><strong>CHIBA Cool Air 涼感透氣款</strong>｜德國百年專業工藝打造。炎夏酷暑專屬，全方位立體通風網眼，極速導流散熱。</p>
  <ul>
    <li>
<strong>全方位立體通風網眼布</strong>：手背與掌面微氣孔形成 360 度對流風道。</li>
    <li>
<strong>數位紋理防滑抓握掌心</strong>：掌面採用 Digital 高科技數位壓紋。</li>
    <li>
<strong>Quick-Pull® 專利秒脫拉環</strong>：指尖專利拉環設計，即使騎乘後滿手汗水也能一秒輕鬆俐落脫下手套。</li>
  </ul>
  <p>
    • <strong>系列材質</strong>：Comfort Line｜彈性纖維、微網布、數位紋理布、透氣網布<br>
    • <strong>洗滌保養</strong>：支援 30°C 溫和水洗，平放陰乾，請勿烘乾。
  </p>
</div>",CHIBA GLOVES GERMANY,,cycling,"Comfort Line, cycling",true,顏色,白色,,尺寸,XS,,,,,3010320-WHITE-XS,0.0,shopify,2,continue,manual,1240.00,,true,true,,,,,,https://cdn.shopify.com/s/files/1/1015/5950/1113/files/cycling__3010320__d5b80f13fbc8fc27__3010320_01_1.jpg?v=1790331548,1,CHIBA Cool Air 涼感透氣款 白色,false,CHIBA Cool Air 涼感透氣款｜德國百年專業自行車手套,德國百年品牌 CHIBA 台灣官方直營：CHIBA Cool Air 涼感透氣款。手背與掌面微氣孔形成 360 度對流風道，騎乘時自然導入冷空氣，極速帶走手汗與積熱。台灣零售價現貨供應，德國原裝進口品質保證。,https://cdn.shopify.com/s/files/1/1015/5950/1113/files/cycling__3010320__d5b80f13fbc8fc27__3010320_01_1.jpg?v=1790331548,kg,,,active
chiba-3010320-cycling,,,,,,,,,白色,,,S,,,,,3010320-WHITE-S,0.0,shopify,2,continue,manual,1240.00,,true,true,,,,,,https://cdn.shopify.com/s/files/1/1015/5950/1113/files/cycling__3010320__8fdf1254ed6b9c34__3010320_01_2.jpg?v=1790331548,2,CHIBA Cool Air 涼感透氣款 白色,,,,https://cdn.shopify.com/s/files/1/1015/5950/1113/files/cycling__3010320__d5b80f13fbc8fc27__3010320_01_1.jpg?v=1790331548,kg,,,
chiba-3010320-cycling,,,,,,,,,白色,,,M,,,,,3010320-WHITE-M,0.0,shopify,2,continue,manual,1240.00,,true,true,,,,,,https://cdn.shopify.com/s/files/1/1015/5950/1113/files/cycling__3010320__ae4eb0a19c7d486b__3010320_03-1_1.jpg?v=1790331548,3,CHIBA Cool Air 涼感透氣款 螢光黃,,,,https://cdn.shopify.com/s/files/1/1015/5950/1113/files/cycling__3010320__d5b80f13fbc8fc27__3010320_01_1.jpg?v=1790331548,kg,,,
chiba-3010320-cycling,,,,,,,,,白色,,,L,,,,,3010320-WHITE-L,0.0,shopify,2,continue,manual,1240.00,,true,true,,,,,,https://cdn.shopify.com/s/files/1/1015/5950/1113/files/cycling__3010320__5db2c2a157365251__3010320_03-1_2.jpg?v=1790331548,4,CHIBA Cool Air 涼感透氣款 螢光黃,,,,https://cdn.shopify.com/s/files/1/1015/5950/1113/files/cycling__3010320__d5b80f13fbc8fc27__3010320_01_1.jpg?v=1790331548,kg,,,
chiba-3010320-cycling,,,,,,,,,白色,,,XL,,,,,3010320-WHITE-XL,0.0,shopify,2,continue,manual,1240.00,,true,true,,,,,,https://cdn.shopify.com/s/files/1/1015/5950/1113/files/cycling__3010320__af4293d37eecc705__3010320_04_1.jpg?v=1790331548,5,CHIBA Cool Air 涼感透氣款 紅色,,,,https://cdn.shopify.com/s/files/1/1015/5950/1113/files/cycling__3010320__d5b80f13fbc8fc27__3010320_01_1.jpg?v=1790331548,kg,,,
chiba-3010320-cycling,,,,,,,,,白色,,,XXL,,,,,3010320-WHITE-XXL,0.0,shopify,2,continue,manual,1240.00,,true,true,,,,,,https://cdn.shopify.com/s/files/1/1015/5950/1113/files/cycling__3010320__6db6b2a6f279afac__3010320_04_2.jpg?v=1790331548,6,CHIBA Cool Air 涼感透氣款 紅色,,,,https://cdn.shopify.com/s/files/1/1015/5950/1113/files/cycling__3010320__d5b80f13fbc8fc27__3010320_01_1.jpg?v=1790331548,kg,,,
chiba-3010320-cycling,,,,,,,,,白色,,,3XL,,,,,3010320-WHITE-3XL,0.0,shopify,2,continue,manual,1240.00,,true,true,,,,,,https://cdn.shopify.com/s/files/1/1015/5950/1113/files/cycling__3010320__405a8af356e36aba__3010320_10_1.jpg?v=1790331548,7,CHIBA Cool Air 涼感透氣款 黑色,,,,https://cdn.shopify.com/s/files/1/1015/5950/1113/files/cycling__3010320__d5b80f13fbc8fc27__3010320_01_1.jpg?v=1790331548,kg,,,
chiba-3010320-cycling,,,,,,,,,螢光黃,,,XS,,,,,3010320-NEONYELLOW-XS,0.0,shopify,2,continue,manual,1240.00,,true,true,,,,,,https://cdn.shopify.com/s/files/1/1015/5950/1113/files/cycling__3010320__cd5289390bb756bd__3010320_10_2.jpg?v=1790331548,8,CHIBA Cool Air 涼感透氣款 黑色,,,,https://cdn.shopify.com/s/files/1/1015/5950/1113/files/cycling__3010320__ae4eb0a19c7d486b__3010320_03-1_1.jpg?v=1790331548,kg,,,
chiba-3010320-cycling,,,,,,,,,螢光黃,,,S,,,,,3010320-NEONYELLOW-S,0.0,shopify,2,continue,manual,1240.00,,true,true,,,,,,,,,,,,https://cdn.shopify.com/s/files/1/1015/5950/1113/files/cycling__3010320__ae4eb0a19c7d486b__3010320_03-1_1.jpg?v=1790331548,kg,,,
chiba-3010320-cycling,,,,,,,,,螢光黃,,,M,,,,,3010320-NEONYELLOW-M,0.0,shopify,2,continue,manual,1240.00,,true,true,,,,,,,,,,,,https://cdn.shopify.com/s/files/1/1015/5950/1113/files/cycling__3010320__ae4eb0a19c7d486b__3010320_03-1_1.jpg?v=1790331548,kg,,,
chiba-3010320-cycling,,,,,,,,,螢光黃,,,L,,,,,3010320-NEONYELLOW-L,0.0,shopify,2,continue,manual,1240.00,,true,true,,,,,,,,,,,,https://cdn.shopify.com/s/files/1/1015/5950/1113/files/cycling__3010320__ae4eb0a19c7d486b__3010320_03-1_1.jpg?v=1790331548,kg,,,
chiba-3010320-cycling,,,,,,,,,螢光黃,,,XL,,,,,3010320-NEONYELLOW-XL,0.0,shopify,2,continue,manual,1240.00,,true,true,,,,,,,,,,,,https://cdn.shopify.com/s/files/1/1015/5950/1113/files/cycling__3010320__ae4eb0a19c7d486b__3010320_03-1_1.jpg?v=1790331548,kg,,,
chiba-3010320-cycling,,,,,,,,,螢光黃,,,XXL,,,,,3010320-NEONYELLOW-XXL,0.0,shopify,2,continue,manual,1240.00,,true,true,,,,,,,,,,,,https://cdn.shopify.com/s/files/1/1015/5950/1113/files/cycling__3010320__ae4eb0a19c7d486b__3010320_03-1_1.jpg?v=1790331548,kg,,,
chiba-3010320-cycling,,,,,,,,,螢光黃,,,3XL,,,,,3010320-NEONYELLOW-3XL,0.0,shopify,2,continue,manual,1240.00,,true,true,,,,,,,,,,,,https://cdn.shopify.com/s/files/1/1015/5950/1113/files/cycling__3010320__ae4eb0a19c7d486b__3010320_03-1_1.jpg?v=1790331548,kg,,,
chiba-3010320-cycling,,,,,,,,,紅色,,,XS,,,,,3010320-RED-XS,0.0,shopify,2,continue,manual,1240.00,,true,true,,,,,,,,,,,,https://cdn.shopify.com/s/files/1/1015/5950/1113/files/cycling__3010320__af4293d37eecc705__3010320_04_1.jpg?v=1790331548,kg,,,
chiba-3010320-cycling,,,,,,,,,紅色,,,S,,,,,3010320-RED-S,0.0,shopify,2,continue,manual,1240.00,,true,true,,,,,,,,,,,,https://cdn.shopify.com/s/files/1/1015/5950/1113/files/cycling__3010320__af4293d37eecc705__3010320_04_1.jpg?v=1790331548,kg,,,
chiba-3010320-cycling,,,,,,,,,紅色,,,M,,,,,3010320-RED-M,0.0,shopify,2,continue,manual,1240.00,,true,true,,,,,,,,,,,,https://cdn.shopify.com/s/files/1/1015/5950/1113/files/cycling__3010320__af4293d37eecc705__3010320_04_1.jpg?v=1790331548,kg,,,
chiba-3010320-cycling,,,,,,,,,紅色,,,L,,,,,3010320-RED-L,0.0,shopify,2,continue,manual,1240.00,,true,true,,,,,,,,,,,,https://cdn.shopify.com/s/files/1/1015/5950/1113/files/cycling__3010320__af4293d37eecc705__3010320_04_1.jpg?v=1790331548,kg,,,
chiba-3010320-cycling,,,,,,,,,紅色,,,XL,,,,,3010320-RED-XL,0.0,shopify,2,continue,manual,1240.00,,true,true,,,,,,,,,,,,https://cdn.shopify.com/s/files/1/1015/5950/1113/files/cycling__3010320__af4293d37eecc705__3010320_04_1.jpg?v=1790331548,kg,,,
chiba-3010320-cycling,,,,,,,,,紅色,,,XXL,,,,,3010320-RED-XXL,0.0,shopify,2,continue,manual,1240.00,,true,true,,,,,,,,,,,,https://cdn.shopify.com/s/files/1/1015/5950/1113/files/cycling__3010320__af4293d37eecc705__3010320_04_1.jpg?v=1790331548,kg,,,
chiba-3010320-cycling,,,,,,,,,紅色,,,3XL,,,,,3010320-RED-3XL,0.0,shopify,2,continue,manual,1240.00,,true,true,,,,,,,,,,,,https://cdn.shopify.com/s/files/1/1015/5950/1113/files/cycling__3010320__af4293d37eecc705__3010320_04_1.jpg?v=1790331548,kg,,,
chiba-3010320-cycling,,,,,,,,,黑色,,,XS,,,,,3010320-BLACK-XS,0.0,shopify,2,continue,manual,1240.00,,true,true,,,,,,,,,,,,https://cdn.shopify.com/s/files/1/1015/5950/1113/files/cycling__3010320__405a8af356e36aba__3010320_10_1.jpg?v=1790331548,kg,,,
chiba-3010320-cycling,,,,,,,,,黑色,,,S,,,,,3010320-BLACK-S,0.0,shopify,2,continue,manual,1240.00,,true,true,,,,,,,,,,,,https://cdn.shopify.com/s/files/1/1015/5950/1113/files/cycling__3010320__405a8af356e36aba__3010320_10_1.jpg?v=1790331548,kg,,,
chiba-3010320-cycling,,,,,,,,,黑色,,,M,,,,,3010320-BLACK-M,0.0,shopify,2,continue,manual,1240.00,,true,true,,,,,,,,,,,,https://cdn.shopify.com/s/files/1/1015/5950/1113/files/cycling__3010320__405a8af356e36aba__3010320_10_1.jpg?v=1790331548,kg,,,
chiba-3010320-cycling,,,,,,,,,黑色,,,L,,,,,3010320-BLACK-L,0.0,shopify,2,continue,manual,1240.00,,true,true,,,,,,,,,,,,https://cdn.shopify.com/s/files/1/1015/5950/1113/files/cycling__3010320__405a8af356e36aba__3010320_10_1.jpg?v=1790331548,kg,,,
chiba-3010320-cycling,,,,,,,,,黑色,,,XL,,,,,3010320-BLACK-XL,0.0,shopify,2,continue,manual,1240.00,,true,true,,,,,,,,,,,,https://cdn.shopify.com/s/files/1/1015/5950/1113/files/cycling__3010320__405a8af356e36aba__3010320_10_1.jpg?v=1790331548,kg,,,
chiba-3010320-cycling,,,,,,,,,黑色,,,XXL,,,,,3010320-BLACK-XXL,0.0,shopify,2,continue,manual,1240.00,,true,true,,,,,,,,,,,,https://cdn.shopify.com/s/files/1/1015/5950/1113/files/cycling__3010320__405a8af356e36aba__3010320_10_1.jpg?v=1790331548,kg,,,
chiba-3010320-cycling,,,,,,,,,黑色,,,3XL,,,,,3010320-BLACK-3XL,0.0,shopify,2,continue,manual,1240.00,,true,true,,,,,,,,,,,,https://cdn.shopify.com/s/files/1/1015/5950/1113/files/cycling__3010320__405a8af356e36aba__3010320_10_1.jpg?v=1790331548,kg,,,
chiba-3010226-cycling,CHIBA Gel Master 凝膠大師款,"<div class=""chiba-product-description"">
  <p><strong>CHIBA Gel Master 凝膠大師款</strong>｜德國百年專業工藝打造。大師級長途減震防護，雙層解剖學高密度凝膠。</p>
  <ul>
    <li>
<strong>大師級人體工學立體凝膠襯墊</strong>：精準依據掌骨生理結構配置雙層吸震凝膠。</li>
    <li>
<strong>微網布高效氣流循環</strong>：手背大面積採用 Micronet 微孔透氣布料。</li>
    <li>
<strong>Quick-Pull® 專利秒脫拉環</strong>：指尖專利拉環設計，即使騎乘後滿手汗水也能一秒輕鬆俐落脫下手套。</li>
  </ul>
  <p>
    • <strong>系列材質</strong>：Comfort Line｜微網布、潛水布、萊卡、Verde面料<br>
    • <strong>洗滌保養</strong>：支援 30°C 溫和水洗，平放陰乾，請勿烘乾。
  </p>
</div>",CHIBA GLOVES GERMANY,,cycling,"Comfort Line, cycling",true,顏色,白色,,尺寸,XS,,,,,3010226-WHITE-XS,0.0,shopify,2,continue,manual,1740.00,,true,true,,,,,,https://cdn.shopify.com/s/files/1/1015/5950/1113/files/cycling__3010226__13a3e38b28a0d5c6__3010226_01_1.jpg?v=1790331545,1,CHIBA Gel Master 凝膠大師款 白色,false,CHIBA Gel Master 凝膠大師款｜德國百年專業自行車手套,德國百年品牌 CHIBA 台灣官方直營：CHIBA Gel Master 凝膠大師款。精準依據掌骨生理結構配置雙層吸震凝膠，均勻分散騎乘受壓，避免掌骨神經直接撞擊車把。台灣零售價現貨供應，德國原裝進口品質保證。,https://cdn.shopify.com/s/files/1/1015/5950/1113/files/cycling__3010226__13a3e38b28a0d5c6__3010226_01_1.jpg?v=1790331545,kg,,,active
chiba-3010226-cycling,,,,,,,,,白色,,,S,,,,,3010226-WHITE-S,0.0,shopify,2,continue,manual,1740.00,,true,true,,,,,,https://cdn.shopify.com/s/files/1/1015/5950/1113/files/cycling__3010226__7046a2bcfadfd459__3010226_01_2.jpg?v=1790331545,2,CHIBA Gel Master 凝膠大師款 白色,,,,https://cdn.shopify.com/s/files/1/1015/5950/1113/files/cycling__3010226__13a3e38b28a0d5c6__3010226_01_1.jpg?v=1790331545,kg,,,
chiba-3010226-cycling,,,,,,,,,白色,,,M,,,,,3010226-WHITE-M,0.0,shopify,2,continue,manual,1740.00,,true,true,,,,,,https://cdn.shopify.com/s/files/1/1015/5950/1113/files/cycling__3010226__8eb1a37af85c4fda__3010226_04_1.jpg?v=1790331545,3,CHIBA Gel Master 凝膠大師款 紅色,,,,https://cdn.shopify.com/s/files/1/1015/5950/1113/files/cycling__3010226__13a3e38b28a0d5c6__3010226_01_1.jpg?v=1790331545,kg,,,
chiba-3010226-cycling,,,,,,,,,白色,,,L,,,,,3010226-WHITE-L,0.0,shopify,2,continue,manual,1740.00,,true,true,,,,,,https://cdn.shopify.com/s/files/1/1015/5950/1113/files/cycling__3010226__016861cf0acd125a__3010226_04_2.jpg?v=1790331545,4,CHIBA Gel Master 凝膠大師款 紅色,,,,https://cdn.shopify.com/s/files/1/1015/5950/1113/files/cycling__3010226__13a3e38b28a0d5c6__3010226_01_1.jpg?v=1790331545,kg,,,
chiba-3010226-cycling,,,,,,,,,白色,,,XL,,,,,3010226-WHITE-XL,0.0,shopify,2,continue,manual,1740.00,,true,true,,,,,,https://cdn.shopify.com/s/files/1/1015/5950/1113/files/cycling__3010226__dc5d928e5525e35b__3010226_10_1.jpg?v=1790331545,5,CHIBA Gel Master 凝膠大師款 黑色,,,,https://cdn.shopify.com/s/files/1/1015/5950/1113/files/cycling__3010226__13a3e38b28a0d5c6__3010226_01_1.jpg?v=1790331545,kg,,,
chiba-3010226-cycling,,,,,,,,,白色,,,XXL,,,,,3010226-WHITE-XXL,0.0,shopify,2,continue,manual,1740.00,,true,true,,,,,,https://cdn.shopify.com/s/files/1/1015/5950/1113/files/cycling__3010226__d7a91fc286147f35__3010226_10_2.jpg?v=1790331545,6,CHIBA Gel Master 凝膠大師款 黑色,,,,https://cdn.shopify.com/s/files/1/1015/5950/1113/files/cycling__3010226__13a3e38b28a0d5c6__3010226_01_1.jpg?v=1790331545,kg,,,
chiba-3010226-cycling,,,,,,,,,紅色,,,XS,,,,,3010226-RED-XS,0.0,shopify,2,continue,manual,1740.00,,true,true,,,,,,https://cdn.shopify.com/s/files/1/1015/5950/1113/files/cycling__3010226__dce3c3f142a3da16__3010226_20-1_1.jpg?v=1790331545,7,CHIBA Gel Master 凝膠大師款 橄欖綠,,,,https://cdn.shopify.com/s/files/1/1015/5950/1113/files/cycling__3010226__8eb1a37af85c4fda__3010226_04_1.jpg?v=1790331545,kg,,,
chiba-3010226-cycling,,,,,,,,,紅色,,,S,,,,,3010226-RED-S,0.0,shopify,2,continue,manual,1740.00,,true,true,,,,,,https://cdn.shopify.com/s/files/1/1015/5950/1113/files/cycling__3010226__b008973cec6276d1__3010226_20-1_2.jpg?v=1790331545,8,CHIBA Gel Master 凝膠大師款 橄欖綠,,,,https://cdn.shopify.com/s/files/1/1015/5950/1113/files/cycling__3010226__8eb1a37af85c4fda__3010226_04_1.jpg?v=1790331545,kg,,,
chiba-3010226-cycling,,,,,,,,,紅色,,,M,,,,,3010226-RED-M,0.0,shopify,2,continue,manual,1740.00,,true,true,,,,,,https://cdn.shopify.com/s/files/1/1015/5950/1113/files/cycling__3010226__2fd894755ee99ccd__3010226_23_1.jpg?v=1790331545,9,CHIBA Gel Master 凝膠大師款 粉紅色,,,,https://cdn.shopify.com/s/files/1/1015/5950/1113/files/cycling__3010226__8eb1a37af85c4fda__3010226_04_1.jpg?v=1790331545,kg,,,
chiba-3010226-cycling,,,,,,,,,紅色,,,L,,,,,3010226-RED-L,0.0,shopify,2,continue,manual,1740.00,,true,true,,,,,,https://cdn.shopify.com/s/files/1/1015/5950/1113/files/cycling__3010226__31a33cd5c18f878e__3010226_23_2.jpg?v=1790331545,10,CHIBA Gel Master 凝膠大師款 粉紅色,,,,https://cdn.shopify.com/s/files/1/1015/5950/1113/files/cycling__3010226__8eb1a37af85c4fda__3010226_04_1.jpg?v=1790331545,kg,,,
chiba-3010226-cycling,,,,,,,,,紅色,,,XL,,,,,3010226-RED-XL,0.0,shopify,2,continue,manual,1740.00,,true,true,,,,,,,,,,,,https://cdn.shopify.com/s/files/1/1015/5950/1113/files/cycling__3010226__8eb1a37af85c4fda__3010226_04_1.jpg?v=1790331545,kg,,,
chiba-3010226-cycling,,,,,,,,,紅色,,,XXL,,,,,3010226-RED-XXL,0.0,shopify,2,continue,manual,1740.00,,true,true,,,,,,,,,,,,https://cdn.shopify.com/s/files/1/1015/5950/1113/files/cycling__3010226__8eb1a37af85c4fda__3010226_04_1.jpg?v=1790331545,kg,,,
chiba-3010226-cycling,,,,,,,,,黑色,,,XS,,,,,3010226-BLACK-XS,0.0,shopify,2,continue,manual,1740.00,,true,true,,,,,,,,,,,,https://cdn.shopify.com/s/files/1/1015/5950/1113/files/cycling__3010226__dc5d928e5525e35b__3010226_10_1.jpg?v=1790331545,kg,,,
chiba-3010226-cycling,,,,,,,,,黑色,,,S,,,,,3010226-BLACK-S,0.0,shopify,2,continue,manual,1740.00,,true,true,,,,,,,,,,,,https://cdn.shopify.com/s/files/1/1015/5950/1113/files/cycling__3010226__dc5d928e5525e35b__3010226_10_1.jpg?v=1790331545,kg,,,
chiba-3010226-cycling,,,,,,,,,黑色,,,M,,,,,3010226-BLACK-M,0.0,shopify,2,continue,manual,1740.00,,true,true,,,,,,,,,,,,https://cdn.shopify.com/s/files/1/1015/5950/1113/files/cycling__3010226__dc5d928e5525e35b__3010226_10_1.jpg?v=1790331545,kg,,,
chiba-3010226-cycling,,,,,,,,,黑色,,,L,,,,,3010226-BLACK-L,0.0,shopify,2,continue,manual,1740.00,,true,true,,,,,,,,,,,,https://cdn.shopify.com/s/files/1/1015/5950/1113/files/cycling__3010226__dc5d928e5525e35b__3010226_10_1.jpg?v=1790331545,kg,,,
chiba-3010226-cycling,,,,,,,,,黑色,,,XL,,,,,3010226-BLACK-XL,0.0,shopify,2,continue,manual,1740.00,,true,true,,,,,,,,,,,,https://cdn.shopify.com/s/files/1/1015/5950/1113/files/cycling__3010226__dc5d928e5525e35b__3010226_10_1.jpg?v=1790331545,kg,,,
chiba-3010226-cycling,,,,,,,,,黑色,,,XXL,,,,,3010226-BLACK-XXL,0.0,shopify,2,continue,manual,1740.00,,true,true,,,,,,,,,,,,https://cdn.shopify.com/s/files/1/1015/5950/1113/files/cycling__3010226__dc5d928e5525e35b__3010226_10_1.jpg?v=1790331545,kg,,,
chiba-3010226-cycling,,,,,,,,,橄欖綠,,,XS,,,,,3010226-OLIVE-XS,0.0,shopify,2,continue,manual,1740.00,,true,true,,,,,,,,,,,,https://cdn.shopify.com/s/files/1/1015/5950/1113/files/cycling__3010226__dce3c3f142a3da16__3010226_20-1_1.jpg?v=1790331545,kg,,,
chiba-3010226-cycling,,,,,,,,,橄欖綠,,,S,,,,,3010226-OLIVE-S,0.0,shopify,2,continue,manual,1740.00,,true,true,,,,,,,,,,,,https://cdn.shopify.com/s/files/1/1015/5950/1113/files/cycling__3010226__dce3c3f142a3da16__3010226_20-1_1.jpg?v=1790331545,kg,,,
chiba-3010226-cycling,,,,,,,,,橄欖綠,,,M,,,,,3010226-OLIVE-M,0.0,shopify,2,continue,manual,1740.00,,true,true,,,,,,,,,,,,https://cdn.shopify.com/s/files/1/1015/5950/1113/files/cycling__3010226__dce3c3f142a3da16__3010226_20-1_1.jpg?v=1790331545,kg,,,
chiba-3010226-cycling,,,,,,,,,橄欖綠,,,L,,,,,3010226-OLIVE-L,0.0,shopify,2,continue,manual,1740.00,,true,true,,,,,,,,,,,,https://cdn.shopify.com/s/files/1/1015/5950/1113/files/cycling__3010226__dce3c3f142a3da16__3010226_20-1_1.jpg?v=1790331545,kg,,,
chiba-3010226-cycling,,,,,,,,,橄欖綠,,,XL,,,,,3010226-OLIVE-XL,0.0,shopify,2,continue,manual,1740.00,,true,true,,,,,,,,,,,,https://cdn.shopify.com/s/files/1/1015/5950/1113/files/cycling__3010226__dce3c3f142a3da16__3010226_20-1_1.jpg?v=1790331545,kg,,,
chiba-3010226-cycling,,,,,,,,,橄欖綠,,,XXL,,,,,3010226-OLIVE-XXL,0.0,shopify,2,continue,manual,1740.00,,true,true,,,,,,,,,,,,https://cdn.shopify.com/s/files/1/1015/5950/1113/files/cycling__3010226__dce3c3f142a3da16__3010226_20-1_1.jpg?v=1790331545,kg,,,
chiba-3010226-cycling,,,,,,,,,粉紅色,,,XS,,,,,3010226-PINK-XS,0.0,shopify,2,continue,manual,1740.00,,true,true,,,,,,,,,,,,https://cdn.shopify.com/s/files/1/1015/5950/1113/files/cycling__3010226__2fd894755ee99ccd__3010226_23_1.jpg?v=1790331545,kg,,,
chiba-3010226-cycling,,,,,,,,,粉紅色,,,S,,,,,3010226-PINK-S,0.0,shopify,2,continue,manual,1740.00,,true,true,,,,,,,,,,,,https://cdn.shopify.com/s/files/1/1015/5950/1113/files/cycling__3010226__2fd894755ee99ccd__3010226_23_1.jpg?v=1790331545,kg,,,
chiba-3010226-cycling,,,,,,,,,粉紅色,,,M,,,,,3010226-PINK-M,0.0,shopify,2,continue,manual,1740.00,,true,true,,,,,,,,,,,,https://cdn.shopify.com/s/files/1/1015/5950/1113/files/cycling__3010226__2fd894755ee99ccd__3010226_23_1.jpg?v=1790331545,kg,,,
chiba-3010226-cycling,,,,,,,,,粉紅色,,,L,,,,,3010226-PINK-L,0.0,shopify,2,continue,manual,1740.00,,true,true,,,,,,,,,,,,https://cdn.shopify.com/s/files/1/1015/5950/1113/files/cycling__3010226__2fd894755ee99ccd__3010226_23_1.jpg?v=1790331545,kg,,,
chiba-3030424-cycling,CHIBA Pure Race II 純競速 II 自行車手套,"<div class=""chiba-product-description""><p><strong>CHIBA Pure Race II 純競速 II 自行車手套</strong></p><p>德國百年專業製造，競速破風專用設計。採用 Econyl 環保再生材質、Clima 03 散熱透氣科技與輕量透氣掌墊，具備頂級抓握控制力與排汗效能。</p><ul><li>材質：Econyl, Clima 03, 51052</li><li>產地：德國原裝正品進口</li><li>特色：快脫拉環、超輕透氣、拇指擦汗毛巾布</li></ul></div>",CHIBA GLOVES GERMANY,體育用品 > 戶外休閒 > 單車 > 單車手套,cycling,"cycling, 競速系列, 台灣公司貨, Race Line",true,顏色,白色,,尺寸,XS,,,,,3030424-WHITE01-XS,0.0,shopify,2,continue,manual,1240.00,,true,true,,,,,,https://www.chibataiwan.com/assets/products/cycling/3030424-pure-race-ii/cycling__3030424__59a070af17a81d52__3030424_01_1.jpg,1,CHIBA Pure Race II 純競速 II 自行車手套 白色,,CHIBA Pure Race II 純競速 II 自行車手套｜德國專業自行車手套,德國百年品牌 CHIBA 台灣官方直營：Pure Race II 純競速 II 自行車手套。頂級透氣競速破風款。,https://www.chibataiwan.com/assets/products/cycling/3030424-pure-race-ii/cycling__3030424__59a070af17a81d52__3030424_01_1.jpg,kg,,,active
chiba-3030424-cycling,,,,,,,,,白色,,,S,,,,,3030424-WHITE01-S,0.0,shopify,2,continue,manual,1240.00,,true,true,,,,,,https://www.chibataiwan.com/assets/products/cycling/3030424-pure-race-ii/cycling__3030424__f6bf4e67d542bcf2__3030424_01_2.jpg,2,CHIBA Pure Race II 純競速 II 自行車手套 白色,,,,https://www.chibataiwan.com/assets/products/cycling/3030424-pure-race-ii/cycling__3030424__59a070af17a81d52__3030424_01_1.jpg,kg,,,
chiba-3030424-cycling,,,,,,,,,白色,,,M,,,,,3030424-WHITE01-M,0.0,shopify,2,continue,manual,1240.00,,true,true,,,,,,https://www.chibataiwan.com/assets/products/cycling/3030424-pure-race-ii/cycling__3030424__a3f2743fc626c00f__3030424_03-1_1.jpg,3,CHIBA Pure Race II 純競速 II 自行車手套 黑配螢光黃,,,,https://www.chibataiwan.com/assets/products/cycling/3030424-pure-race-ii/cycling__3030424__59a070af17a81d52__3030424_01_1.jpg,kg,,,
chiba-3030424-cycling,,,,,,,,,白色,,,L,,,,,3030424-WHITE01-L,0.0,shopify,2,continue,manual,1240.00,,true,true,,,,,,https://www.chibataiwan.com/assets/products/cycling/3030424-pure-race-ii/cycling__3030424__c86c7f0bc8086527__3030424_03-1_2.jpg,4,CHIBA Pure Race II 純競速 II 自行車手套 黑配螢光黃,,,,https://www.chibataiwan.com/assets/products/cycling/3030424-pure-race-ii/cycling__3030424__59a070af17a81d52__3030424_01_1.jpg,kg,,,
chiba-3030424-cycling,,,,,,,,,白色,,,XL,,,,,3030424-WHITE01-XL,0.0,shopify,2,continue,manual,1240.00,,true,true,,,,,,https://www.chibataiwan.com/assets/products/cycling/3030424-pure-race-ii/cycling__3030424__62343de8a99cbb04__3030424_04_1.jpg,5,CHIBA Pure Race II 純競速 II 自行車手套 紅色,,,,https://www.chibataiwan.com/assets/products/cycling/3030424-pure-race-ii/cycling__3030424__59a070af17a81d52__3030424_01_1.jpg,kg,,,
chiba-3030424-cycling,,,,,,,,,白色,,,XXL,,,,,3030424-WHITE01-XXL,0.0,shopify,2,continue,manual,1240.00,,true,true,,,,,,https://www.chibataiwan.com/assets/products/cycling/3030424-pure-race-ii/cycling__3030424__eefdafee6f105548__3030424_04_2.jpg,6,CHIBA Pure Race II 純競速 II 自行車手套 紅色,,,,https://www.chibataiwan.com/assets/products/cycling/3030424-pure-race-ii/cycling__3030424__59a070af17a81d52__3030424_01_1.jpg,kg,,,
chiba-3030424-cycling,,,,,,,,,黑配螢光黃,,,XS,,,,,3030424-BLACKYELLOW031-XS,0.0,shopify,2,continue,manual,1240.00,,true,true,,,,,,https://www.chibataiwan.com/assets/products/cycling/3030424-pure-race-ii/cycling__3030424__f49faa9c7330e29c__3030424_10_1.jpg,7,CHIBA Pure Race II 純競速 II 自行車手套 黑色,,,,https://www.chibataiwan.com/assets/products/cycling/3030424-pure-race-ii/cycling__3030424__a3f2743fc626c00f__3030424_03-1_1.jpg,kg,,,
chiba-3030424-cycling,,,,,,,,,黑配螢光黃,,,S,,,,,3030424-BLACKYELLOW031-S,0.0,shopify,2,continue,manual,1240.00,,true,true,,,,,,https://www.chibataiwan.com/assets/products/cycling/3030424-pure-race-ii/cycling__3030424__8e07b53be00c4249__3030424_10_2.jpg,8,CHIBA Pure Race II 純競速 II 自行車手套 黑色,,,,https://www.chibataiwan.com/assets/products/cycling/3030424-pure-race-ii/cycling__3030424__a3f2743fc626c00f__3030424_03-1_1.jpg,kg,,,
chiba-3030424-cycling,,,,,,,,,黑配螢光黃,,,M,,,,,3030424-BLACKYELLOW031-M,0.0,shopify,2,continue,manual,1240.00,,true,true,,,,,,,,,,,,https://www.chibataiwan.com/assets/products/cycling/3030424-pure-race-ii/cycling__3030424__a3f2743fc626c00f__3030424_03-1_1.jpg,kg,,,
chiba-3030424-cycling,,,,,,,,,黑配螢光黃,,,L,,,,,3030424-BLACKYELLOW031-L,0.0,shopify,2,continue,manual,1240.00,,true,true,,,,,,,,,,,,https://www.chibataiwan.com/assets/products/cycling/3030424-pure-race-ii/cycling__3030424__a3f2743fc626c00f__3030424_03-1_1.jpg,kg,,,
chiba-3030424-cycling,,,,,,,,,黑配螢光黃,,,XL,,,,,3030424-BLACKYELLOW031-XL,0.0,shopify,2,continue,manual,1240.00,,true,true,,,,,,,,,,,,https://www.chibataiwan.com/assets/products/cycling/3030424-pure-race-ii/cycling__3030424__a3f2743fc626c00f__3030424_03-1_1.jpg,kg,,,
chiba-3030424-cycling,,,,,,,,,黑配螢光黃,,,XXL,,,,,3030424-BLACKYELLOW031-XXL,0.0,shopify,2,continue,manual,1240.00,,true,true,,,,,,,,,,,,https://www.chibataiwan.com/assets/products/cycling/3030424-pure-race-ii/cycling__3030424__a3f2743fc626c00f__3030424_03-1_1.jpg,kg,,,
chiba-3030424-cycling,,,,,,,,,紅色,,,XS,,,,,3030424-RED04-XS,0.0,shopify,2,continue,manual,1240.00,,true,true,,,,,,,,,,,,https://www.chibataiwan.com/assets/products/cycling/3030424-pure-race-ii/cycling__3030424__62343de8a99cbb04__3030424_04_1.jpg,kg,,,
chiba-3030424-cycling,,,,,,,,,紅色,,,S,,,,,3030424-RED04-S,0.0,shopify,2,continue,manual,1240.00,,true,true,,,,,,,,,,,,https://www.chibataiwan.com/assets/products/cycling/3030424-pure-race-ii/cycling__3030424__62343de8a99cbb04__3030424_04_1.jpg,kg,,,
chiba-3030424-cycling,,,,,,,,,紅色,,,M,,,,,3030424-RED04-M,0.0,shopify,2,continue,manual,1240.00,,true,true,,,,,,,,,,,,https://www.chibataiwan.com/assets/products/cycling/3030424-pure-race-ii/cycling__3030424__62343de8a99cbb04__3030424_04_1.jpg,kg,,,
chiba-3030424-cycling,,,,,,,,,紅色,,,L,,,,,3030424-RED04-L,0.0,shopify,2,continue,manual,1240.00,,true,true,,,,,,,,,,,,https://www.chibataiwan.com/assets/products/cycling/3030424-pure-race-ii/cycling__3030424__62343de8a99cbb04__3030424_04_1.jpg,kg,,,
chiba-3030424-cycling,,,,,,,,,紅色,,,XL,,,,,3030424-RED04-XL,0.0,shopify,2,continue,manual,1240.00,,true,true,,,,,,,,,,,,https://www.chibataiwan.com/assets/products/cycling/3030424-pure-race-ii/cycling__3030424__62343de8a99cbb04__3030424_04_1.jpg,kg,,,
chiba-3030424-cycling,,,,,,,,,紅色,,,XXL,,,,,3030424-RED04-XXL,0.0,shopify,2,continue,manual,1240.00,,true,true,,,,,,,,,,,,https://www.chibataiwan.com/assets/products/cycling/3030424-pure-race-ii/cycling__3030424__62343de8a99cbb04__3030424_04_1.jpg,kg,,,
chiba-3030424-cycling,,,,,,,,,黑色,,,XS,,,,,3030424-BLACK10-XS,0.0,shopify,2,continue,manual,1240.00,,true,true,,,,,,,,,,,,https://www.chibataiwan.com/assets/products/cycling/3030424-pure-race-ii/cycling__3030424__f49faa9c7330e29c__3030424_10_1.jpg,kg,,,
chiba-3030424-cycling,,,,,,,,,黑色,,,S,,,,,3030424-BLACK10-S,0.0,shopify,2,continue,manual,1240.00,,true,true,,,,,,,,,,,,https://www.chibataiwan.com/assets/products/cycling/3030424-pure-race-ii/cycling__3030424__f49faa9c7330e29c__3030424_10_1.jpg,kg,,,
chiba-3030424-cycling,,,,,,,,,黑色,,,M,,,,,3030424-BLACK10-M,0.0,shopify,2,continue,manual,1240.00,,true,true,,,,,,,,,,,,https://www.chibataiwan.com/assets/products/cycling/3030424-pure-race-ii/cycling__3030424__f49faa9c7330e29c__3030424_10_1.jpg,kg,,,
chiba-3030424-cycling,,,,,,,,,黑色,,,L,,,,,3030424-BLACK10-L,0.0,shopify,2,continue,manual,1240.00,,true,true,,,,,,,,,,,,https://www.chibataiwan.com/assets/products/cycling/3030424-pure-race-ii/cycling__3030424__f49faa9c7330e29c__3030424_10_1.jpg,kg,,,
chiba-3030424-cycling,,,,,,,,,黑色,,,XL,,,,,3030424-BLACK10-XL,0.0,shopify,2,continue,manual,1240.00,,true,true,,,,,,,,,,,,https://www.chibataiwan.com/assets/products/cycling/3030424-pure-race-ii/cycling__3030424__f49faa9c7330e29c__3030424_10_1.jpg,kg,,,
chiba-3030424-cycling,,,,,,,,,黑色,,,XXL,,,,,3030424-BLACK10-XXL,0.0,shopify,2,continue,manual,1240.00,,true,true,,,,,,,,,,,,https://www.chibataiwan.com/assets/products/cycling/3030424-pure-race-ii/cycling__3030424__f49faa9c7330e29c__3030424_10_1.jpg,kg,,,
chiba-3400018-cycling,CHIBA Retro 經典復古款自行車手套,"<div class=""chiba-product-description""><p><strong>CHIBA Retro 經典復古款自行車手套</strong></p><p>向自行車經典黃金年代致敬。採用純棉手工鉤織手背（Cotton Croched）、頂級 Clarino 防滑掌面與透氣吸汗毛巾布，完美結合復古雅痞質感與舒適騎行體驗。</p><ul><li>材質：Cotton Croched, Clarino, Terry</li><li>產地：德國原裝正品進口</li><li>特色：純棉鉤織、透氣舒適、經典復古美學</li></ul></div>",CHIBA GLOVES GERMANY,體育用品 > 戶外休閒 > 單車 > 單車手套,cycling,"cycling, 經典復古系列, 台灣公司貨, Active Line",true,顏色,米配棕色,,尺寸,XS,,,,,3400018-BEIGEBROWN0222-XS,0.0,shopify,2,continue,manual,830.00,,true,true,,,,,,https://www.chibataiwan.com/assets/products/cycling/3040018-retro/beige-brown-0222/fitness__3040018__beige-brown-0222__2587e7ec888852f7__3040018-0222-1.jpg,1,CHIBA Retro 經典復古款自行車手套 米配棕色,,CHIBA Retro 經典復古款自行車手套｜德國經典復古自行車手套,德國百年品牌 CHIBA 台灣官方直營：Retro 經典復古款自行車手套。純棉手工鉤織、雅痞騎士首選。,https://www.chibataiwan.com/assets/products/cycling/3040018-retro/beige-brown-0222/fitness__3040018__beige-brown-0222__2587e7ec888852f7__3040018-0222-1.jpg,kg,,,active
chiba-3400018-cycling,,,,,,,,,米配棕色,,,S,,,,,3400018-BEIGEBROWN0222-S,0.0,shopify,2,continue,manual,830.00,,true,true,,,,,,https://www.chibataiwan.com/assets/products/cycling/3040018-retro/beige-brown-0222/fitness__3040018__beige-brown-0222__73dfe1c926c6bb32__3040018-0222-2.jpg,2,CHIBA Retro 經典復古款自行車手套 米配棕色,,,,https://www.chibataiwan.com/assets/products/cycling/3040018-retro/beige-brown-0222/fitness__3040018__beige-brown-0222__2587e7ec888852f7__3040018-0222-1.jpg,kg,,,
chiba-3400018-cycling,,,,,,,,,米配棕色,,,M,,,,,3400018-BEIGEBROWN0222-M,0.0,shopify,2,continue,manual,830.00,,true,true,,,,,,https://www.chibataiwan.com/assets/products/cycling/3040018-retro/black-brown-1022/fitness__3040018__black-brown-1022__7effa2cb245ad899__3040018-1022-1.jpg,3,CHIBA Retro 經典復古款自行車手套 黑配棕色,,,,https://www.chibataiwan.com/assets/products/cycling/3040018-retro/beige-brown-0222/fitness__3040018__beige-brown-0222__2587e7ec888852f7__3040018-0222-1.jpg,kg,,,
chiba-3400018-cycling,,,,,,,,,米配棕色,,,L,,,,,3400018-BEIGEBROWN0222-L,0.0,shopify,2,continue,manual,830.00,,true,true,,,,,,https://www.chibataiwan.com/assets/products/cycling/3040018-retro/black-brown-1022/fitness__3040018__black-brown-1022__134d3196f3cffc44__3040018-1022-2.jpg,4,CHIBA Retro 經典復古款自行車手套 黑配棕色,,,,https://www.chibataiwan.com/assets/products/cycling/3040018-retro/beige-brown-0222/fitness__3040018__beige-brown-0222__2587e7ec888852f7__3040018-0222-1.jpg,kg,,,
chiba-3400018-cycling,,,,,,,,,米配棕色,,,XL,,,,,3400018-BEIGEBROWN0222-XL,0.0,shopify,2,continue,manual,830.00,,true,true,,,,,,,,,,,,https://www.chibataiwan.com/assets/products/cycling/3040018-retro/beige-brown-0222/fitness__3040018__beige-brown-0222__2587e7ec888852f7__3040018-0222-1.jpg,kg,,,
chiba-3400018-cycling,,,,,,,,,米配棕色,,,XXL,,,,,3400018-BEIGEBROWN0222-XXL,0.0,shopify,2,continue,manual,830.00,,true,true,,,,,,,,,,,,https://www.chibataiwan.com/assets/products/cycling/3040018-retro/beige-brown-0222/fitness__3040018__beige-brown-0222__2587e7ec888852f7__3040018-0222-1.jpg,kg,,,
chiba-3400018-cycling,,,,,,,,,黑配棕色,,,XS,,,,,3400018-BLACKBROWN1022-XS,0.0,shopify,2,continue,manual,830.00,,true,true,,,,,,,,,,,,https://www.chibataiwan.com/assets/products/cycling/3040018-retro/black-brown-1022/fitness__3040018__black-brown-1022__7effa2cb245ad899__3040018-1022-1.jpg,kg,,,
chiba-3400018-cycling,,,,,,,,,黑配棕色,,,S,,,,,3400018-BLACKBROWN1022-S,0.0,shopify,2,continue,manual,830.00,,true,true,,,,,,,,,,,,https://www.chibataiwan.com/assets/products/cycling/3040018-retro/black-brown-1022/fitness__3040018__black-brown-1022__7effa2cb245ad899__3040018-1022-1.jpg,kg,,,
chiba-3400018-cycling,,,,,,,,,黑配棕色,,,M,,,,,3400018-BLACKBROWN1022-M,0.0,shopify,2,continue,manual,830.00,,true,true,,,,,,,,,,,,https://www.chibataiwan.com/assets/products/cycling/3040018-retro/black-brown-1022/fitness__3040018__black-brown-1022__7effa2cb245ad899__3040018-1022-1.jpg,kg,,,
chiba-3400018-cycling,,,,,,,,,黑配棕色,,,L,,,,,3400018-BLACKBROWN1022-L,0.0,shopify,2,continue,manual,830.00,,true,true,,,,,,,,,,,,https://www.chibataiwan.com/assets/products/cycling/3040018-retro/black-brown-1022/fitness__3040018__black-brown-1022__7effa2cb245ad899__3040018-1022-1.jpg,kg,,,
chiba-3400018-cycling,,,,,,,,,黑配棕色,,,XL,,,,,3400018-BLACKBROWN1022-XL,0.0,shopify,2,continue,manual,830.00,,true,true,,,,,,,,,,,,https://www.chibataiwan.com/assets/products/cycling/3040018-retro/black-brown-1022/fitness__3040018__black-brown-1022__7effa2cb245ad899__3040018-1022-1.jpg,kg,,,
chiba-3400018-cycling,,,,,,,,,黑配棕色,,,XXL,,,,,3400018-BLACKBROWN1022-XXL,0.0,shopify,2,continue,manual,830.00,,true,true,,,,,,,,,,,,https://www.chibataiwan.com/assets/products/cycling/3040018-retro/black-brown-1022/fitness__3040018__black-brown-1022__7effa2cb245ad899__3040018-1022-1.jpg,kg,,,
